poliza_id,asegurado_id,nombre_asegurado,edad_tomador,producto,provincia,canal_venta,fecha_alta,fecha_baja,prima_anual,franquicia,anulada
POL100000,AS20000,Feliciano Valverde Vigil,60,AUTO,Alicante,correduria,2021-08-27,2022-11-24,455.69,450,True
POL100001,AS20001,Vasco Godoy Rivero,54,HOGAR,Madrid,online,2023-06-25,2024-04-01,274.72,300,True
POL100002,AS20002,Maite Tudela-Sainz,22,HOGAR,Valencia,agente,2023-07-02,,207.32,150,False
POL100003,AS20003,Abel de Cano,68,AUTO,Vizcaya,correduria,2023-02-28,,540.71,300,False
POL100004,AS20004,Sebastian Augusto Sancho Alberdi,76,AUTO,Vizcaya,correduria,2022-01-26,,589.46,450,False
POL100005,AS20005,Nidia Miralles Gallo,81,VIDA,Zaragoza,agente,2022-03-31,,329.97,0,False
POL100006,AS20006,Dionisia Oliveras Palacios,72,SALUD,Madrid,online,2023-07-01,,1157.03,0,False
POL100007,AS20007,Petrona Vilanova Benito,64,AUTO,Sevilla,correduria,2021-10-26,,497.02,600,False
POL100008,AS20008,Anunciación Manzano Maestre,53,HOGAR,Tarragona,telefono,2021-07-22,,236.19,0,False
POL100009,AS20009,Bibiana Mendizábal Amat,73,AUTO,A Coruna,online,2023-03-08,,582.99,300,False
POL100010,AS20010,Filomena Serra Roca,32,SALUD,Valencia,agente,2024-06-21,2025-07-13,896.1,0,True
POL100011,AS20011,Heraclio Valentín Carnero,29,SALUD,Madrid,online,2023-04-05,,697.08,0,False
POL100012,AS20012,Lilia Tudela Puig,24,HOGAR,Cantabria,agente,2021-11-12,,343.14,150,False
POL100013,AS20013,Dora Rivera,53,VIDA,Asturias,agente,2024-09-21,2025-03-15,332.18,0,True
POL100014,AS20014,Ángeles Tello-Vilalta,68,HOGAR,A Coruna,agente,2022-01-31,,362.35,0,False
POL100015,AS20015,Rosenda Amaya,80,VIDA,Zaragoza,agente,2021-11-04,,341.89,0,False
POL100016,AS20016,Consuelo Castelló-Avilés,64,AUTO,Tarragona,correduria,2023-07-30,,381.12,300,False
POL100017,AS20017,Victoria Calderon,39,AUTO,Madrid,correduria,2022-06-07,,500.07,600,False
POL100018,AS20018,Inés José Cisneros Toledo,26,AUTO,Zaragoza,correduria,2023-11-02,2026-02-17,457.96,450,True
POL100019,AS20019,Teodoro de Saura,29,AUTO,Sevilla,agente,2023-05-01,,616.05,450,False
POL100020,AS20020,Oriana Iglesias Quesada,72,HOGAR,Malaga,online,2021-04-23,,415.66,300,False
POL100021,AS20021,Leocadio Salomón Valls Tejero,58,AUTO,Malaga,agente,2023-03-15,,514.09,300,False
POL100022,AS20022,Iris Francisco Mariscal,53,HOGAR,Cantabria,telefono,2023-01-13,,315.7,150,False
POL100023,AS20023,Adalberto Aparicio-Conde,80,AUTO,Alicante,correduria,2022-07-06,,569.07,450,False
POL100024,AS20024,Jesusa Rosaura Yáñez Tovar,25,AUTO,A Coruna,correduria,2022-10-15,,442.66,300,False
POL100025,AS20025,Águeda Folch Juan,22,AUTO,Barcelona,telefono,2024-08-15,,448.77,150,False
POL100026,AS20026,Josefa Vidal Valencia,41,AUTO,Barcelona,online,2021-03-08,,352.5,150,False
POL100027,AS20027,Manuela Aragonés Manrique,67,HOGAR,Valencia,online,2021-03-20,,284.9,0,False
POL100028,AS20028,Jesusa Cabello Ríos,67,AUTO,Alicante,online,2021-05-15,,412.75,300,False
POL100029,AS20029,Dora Santamaría,76,AUTO,A Coruna,telefono,2022-04-27,,534.22,450,False
POL100030,AS20030,Ibán Tello Baró,80,AUTO,Asturias,correduria,2022-08-19,,398.13,150,False
POL100031,AS20031,Vito Valentín-Pellicer,73,VIDA,Zaragoza,agente,2023-10-03,,301.67,0,False
POL100032,AS20032,Cleto Reina Coll,24,VIDA,Girona,online,2021-05-13,,344.31,0,False
POL100033,AS20033,África Alcalá Briones,46,HOGAR,Malaga,agente,2021-12-09,,347.78,150,False
POL100034,AS20034,Jaime Blanco Flor,71,AUTO,Vizcaya,agente,2023-12-28,,422.69,150,False
POL100035,AS20035,Benito de Ledesma,83,SALUD,Tarragona,correduria,2024-09-09,,815.52,0,False
POL100036,AS20036,Calixta Adadia Millán,53,HOGAR,Asturias,correduria,2024-05-18,,320.28,300,False
POL100037,AS20037,Maricela Téllez-Cepeda,80,AUTO,Lleida,correduria,2022-01-04,,495.61,150,False
POL100038,AS20038,Consuelo del Castro,53,SALUD,Sevilla,agente,2024-09-06,,942.45,0,False
POL100039,AS20039,Valentina Nydia Vargas Manso,28,AUTO,A Coruna,telefono,2021-03-23,,472.3,600,False
POL100040,AS20040,Horacio Cuesta Cerdá,82,HOGAR,Malaga,online,2023-03-02,,255.29,300,False
POL100041,AS20041,Encarnación Vera-Requena,61,AUTO,Alicante,agente,2021-10-24,,353.93,150,False
POL100042,AS20042,Roxana Comas Viña,65,AUTO,Lleida,telefono,2023-08-16,,490.61,450,False
POL100043,AS20043,Godofredo Alcalá,39,HOGAR,Alicante,agente,2024-01-26,,347.32,0,False
POL100044,AS20044,Guiomar Beltrán Aznar,47,AUTO,Alicante,agente,2021-06-17,,468.42,300,False
POL100045,AS20045,Mireia Osuna Amigó,38,HOGAR,Zaragoza,agente,2024-10-23,2024-12-21,195.38,0,True
POL100046,AS20046,José Mari Tamarit Mosquera,60,HOGAR,Alicante,correduria,2023-01-24,,252.37,300,False
POL100047,AS20047,Jafet Fermín Carrión Valenciano,38,AUTO,Cantabria,online,2024-12-05,,428.41,300,False
POL100048,AS20048,Marianela Donaire Correa,71,HOGAR,Malaga,correduria,2021-06-09,,311.98,150,False
POL100049,AS20049,Loreto Gabaldón-Roura,33,HOGAR,Madrid,correduria,2024-03-17,,259.42,0,False
POL100050,AS20050,Evangelina Jesusa Guijarro Baños,28,HOGAR,Barcelona,telefono,2022-03-23,,301.42,300,False
POL100051,AS20051,Gloria de Ferrán,66,AUTO,Baleares,correduria,2023-03-09,2024-03-08,466.59,450,True
POL100052,AS20052,Alonso Asensio Sans,39,AUTO,Madrid,online,2021-08-16,,331.96,300,False
POL100053,AS20053,Jose Antonio Almagro,42,HOGAR,Zaragoza,correduria,2022-07-06,,296.42,300,False
POL100054,AS20054,Mohamed Gil Villanueva,70,HOGAR,Madrid,correduria,2022-03-28,2022-06-01,195.21,300,True
POL100055,AS20055,Cecilio Estevez Porta,51,HOGAR,Baleares,agente,2021-10-04,,217.91,300,False
POL100056,AS20056,Ibán Ribas-Bermúdez,81,HOGAR,Madrid,correduria,2021-10-07,,238.49,300,False
POL100057,AS20057,Encarnación Exposito Núñez,63,AUTO,Cantabria,online,2022-10-14,,343.96,450,False
POL100058,AS20058,Eleuterio Simó Valenciano,52,AUTO,Girona,agente,2021-01-03,,642.11,600,False
POL100059,AS20059,Elvira Solsona Elorza,35,VIDA,Girona,online,2022-12-06,,314.38,0,False
POL100060,AS20060,Lorenza Toledo Sales,51,HOGAR,Alicante,agente,2021-06-26,,188.43,0,False
POL100061,AS20061,Juan José Zamorano Llanos,20,AUTO,Baleares,online,2021-03-29,,466.85,300,False
POL100062,AS20062,Teobaldo Gargallo Guardia,84,HOGAR,Valencia,agente,2022-07-25,,340.09,0,False
POL100063,AS20063,Arturo Santos Murillo,63,AUTO,Baleares,correduria,2021-12-23,,485.2,600,False
POL100064,AS20064,Magdalena Esparza Amores,22,SALUD,Cantabria,agente,2022-08-16,,925.98,0,False
POL100065,AS20065,Soraya Crespo Ortiz,43,SALUD,Zaragoza,agente,2024-11-06,2026-09-18,664.25,0,True
POL100066,AS20066,Noelia de Canals,31,AUTO,Girona,correduria,2023-05-20,,404.42,600,False
POL100067,AS20067,Otilia Elisa Garmendia Mariño,19,AUTO,Madrid,online,2022-05-20,,319.18,600,False
POL100068,AS20068,Edelmira Cazorla-Cadenas,76,HOGAR,Valencia,agente,2022-08-05,,316.47,0,False
POL100069,AS20069,Atilio Rubio-Donoso,33,AUTO,Cantabria,agente,2021-06-06,,447.35,450,False
POL100070,AS20070,Octavio Barrena Palacio,81,HOGAR,Vizcaya,online,2022-08-11,,340.56,0,False
POL100071,AS20071,Mohamed Camino Velázquez,33,AUTO,Lleida,correduria,2021-03-25,,407.12,600,False
POL100072,AS20072,Eliana Bartolomé Manuel,46,VIDA,A Coruna,agente,2024-05-19,,313.66,0,False
POL100073,AS20073,Candelaria Julián Jaén,72,SALUD,Asturias,correduria,2023-08-26,,727.86,0,False
POL100074,AS20074,Adrián Requena Jimenez,55,VIDA,Zaragoza,agente,2024-10-14,,314.3,0,False
POL100075,AS20075,Adoración Barceló Bárcena,24,HOGAR,Barcelona,online,2021-08-07,,228.64,300,False
POL100076,AS20076,Aitor del Casado,45,AUTO,Tarragona,agente,2022-03-23,,390.08,450,False
POL100077,AS20077,Olegario Ordóñez Miró,52,SALUD,Lleida,correduria,2023-03-05,2023-04-16,754.3,0,True
POL100078,AS20078,María Dolores Arellano Quintero,23,AUTO,Baleares,correduria,2023-01-12,,361.33,150,False
POL100079,AS20079,María Fernanda Garriga Sevillano,73,AUTO,Lleida,agente,2024-12-12,,550.49,600,False
POL100080,AS20080,Nicolasa Carreras Perelló,24,AUTO,Barcelona,correduria,2021-04-26,,433.12,150,False
POL100081,AS20081,Nieves Infante,69,HOGAR,Lleida,correduria,2024-02-03,,285.57,300,False
POL100082,AS20082,Emelina Palacio Barco,45,HOGAR,Tarragona,telefono,2023-02-14,,306.15,150,False
POL100083,AS20083,Valeria Alvarez Lucena,43,AUTO,Cantabria,online,2023-12-05,,496.28,150,False
POL100084,AS20084,Ema Carvajal Martinez,31,AUTO,Malaga,online,2022-02-21,,419.97,600,False
POL100085,AS20085,Esther Almagro Noriega,80,HOGAR,Asturias,agente,2024-12-02,,367.29,0,False
POL100086,AS20086,Lisandro Barba,75,HOGAR,Vizcaya,agente,2024-08-03,,243.87,300,False
POL100087,AS20087,Ceferino Casado Carrasco,70,HOGAR,Asturias,agente,2021-10-28,,245.14,300,False
POL100088,AS20088,Bernardino Yáñez Pablo,60,HOGAR,Alicante,agente,2022-08-14,,276.72,300,False
POL100089,AS20089,Miriam Morena Matas Andrade,23,VIDA,Malaga,online,2022-03-26,2024-01-04,343.72,0,True
POL100090,AS20090,Marina Cases Palacio,73,SALUD,Tarragona,correduria,2021-05-31,,1002.57,0,False
POL100091,AS20091,Fátima Pi Heras,79,AUTO,Valencia,correduria,2023-11-07,,480.77,600,False
POL100092,AS20092,Narcisa Gimenez Casares,38,SALUD,A Coruna,agente,2022-05-27,,680.04,0,False
POL100093,AS20093,Kike Andrade Puente,78,VIDA,Alicante,online,2024-06-20,,305.9,0,False
POL100094,AS20094,Rubén Coloma-Gracia,78,HOGAR,Lleida,correduria,2022-06-23,,337.3,0,False
POL100095,AS20095,Adán Lloret Tejero,72,HOGAR,Barcelona,agente,2023-05-20,,312.91,300,False
POL100096,AS20096,Dulce Miranda Chacón,18,HOGAR,Baleares,online,2021-02-21,,238.91,150,False
POL100097,AS20097,Anunciación Escobar-Arellano,67,SALUD,Girona,online,2022-06-12,,844.44,0,False
POL100098,AS20098,Salud Lara,76,AUTO,Tarragona,telefono,2024-07-09,,451.66,450,False
POL100099,AS20099,Melisa Viña Moll,27,HOGAR,Zaragoza,online,2022-10-12,,151.81,300,False
POL100100,AS20100,Nando Alberdi Herrero,33,VIDA,Sevilla,correduria,2021-12-19,,207.82,0,False
POL100101,AS20101,Amparo Girona Verdugo,51,AUTO,Barcelona,telefono,2023-09-22,,414.46,300,False
POL100102,AS20102,Ramón Pujol Palomino,77,HOGAR,Asturias,agente,2022-12-21,2025-05-31,270.31,150,True
POL100103,AS20103,Lisandro del Nuñez,27,AUTO,Cantabria,agente,2024-10-12,2025-02-21,381.2,450,True
POL100104,AS20104,Glauco Palomar,46,VIDA,Madrid,correduria,2022-04-18,,330.18,0,False
POL100105,AS20105,Merche Seco Sáez,34,AUTO,Alicante,online,2021-06-05,,454.29,600,False
POL100106,AS20106,Esperanza Expósito-Cuadrado,82,HOGAR,Asturias,online,2024-05-29,,283.87,300,False
POL100107,AS20107,Calista Tormo Adadia,60,VIDA,Baleares,online,2024-11-01,,314.07,0,False
POL100108,AS20108,Ruth Zabala Real,40,HOGAR,A Coruna,correduria,2022-02-06,,265.78,150,False
POL100109,AS20109,Miguel Duque Blasco,69,AUTO,A Coruna,correduria,2021-06-12,,648.8,300,False
POL100110,AS20110,Gilberto Leandro Landa Cervera,62,HOGAR,Madrid,correduria,2022-11-13,,288.75,0,False
POL100111,AS20111,Vito Alfaro Gaya,40,AUTO,Malaga,online,2021-09-11,,251.38,600,False
POL100112,AS20112,Encarnita Arribas-Pozuelo,73,HOGAR,Valencia,agente,2023-02-07,2023-07-07,236.01,150,True
POL100113,AS20113,Lupita Villalonga Cruz,28,AUTO,Sevilla,correduria,2022-10-17,,503.16,300,False
POL100114,AS20114,Aránzazu Boada,43,AUTO,Sevilla,agente,2022-11-01,,316.17,300,False
POL100115,AS20115,Quique Porras Múgica,83,AUTO,Tarragona,online,2021-08-04,,473.15,450,False
POL100116,AS20116,Dorita del Arnaiz,76,AUTO,Valencia,online,2024-06-14,,468.05,450,False
POL100117,AS20117,Narcisa Falcó-Cámara,31,HOGAR,Valencia,agente,2023-03-20,,205.91,0,False
POL100118,AS20118,Eusebio Kike Machado Palau,60,AUTO,Zaragoza,agente,2024-04-10,,376.5,450,False
POL100119,AS20119,Guillermo Fabregat Agustí,21,HOGAR,Cantabria,online,2022-09-10,2023-01-11,278.73,0,True
POL100120,AS20120,Miriam Julia Rocamora Pagès,46,HOGAR,Vizcaya,correduria,2023-04-18,,211.33,0,False
POL100121,AS20121,Carlota de Escobar,32,VIDA,Baleares,online,2022-02-04,,406.6,0,False
POL100122,AS20122,Luz Coca Céspedes,47,AUTO,A Coruna,correduria,2024-11-18,,319.7,150,False
POL100123,AS20123,Vicente Carnero Villa,29,AUTO,A Coruna,agente,2024-06-12,,447.06,600,False
POL100124,AS20124,Tadeo Perera Bartolomé,40,AUTO,Sevilla,agente,2024-10-22,,455.18,300,False
POL100125,AS20125,Encarna Garzón Correa,61,AUTO,Tarragona,agente,2022-07-26,,397.43,450,False
POL100126,AS20126,María Jesús Diana Castañeda Camino,32,HOGAR,Cantabria,agente,2024-01-22,,186.27,300,False
POL100127,AS20127,Julieta Campo Beltran,75,VIDA,Sevilla,online,2024-03-06,,428.77,0,False
POL100128,AS20128,Dorotea Mata Carpio,30,HOGAR,Madrid,agente,2024-08-04,,245.92,300,False
POL100129,AS20129,Juana Valenzuela Carrillo,56,HOGAR,Vizcaya,telefono,2022-01-04,,248.53,300,False
POL100130,AS20130,Lorenza de Palmer,39,SALUD,Asturias,agente,2022-01-22,,907.63,0,False
POL100131,AS20131,África Ochoa Blanch,75,HOGAR,Lleida,agente,2024-01-17,,250.04,300,False
POL100132,AS20132,Roque Bonilla Uría,26,HOGAR,Cantabria,correduria,2021-05-06,,246.21,150,False
POL100133,AS20133,Eligio Renato Gonzalez Diéguez,59,VIDA,Sevilla,agente,2021-03-26,,264.74,0,False
POL100134,AS20134,Iris Velasco Mármol,21,AUTO,A Coruna,agente,2024-04-08,,516.16,450,False
POL100135,AS20135,Yésica Uriarte Quintana,25,HOGAR,Malaga,agente,2023-08-06,,196.6,300,False
POL100136,AS20136,Carmen Ferrándiz Sierra,55,HOGAR,Girona,correduria,2024-11-27,,387.69,300,False
POL100137,AS20137,Toribio del Ordóñez,42,VIDA,Cantabria,agente,2023-11-07,,304.74,0,False
POL100138,AS20138,Selena Pizarro Garcia,18,AUTO,Lleida,agente,2022-09-01,,342.9,150,False
POL100139,AS20139,Ismael Castell Rosado,83,HOGAR,Alicante,correduria,2022-07-14,,223.89,150,False
POL100140,AS20140,Fidel Carranza-Montero,38,HOGAR,Madrid,correduria,2023-05-26,,277.85,0,False
POL100141,AS20141,Sosimo Sales-Lago,50,AUTO,Madrid,online,2024-05-02,,463.26,150,False
POL100142,AS20142,Leandro Ledesma Guillén,36,AUTO,Alicante,agente,2023-10-03,,465.27,300,False
POL100143,AS20143,Bienvenida Casal Leal,27,AUTO,Malaga,agente,2023-07-04,,427.74,300,False
POL100144,AS20144,Lucio Jenaro Quero Pulido,59,SALUD,Asturias,correduria,2024-05-20,,794.93,0,False
POL100145,AS20145,Leonardo Mur Recio,23,AUTO,Sevilla,correduria,2022-03-18,2024-08-23,243.38,450,True
POL100146,AS20146,Arcelia Uría Villanueva,60,AUTO,Madrid,online,2024-11-19,,413.5,600,False
POL100147,AS20147,Ibán Ortuño,59,AUTO,Barcelona,agente,2024-02-22,,520.41,150,False
POL100148,AS20148,América Pulido Duran,73,AUTO,Asturias,agente,2021-07-14,,590.72,450,False
POL100149,AS20149,Eliseo Iniesta Castrillo,76,AUTO,Cantabria,correduria,2022-06-01,,548.56,150,False
POL100150,AS20150,Marina Ribera Tamarit,81,SALUD,Sevilla,correduria,2022-05-31,,935.32,0,False
POL100151,AS20151,Evelia Albero Arcos,63,AUTO,Alicante,correduria,2022-04-09,,465.58,150,False
POL100152,AS20152,Maximino de Leiva,34,HOGAR,Zaragoza,online,2021-12-01,,230.42,150,False
POL100153,AS20153,Agustina Gallart Sebastián,78,AUTO,Alicante,correduria,2022-07-19,,259.78,450,False
POL100154,AS20154,Eliana Peiró,56,HOGAR,Barcelona,correduria,2022-06-27,,307.31,150,False
POL100155,AS20155,Leopoldo Expósito Alberdi,45,AUTO,Barcelona,telefono,2024-02-13,,467.94,450,False
POL100156,AS20156,Casemiro Murcia Gimenez,67,VIDA,Malaga,agente,2022-09-01,,366.67,0,False
POL100157,AS20157,Clarisa Donaire Mendoza,30,AUTO,Malaga,agente,2023-12-06,,376.64,450,False
POL100158,AS20158,Loreto Rincón Vélez,20,AUTO,Barcelona,online,2022-01-30,,450.67,300,False
POL100159,AS20159,Manuelita Cañas-Campoy,46,VIDA,Madrid,correduria,2023-03-28,,335.03,0,False
POL100160,AS20160,Elpidio Rivas Arribas,57,HOGAR,Lleida,online,2023-04-08,,259.78,300,False
POL100161,AS20161,Leonardo Vilanova Guardia,57,AUTO,Barcelona,agente,2024-11-07,,405.96,450,False
POL100162,AS20162,Máxima Nogueira Nuñez,57,AUTO,Madrid,correduria,2022-11-09,,444.43,600,False
POL100163,AS20163,Ester Tena Jara,46,VIDA,A Coruna,online,2023-08-02,,315.4,0,False
POL100164,AS20164,Verónica Morillo Ibáñez,32,AUTO,Baleares,agente,2022-08-05,,262.12,450,False
POL100165,AS20165,Modesto Trillo Cañas,80,AUTO,Asturias,agente,2022-08-24,2024-11-13,524.01,600,True
POL100166,AS20166,Jose Angel Paz Izaguirre,75,SALUD,Alicante,online,2022-09-24,,772.02,0,False
POL100167,AS20167,Chita Pedrero Llanos,44,AUTO,Sevilla,agente,2024-04-10,,498.55,450,False
POL100168,AS20168,Soledad Páez,79,AUTO,Tarragona,correduria,2023-08-05,,649.01,600,False
POL100169,AS20169,César Luis Ángel Balaguer Reig,35,HOGAR,Vizcaya,agente,2023-07-01,,146.81,150,False
POL100170,AS20170,Primitivo Verdú Martín,70,AUTO,Valencia,agente,2021-04-15,,549.85,450,False
POL100171,AS20171,María Manuela Botella Vergara,32,AUTO,Alicante,online,2024-03-04,,372.03,450,False
POL100172,AS20172,María Morcillo,79,HOGAR,Vizcaya,online,2022-11-22,,298.8,300,False
POL100173,AS20173,Ester Nicolás Palomino,74,SALUD,Girona,online,2023-09-10,,724.73,0,False
POL100174,AS20174,Antonio Díaz Jiménez,43,SALUD,Zaragoza,online,2022-11-26,,814.97,0,False
POL100175,AS20175,Loreto Piñol,56,AUTO,Asturias,correduria,2024-07-27,,474.77,600,False
POL100176,AS20176,Óscar Garmendia Andres,59,VIDA,Lleida,agente,2023-07-05,,477.67,0,False
POL100177,AS20177,Dalila Gallego Romeu,57,AUTO,Valencia,agente,2024-10-14,,413.69,600,False
POL100178,AS20178,Tatiana Zurita,49,VIDA,Zaragoza,telefono,2022-06-12,,271.88,0,False
POL100179,AS20179,José Ángel Galván Lillo,41,AUTO,Girona,online,2024-11-19,,277.33,450,False
POL100180,AS20180,Bernarda Moreno Parra,57,HOGAR,Baleares,agente,2022-11-17,,248.33,0,False
POL100181,AS20181,Luisina Fajardo Cornejo,57,HOGAR,Asturias,online,2024-02-04,,291.33,150,False
POL100182,AS20182,Mamen Ofelia Coronado Cobo,21,VIDA,A Coruna,agente,2022-05-25,2023-08-16,166.72,0,True
POL100183,AS20183,Sabas Barriga Aramburu,37,SALUD,A Coruna,correduria,2024-07-18,,619.19,0,False
POL100184,AS20184,Ruperto Marí-Escamilla,57,AUTO,Zaragoza,agente,2024-02-20,,448.5,300,False
POL100185,AS20185,Eliseo Palacios Castellanos,18,HOGAR,Zaragoza,correduria,2022-02-28,2023-10-06,183.41,0,True
POL100186,AS20186,Carla Estévez Baeza,42,HOGAR,Zaragoza,agente,2021-03-20,,309.79,300,False
POL100187,AS20187,Noé Correa Riba,72,AUTO,Barcelona,agente,2024-04-01,,464.93,300,False
POL100188,AS20188,Laura Zaira Andres Mas,69,HOGAR,Girona,online,2022-05-12,2023-03-21,290.39,0,True
POL100189,AS20189,José Ángel del Briones,62,AUTO,A Coruna,correduria,2024-09-25,,408.06,600,False
POL100190,AS20190,Nieves Ramírez Cortina,63,AUTO,Malaga,online,2023-11-14,,398.03,300,False
POL100191,AS20191,Blanca Verdejo Arjona,47,HOGAR,Vizcaya,online,2022-10-01,,340.67,0,False
POL100192,AS20192,Adelaida Barragán Busquets,40,HOGAR,A Coruna,correduria,2023-06-01,,242.73,300,False
POL100193,AS20193,Maristela Jimenez Mulet,41,HOGAR,Malaga,correduria,2021-09-04,,192.82,300,False
POL100194,AS20194,Ceferino Vaquero Feijoo,60,HOGAR,Vizcaya,online,2023-04-01,,275.07,0,False
POL100195,AS20195,Héctor Rosselló Flores,49,HOGAR,Malaga,correduria,2021-12-23,2022-09-16,292.33,150,True
POL100196,AS20196,Dionisio Gomila Urrutia,68,SALUD,Cantabria,correduria,2021-09-19,,984.04,0,False
POL100197,AS20197,Gilberto Cuadrado,81,AUTO,Madrid,correduria,2022-11-11,,564.09,450,False
POL100198,AS20198,Tomasa del Rocha,70,AUTO,Sevilla,agente,2022-01-26,,559.21,450,False
POL100199,AS20199,Tatiana Parejo Gallart,31,AUTO,Malaga,telefono,2021-06-22,,434.01,450,False
POL100200,AS20200,Maxi Rafael Saez Tirado,65,VIDA,Baleares,correduria,2023-01-27,,323.26,0,False
POL100201,AS20201,Valentín Galván Ferrán,67,HOGAR,A Coruna,agente,2024-01-04,,284.23,0,False
POL100202,AS20202,Reyes Bermúdez Otero,55,AUTO,Barcelona,correduria,2022-12-24,,567.62,600,False
POL100203,AS20203,Noemí Camila Cardona Dueñas,64,HOGAR,Cantabria,correduria,2021-12-22,,283.43,0,False
POL100204,AS20204,Miguel Ángel Rosselló,53,VIDA,Malaga,correduria,2023-03-14,,381.49,0,False
POL100205,AS20205,Vinicio Roman,66,VIDA,Baleares,agente,2021-05-11,,413.57,0,False
POL100206,AS20206,Leocadio Coca Leiva,82,AUTO,Sevilla,agente,2023-03-02,,380.87,150,False
POL100207,AS20207,Rafael Germán Puig Agustí,43,AUTO,Malaga,correduria,2022-11-17,,457.15,600,False
POL100208,AS20208,Loreto Seguí Llano,32,VIDA,Asturias,online,2023-05-03,,259.13,0,False
POL100209,AS20209,Lara Cervera Campos,23,VIDA,Baleares,online,2022-06-10,,210.43,0,False
POL100210,AS20210,Lino Girón Palomar,51,AUTO,Barcelona,telefono,2021-12-22,,369.08,600,False
POL100211,AS20211,Florinda Asensio Morera,66,HOGAR,Alicante,online,2021-03-29,,312.29,300,False
POL100212,AS20212,Néstor Bermúdez-Serra,54,AUTO,Alicante,agente,2021-08-28,,567.26,150,False
POL100213,AS20213,Fanny Zaragoza Cabello,63,AUTO,Zaragoza,agente,2022-10-30,,500.93,300,False
POL100214,AS20214,Eusebio Arcos-Bernat,79,AUTO,A Coruna,telefono,2023-05-04,,522.25,600,False
POL100215,AS20215,Alondra Becerra-Álamo,81,AUTO,Vizcaya,agente,2021-11-12,,469.75,600,False
POL100216,AS20216,Marcela Camps Pomares,46,AUTO,Vizcaya,correduria,2022-11-03,,402.42,300,False
POL100217,AS20217,Jessica Tejero-Almeida,74,SALUD,Malaga,agente,2021-06-12,,677.66,0,False
POL100218,AS20218,Vidal Montalbán Cañizares,68,HOGAR,Zaragoza,correduria,2022-08-06,,251.4,300,False
POL100219,AS20219,Baldomero Pou Briones,64,AUTO,Zaragoza,online,2021-05-16,,436.71,300,False
POL100220,AS20220,Juanito Jara Alfaro,78,AUTO,Baleares,online,2021-12-11,,475.69,450,False
POL100221,AS20221,Reinaldo Belda Viñas,44,HOGAR,Baleares,agente,2023-08-05,,164.0,300,False
POL100222,AS20222,Quique Nadal Coronado,48,HOGAR,Alicante,online,2023-11-03,,229.06,150,False
POL100223,AS20223,Jonatan Dionisio Montserrat Solís,62,HOGAR,A Coruna,correduria,2024-03-02,,226.87,0,False
POL100224,AS20224,Heraclio de Vilaplana,77,AUTO,A Coruna,agente,2022-12-30,,541.55,300,False
POL100225,AS20225,Hortensia Armengol Torrijos,50,AUTO,Cantabria,agente,2021-07-19,,412.11,600,False
POL100226,AS20226,Manuel de Ródenas,72,HOGAR,Barcelona,correduria,2024-06-04,,369.42,300,False
POL100227,AS20227,Rodrigo Carballo,50,SALUD,Girona,agente,2023-11-01,,812.0,0,False
POL100228,AS20228,Juanita Pizarro-Tolosa,29,HOGAR,Vizcaya,correduria,2021-12-24,,195.8,150,False
POL100229,AS20229,Adriana Valenzuela,47,VIDA,Cantabria,online,2023-08-19,,371.97,0,False
POL100230,AS20230,Gregorio Aragón,78,AUTO,Tarragona,online,2021-01-27,,287.3,450,False
POL100231,AS20231,Josefa Checa,60,AUTO,Vizcaya,agente,2023-03-16,2023-10-22,484.74,300,True
POL100232,AS20232,Dionisio Tito Vázquez Mir,28,VIDA,Zaragoza,online,2021-01-28,,302.34,0,False
POL100233,AS20233,Rodolfo Rosales-Amo,44,HOGAR,A Coruna,agente,2023-03-12,,321.19,300,False
POL100234,AS20234,María Cristina Vizcaíno Delgado,54,HOGAR,Asturias,agente,2022-10-22,,357.75,150,False
POL100235,AS20235,Azucena Pedrosa,23,AUTO,Cantabria,online,2023-10-30,,285.51,600,False
POL100236,AS20236,Lázaro Benitez,72,AUTO,Valencia,agente,2021-05-21,,387.32,600,False
POL100237,AS20237,Carlota del Ramirez,49,HOGAR,Asturias,agente,2021-11-10,,189.24,300,False
POL100238,AS20238,Salvador Camacho Ricart,81,AUTO,Barcelona,agente,2023-07-10,,438.24,300,False
POL100239,AS20239,Adela Hidalgo Ferrándiz,36,AUTO,Zaragoza,correduria,2022-02-20,2023-06-28,369.82,300,True
POL100240,AS20240,Eleuterio Dominguez Zamorano,18,VIDA,Asturias,agente,2021-05-30,,275.48,0,False
POL100241,AS20241,Yago Perelló-Blazquez,46,SALUD,Malaga,correduria,2022-12-28,,930.01,0,False
POL100242,AS20242,Celso Arce-Gil,84,SALUD,Cantabria,online,2024-12-30,,815.58,0,False
POL100243,AS20243,Azahar del Aranda,44,HOGAR,Lleida,online,2023-11-07,,263.96,150,False
POL100244,AS20244,Vera Solera Villalba,34,AUTO,Alicante,correduria,2022-08-23,,287.16,600,False
POL100245,AS20245,Virgilio Falcón Tirado,69,AUTO,Vizcaya,agente,2021-12-07,,532.09,600,False
POL100246,AS20246,Esteban Bou Diéguez,74,HOGAR,Tarragona,online,2021-05-27,,323.61,300,False
POL100247,AS20247,Emilio Fuentes Aguilar,83,AUTO,Barcelona,agente,2021-10-22,,499.33,150,False
POL100248,AS20248,Martin Mohamed Arranz Soto,39,AUTO,Valencia,online,2021-12-11,,488.99,300,False
POL100249,AS20249,Andrés Felipe Diez-Villanueva,31,AUTO,Cantabria,correduria,2023-01-13,,400.88,450,False
POL100250,AS20250,Luz Gárate-Valbuena,35,SALUD,Malaga,correduria,2021-07-18,,899.81,0,False
POL100251,AS20251,Kike Ortiz Gracia,35,AUTO,Vizcaya,agente,2022-07-26,,418.68,150,False
POL100252,AS20252,Georgina del Bonilla,36,AUTO,A Coruna,online,2021-01-18,,524.22,300,False
POL100253,AS20253,Alcides de Reyes,22,SALUD,Sevilla,correduria,2024-11-16,,627.0,0,False
POL100254,AS20254,Manu Borrás Sainz,31,HOGAR,Malaga,online,2023-05-17,,284.28,0,False
POL100255,AS20255,Carmina Carlota Gálvez Cózar,72,HOGAR,Tarragona,correduria,2022-11-29,,246.77,300,False
POL100256,AS20256,Chus del Pulido,30,AUTO,Barcelona,agente,2022-03-21,,406.36,300,False
POL100257,AS20257,Mohamed Domingo-Solé,45,SALUD,Baleares,online,2023-12-08,,708.08,0,False
POL100258,AS20258,Agapito Ocaña Benavente,74,SALUD,Tarragona,agente,2022-08-08,,805.19,0,False
POL100259,AS20259,Loreto Villanueva Hervia,22,HOGAR,Malaga,online,2021-05-20,,208.69,300,False
POL100260,AS20260,Tomasa Company Mora,50,SALUD,Barcelona,agente,2021-03-17,,893.93,0,False
POL100261,AS20261,Jose Miguel Carlos Chamorro,77,HOGAR,Tarragona,agente,2022-02-26,2023-09-30,370.66,150,True
POL100262,AS20262,Santos Pino Borrás,52,AUTO,Baleares,online,2021-09-04,,535.18,150,False
POL100263,AS20263,Mayte Riquelme Nevado,50,VIDA,Sevilla,telefono,2024-12-21,,397.49,0,False
POL100264,AS20264,Felipa Blanco,32,HOGAR,Tarragona,telefono,2022-04-28,2024-06-29,221.46,0,True
POL100265,AS20265,Ainara Iniesta-Gárate,79,AUTO,Lleida,online,2024-02-29,,496.36,150,False
POL100266,AS20266,Gonzalo Hierro Mateu,55,HOGAR,Tarragona,agente,2022-08-03,,207.7,150,False
POL100267,AS20267,Nereida Maricruz Escobar Melero,31,AUTO,Vizcaya,online,2024-04-13,,381.33,300,False
POL100268,AS20268,Adelina de Noriega,66,VIDA,Zaragoza,correduria,2023-11-27,,276.58,0,False
POL100269,AS20269,Pepe Sedano Caballero,49,HOGAR,Zaragoza,correduria,2021-07-12,2024-01-10,279.92,300,True
POL100270,AS20270,Nazaret del Cuenca,25,AUTO,Cantabria,online,2022-05-02,,394.97,450,False
POL100271,AS20271,Lidia Úrsula Tejera Carbajo,32,SALUD,Barcelona,online,2024-03-23,,718.76,0,False
POL100272,AS20272,Bernardo Acosta Álamo,47,SALUD,Cantabria,telefono,2024-10-15,,855.61,0,False
POL100273,AS20273,Candelario Herminio Iniesta Almagro,56,HOGAR,Malaga,agente,2022-09-07,,292.68,0,False
POL100274,AS20274,María Fernanda Marqués Contreras,73,AUTO,Girona,correduria,2022-03-03,2025-02-28,419.11,450,True
POL100275,AS20275,Melisa Adadia Saldaña,81,HOGAR,Madrid,agente,2021-03-05,2023-07-27,271.03,150,True
POL100276,AS20276,Azucena Bárcena-Gordillo,60,AUTO,Barcelona,online,2022-11-01,,454.64,150,False
POL100277,AS20277,Isidora Bayo Plaza,67,AUTO,Malaga,telefono,2022-07-24,,504.88,450,False
POL100278,AS20278,Isidoro Saldaña-Martorell,80,AUTO,Malaga,correduria,2024-11-09,,437.7,300,False
POL100279,AS20279,Jacinto Reguera-Soria,41,AUTO,A Coruna,agente,2023-09-24,,499.4,150,False
POL100280,AS20280,Tito Faustino Diéguez Cal,34,VIDA,Girona,telefono,2022-08-21,,220.31,0,False
POL100281,AS20281,Maite Ale Fuente Garcés,54,AUTO,Tarragona,online,2022-09-26,,477.72,450,False
POL100282,AS20282,Pelayo Ricardo Quintanilla Gomila,36,AUTO,Vizcaya,agente,2022-02-28,,437.2,600,False
POL100283,AS20283,Caridad Cadenas Gras,29,HOGAR,Malaga,agente,2023-03-20,,192.82,300,False
POL100284,AS20284,Belen Naranjo Prat,57,VIDA,Girona,online,2024-04-05,,361.23,0,False
POL100285,AS20285,Mario Mateo,49,VIDA,A Coruna,agente,2024-10-16,,393.36,0,False
POL100286,AS20286,Lupita del Lago,84,HOGAR,Girona,agente,2022-07-24,,444.19,300,False
POL100287,AS20287,Teresita Santamaria Herrera,55,SALUD,Vizcaya,correduria,2021-05-23,,762.39,0,False
POL100288,AS20288,José Manuel Matas Arcos,42,HOGAR,Malaga,agente,2024-08-11,,268.28,0,False
POL100289,AS20289,Sara Chelo Mas Doménech,80,VIDA,Lleida,correduria,2023-02-28,,253.58,0,False
POL100290,AS20290,Nazaret Casares Salgado,36,AUTO,Zaragoza,online,2021-06-02,,387.42,450,False
POL100291,AS20291,Mercedes Valdés Barranco,69,AUTO,A Coruna,agente,2021-10-17,,486.48,600,False
POL100292,AS20292,Encarnita Paz Arce Vilaplana,41,SALUD,A Coruna,correduria,2021-07-19,,838.49,0,False
POL100293,AS20293,Mar Martí Riba,71,AUTO,Alicante,agente,2023-12-12,,243.0,600,False
POL100294,AS20294,Onofre del Velasco,46,HOGAR,Vizcaya,agente,2022-05-03,,178.37,0,False
POL100295,AS20295,Selena Orozco Porras,50,HOGAR,Girona,telefono,2022-07-05,,389.78,0,False
POL100296,AS20296,Constanza Alcalde,28,AUTO,Vizcaya,online,2023-06-01,2025-10-18,478.67,600,True
POL100297,AS20297,Lucila Román Ponce,47,AUTO,Zaragoza,correduria,2024-05-08,2025-03-25,440.49,600,True
POL100298,AS20298,Violeta Yéssica Pascual Hervás,75,HOGAR,Sevilla,correduria,2024-02-11,,334.63,300,False
POL100299,AS20299,Marisol del Palacio,40,HOGAR,Asturias,correduria,2023-03-24,,219.95,150,False
POL100300,AS20300,Balduino Guzman Garrido,25,HOGAR,Asturias,agente,2022-12-31,,255.81,300,False
POL100301,AS20301,Jose Luis Prada Suárez,21,AUTO,Asturias,agente,2023-04-17,,272.95,150,False
POL100302,AS20302,Isaac Vilalta Falcó,62,AUTO,Madrid,online,2024-03-07,,368.33,450,False
POL100303,AS20303,Ale Blazquez Cadenas,37,HOGAR,Sevilla,online,2024-10-16,,292.45,0,False
POL100304,AS20304,César Puga Casal,27,AUTO,Sevilla,correduria,2022-08-02,,358.37,600,False
POL100305,AS20305,María Carmen Oliver Villalobos,31,AUTO,Tarragona,online,2023-12-29,,530.25,600,False
POL100306,AS20306,Horacio Gutierrez Montesinos,67,HOGAR,Baleares,online,2021-05-13,,230.94,150,False
POL100307,AS20307,Vidal Abel Caballero Batalla,53,AUTO,Madrid,telefono,2021-10-23,,396.47,600,False
POL100308,AS20308,Mónica Contreras Serna,20,HOGAR,Tarragona,agente,2022-09-18,,180.68,300,False
POL100309,AS20309,Ariel Camacho Farré,62,AUTO,Girona,agente,2024-07-18,2024-10-05,552.24,450,True
POL100310,AS20310,Teodora del Nogueira,33,AUTO,A Coruna,telefono,2021-12-07,,445.69,150,False
POL100311,AS20311,Carolina Beatriz Bolaños Olivares,72,VIDA,Cantabria,correduria,2022-02-03,,428.8,0,False
POL100312,AS20312,Carlito del Solano,73,HOGAR,Valencia,online,2021-04-23,,231.08,0,False
POL100313,AS20313,Ángel Roda Castro,49,VIDA,Tarragona,agente,2022-12-03,2023-01-05,330.46,0,True
POL100314,AS20314,Agustín Silva Rocha,74,VIDA,Valencia,correduria,2022-12-12,,342.96,0,False
POL100315,AS20315,Ismael Valenciano Barriga,81,AUTO,Vizcaya,online,2021-12-26,,462.97,150,False
POL100316,AS20316,Juanita Ortega Cabello,59,AUTO,Alicante,online,2021-08-04,,533.75,600,False
POL100317,AS20317,Herminio Escudero Roman,48,HOGAR,Malaga,online,2022-05-18,,237.99,150,False
POL100318,AS20318,Edu Zamora Hurtado,69,AUTO,Girona,agente,2023-05-20,2025-08-11,488.41,450,True
POL100319,AS20319,Asunción Olmo Domingo,65,AUTO,Cantabria,agente,2021-09-23,2022-01-22,516.55,300,True
POL100320,AS20320,Tiburcio Cifuentes Meléndez,51,VIDA,Girona,online,2024-09-19,,409.12,0,False
POL100321,AS20321,Román Royo-Calatayud,23,VIDA,Malaga,agente,2023-09-15,,167.71,0,False
POL100322,AS20322,Germán de Reguera,80,AUTO,Asturias,correduria,2024-11-17,,446.09,150,False
POL100323,AS20323,Luis Lamas Montaña,32,HOGAR,Malaga,correduria,2024-12-26,,226.97,0,False
POL100324,AS20324,Tecla Mercader Guillén,26,HOGAR,Girona,agente,2022-01-27,,237.31,0,False
POL100325,AS20325,Luciana Carolina Álamo Rius,55,HOGAR,Vizcaya,agente,2024-02-25,,296.41,0,False
POL100326,AS20326,Ale Infante-Águila,75,AUTO,Valencia,telefono,2024-07-05,2026-03-31,420.62,450,True
POL100327,AS20327,Ema Reyes Juliá,31,HOGAR,Lleida,agente,2021-12-03,2023-10-27,289.98,0,True
POL100328,AS20328,Paulino Sala,66,VIDA,Cantabria,correduria,2023-01-27,,432.76,0,False
POL100329,AS20329,Gastón Villar Mendizábal,70,VIDA,Madrid,online,2023-05-26,,281.37,0,False
POL100330,AS20330,Fabricio Canet-Huerta,81,AUTO,Cantabria,telefono,2022-12-03,,484.45,300,False
POL100331,AS20331,Álvaro Figuerola Nebot,46,VIDA,Zaragoza,online,2023-01-10,,398.23,0,False
POL100332,AS20332,Pascuala Casado Navarro,23,AUTO,Vizcaya,agente,2021-04-11,,258.85,300,False
POL100333,AS20333,Miriam Rodrigo Serrano,27,HOGAR,A Coruna,online,2021-10-29,,166.49,150,False
POL100334,AS20334,Florina Nereida Campillo Peralta,61,HOGAR,Zaragoza,correduria,2022-08-04,,230.99,0,False
POL100335,AS20335,Priscila Santamaría Morata,69,AUTO,Valencia,agente,2023-10-26,,471.67,150,False
POL100336,AS20336,Florinda Palma-Alcaraz,48,VIDA,Baleares,agente,2022-09-15,,232.64,0,False
POL100337,AS20337,Gabriela Orozco Iglesias,72,HOGAR,Vizcaya,agente,2024-07-29,,260.3,300,False
POL100338,AS20338,Adelina Palomino Reyes,19,SALUD,Barcelona,correduria,2024-10-10,2025-07-10,852.48,0,True
POL100339,AS20339,Amada Alvarado Mariscal,22,SALUD,Girona,agente,2021-04-14,,699.93,0,False
POL100340,AS20340,Macaria de Carmona,63,SALUD,Vizcaya,agente,2022-04-29,2023-10-15,736.45,0,True
POL100341,AS20341,Iris Jurado Plana,36,SALUD,Sevilla,correduria,2024-01-02,,915.34,0,False
POL100342,AS20342,Zacarías Toni Jiménez Abril,57,AUTO,Asturias,telefono,2024-05-11,,331.88,450,False
POL100343,AS20343,César Barco,65,HOGAR,Zaragoza,correduria,2022-08-17,,287.33,0,False
POL100344,AS20344,Darío Egea Ayala,51,HOGAR,Vizcaya,agente,2021-11-01,,318.75,300,False
POL100345,AS20345,Tomasa Sastre Calderón,71,HOGAR,Girona,online,2022-04-18,,258.02,300,False
POL100346,AS20346,Lupe Lorena Ballester Mancebo,55,HOGAR,Alicante,correduria,2021-02-17,,334.56,0,False
POL100347,AS20347,Baltasar Ripoll Grande,27,AUTO,Alicante,correduria,2024-12-22,,251.92,450,False
POL100348,AS20348,Ovidio Batlle Calvo,65,AUTO,Barcelona,correduria,2021-10-27,2024-03-29,528.94,450,True
POL100349,AS20349,Macario Pons Arco,81,VIDA,Malaga,online,2022-03-16,,344.49,0,False
POL100350,AS20350,Isidro Amador Madrid,63,AUTO,Asturias,telefono,2024-11-28,,471.94,450,False
POL100351,AS20351,Ámbar Peláez Sainz,79,HOGAR,Asturias,agente,2023-02-03,2025-09-14,373.71,300,True
POL100352,AS20352,Amancio Ribera,30,AUTO,Girona,online,2023-05-04,,480.11,300,False
POL100353,AS20353,Carlito Eliseo Cózar Puerta,34,AUTO,Girona,telefono,2023-06-29,,386.9,600,False
POL100354,AS20354,Andrés Santana Revilla,25,AUTO,Cantabria,correduria,2023-06-05,,415.98,150,False
POL100355,AS20355,Isabela Collado Abascal,64,HOGAR,Sevilla,online,2024-04-15,,301.25,150,False
POL100356,AS20356,Roque Rosario Busquets Castells,46,AUTO,Girona,online,2022-07-19,,338.55,300,False
POL100357,AS20357,Celia Lerma Sevilla,70,HOGAR,Sevilla,online,2022-06-21,,362.18,0,False
POL100358,AS20358,María Ángeles Contreras,78,AUTO,Vizcaya,online,2022-12-27,,320.56,450,False
POL100359,AS20359,Felipe Cuervo,30,HOGAR,A Coruna,agente,2024-03-02,,237.75,150,False
POL100360,AS20360,Albino Venceslás Calderón Ferrando,59,HOGAR,Barcelona,online,2021-03-07,,317.38,0,False
POL100361,AS20361,Gabriela Benítez Palomares,66,AUTO,A Coruna,correduria,2021-11-18,,380.61,150,False
POL100362,AS20362,Angelita Agustín Pedraza,77,VIDA,Lleida,correduria,2021-06-27,,408.3,0,False
POL100363,AS20363,Nazaret Bru-Lloret,80,VIDA,Valencia,agente,2024-11-15,,335.11,0,False
POL100364,AS20364,Constanza de Nieto,31,SALUD,Asturias,online,2022-05-21,,752.7,0,False
POL100365,AS20365,Arturo Mateos-Cantero,56,AUTO,Madrid,online,2023-01-16,,453.81,300,False
POL100366,AS20366,Angelina de Simó,19,VIDA,Asturias,correduria,2022-09-17,,307.95,0,False
POL100367,AS20367,Febe de Donaire,66,AUTO,Zaragoza,agente,2021-08-21,2023-08-14,605.79,150,True
POL100368,AS20368,Cleto Iniesta Carretero,33,SALUD,Zaragoza,correduria,2021-09-02,,578.61,0,False
POL100369,AS20369,Dionisia Sotelo Parejo,37,AUTO,Asturias,online,2024-12-29,,441.8,150,False
POL100370,AS20370,Ciríaco Enríquez,50,AUTO,Zaragoza,online,2024-12-01,,526.1,300,False
POL100371,AS20371,Juana Barón Cerdá,67,AUTO,Lleida,agente,2024-03-10,,391.12,600,False
POL100372,AS20372,Eloísa Rosalva Avilés Ochoa,50,VIDA,A Coruna,correduria,2022-05-25,,395.41,0,False
POL100373,AS20373,Plácido del Sáez,19,HOGAR,Asturias,online,2023-06-08,,90.0,0,False
POL100374,AS20374,Álvaro Mayoral Cordero,25,SALUD,Sevilla,agente,2021-04-04,2022-12-05,923.8,0,True
POL100375,AS20375,Javi Pozo-Calderón,26,AUTO,Girona,agente,2023-09-25,,385.89,600,False
POL100376,AS20376,Fabio Casals,81,VIDA,Zaragoza,correduria,2021-08-15,,397.38,0,False
POL100377,AS20377,Norberto Ribas-Bello,32,AUTO,Baleares,online,2023-12-25,,400.48,600,False
POL100378,AS20378,Estela Luz Martín,76,AUTO,Alicante,telefono,2024-10-08,,568.88,600,False
POL100379,AS20379,Pascual Arévalo Bayo,48,HOGAR,Cantabria,agente,2021-05-02,,247.19,300,False
POL100380,AS20380,Reyes Isaac Bosch Fortuny,42,AUTO,Baleares,correduria,2021-03-30,2021-11-11,319.98,300,True
POL100381,AS20381,Julián Alberdi,62,HOGAR,Lleida,agente,2024-06-04,,216.44,150,False
POL100382,AS20382,Fausto Franch Amorós,46,HOGAR,Sevilla,correduria,2024-06-10,,231.46,150,False
POL100383,AS20383,Arcelia Isern Valenzuela,24,AUTO,Sevilla,agente,2021-03-10,,377.48,150,False
POL100384,AS20384,Sofía Requena,63,AUTO,Barcelona,correduria,2022-01-21,,377.53,300,False
POL100385,AS20385,Luz Gilabert Arnau,49,AUTO,Barcelona,online,2021-03-04,,470.91,150,False
POL100386,AS20386,Soledad Ugarte Torres,82,AUTO,Barcelona,agente,2024-06-25,,395.62,450,False
POL100387,AS20387,Ana Nogués Parejo,60,SALUD,Lleida,correduria,2021-01-07,,816.75,0,False
POL100388,AS20388,Kike Izquierdo,61,HOGAR,Lleida,online,2022-04-27,,232.27,150,False
POL100389,AS20389,Melisa del Quevedo,49,AUTO,Cantabria,telefono,2024-12-14,,427.12,450,False
POL100390,AS20390,Teodora de Almansa,39,VIDA,Barcelona,agente,2024-06-07,,285.73,0,False
POL100391,AS20391,Josefa Badía Ariza,60,AUTO,Zaragoza,agente,2021-06-30,,448.79,600,False
POL100392,AS20392,Blanca Suárez Quintanilla,45,HOGAR,Cantabria,correduria,2022-11-04,,264.81,300,False
POL100393,AS20393,Pepe Pagès Carro,71,AUTO,Girona,agente,2022-01-07,2023-07-07,544.37,150,True
POL100394,AS20394,Benigno Herrero-Rocamora,43,HOGAR,Barcelona,online,2021-01-08,,249.14,300,False
POL100395,AS20395,Mohamed de Lobo,27,HOGAR,Sevilla,agente,2022-09-22,,253.26,0,False
POL100396,AS20396,Jeremías Agullo,39,AUTO,Girona,correduria,2023-05-02,,414.64,150,False
POL100397,AS20397,Alejo Álamo Taboada,76,VIDA,Girona,online,2023-02-21,,395.27,0,False
POL100398,AS20398,Carmela Prada Catalán,80,HOGAR,Lleida,online,2021-11-08,,356.63,0,False
POL100399,AS20399,Pascual Mata,73,HOGAR,Madrid,correduria,2024-02-10,,387.28,0,False
POL100400,AS20400,Fabio Rosa Macías,48,AUTO,Valencia,telefono,2024-08-27,2026-07-18,425.54,300,True
POL100401,AS20401,Samanta Rubio Rosell,31,AUTO,Madrid,agente,2023-10-19,,456.63,450,False
POL100402,AS20402,Arsenio Puente,67,AUTO,Zaragoza,agente,2022-07-21,,430.46,150,False
POL100403,AS20403,Susana Pedro Garrido,50,AUTO,Baleares,correduria,2024-02-26,2025-04-21,333.69,600,True
POL100404,AS20404,Macaria Pepita Tovar Juárez,46,AUTO,Asturias,online,2024-12-13,,425.74,600,False
POL100405,AS20405,Oriana Haro Muro,56,HOGAR,Girona,correduria,2024-08-29,,311.37,300,False
POL100406,AS20406,Anunciación de Leal,51,AUTO,Baleares,online,2021-01-11,,526.76,300,False
POL100407,AS20407,Aníbal Seguí Echeverría,61,HOGAR,Tarragona,agente,2021-09-07,,285.69,150,False
POL100408,AS20408,Poncio de Mendizábal,37,AUTO,Girona,correduria,2022-09-30,,428.71,450,False
POL100409,AS20409,Griselda Josefa Sanz Arnau,47,HOGAR,Malaga,correduria,2024-07-06,,226.78,150,False
POL100410,AS20410,Teófilo Manrique-Bravo,27,AUTO,Madrid,correduria,2022-05-29,,539.91,450,False
POL100411,AS20411,Emiliano Sobrino Navarrete,36,VIDA,Baleares,online,2022-11-02,,248.56,0,False
POL100412,AS20412,Ricardo Ponce Zapata,38,SALUD,Asturias,agente,2021-08-04,,773.94,0,False
POL100413,AS20413,Irene Miralles,82,HOGAR,Zaragoza,online,2023-04-25,,377.67,300,False
POL100414,AS20414,Apolonia Carretero Losada,39,AUTO,Barcelona,correduria,2023-09-20,2026-02-08,384.73,150,True
POL100415,AS20415,Patricio Ballesteros Vélez,38,AUTO,Valencia,correduria,2021-03-15,,462.02,300,False
POL100416,AS20416,Duilio Morell Moll,80,VIDA,Malaga,agente,2023-04-12,2023-05-14,288.43,0,True
POL100417,AS20417,Eligio del Alcalde,35,HOGAR,Valencia,correduria,2022-08-31,,237.39,0,False
POL100418,AS20418,Xavier Che Llanos Teruel,69,AUTO,Barcelona,agente,2024-01-26,,519.18,300,False
POL100419,AS20419,Jeremías Villaverde-Benavente,52,HOGAR,Valencia,online,2024-05-18,,113.96,300,False
POL100420,AS20420,Belen del Larrea,49,AUTO,Barcelona,agente,2022-08-12,,294.06,600,False
POL100421,AS20421,Adelia Escobar Portillo,60,HOGAR,Tarragona,telefono,2022-08-01,2024-06-24,292.09,300,True
POL100422,AS20422,Martin Pellicer Quintero,55,HOGAR,Zaragoza,agente,2022-11-11,,188.64,0,False
POL100423,AS20423,Nuria de Abad,69,VIDA,Cantabria,agente,2022-11-18,,313.32,0,False
POL100424,AS20424,Amaro Alcázar Arnau,84,AUTO,Lleida,online,2024-10-25,,561.77,150,False
POL100425,AS20425,Melisa Castro Alfonso,66,AUTO,Vizcaya,agente,2024-11-17,,332.54,150,False
POL100426,AS20426,Jose Ignacio Aznar Alemán,28,AUTO,Valencia,online,2023-10-06,,474.33,450,False
POL100427,AS20427,Asunción Salcedo-Azcona,43,AUTO,Zaragoza,telefono,2024-09-24,,429.02,450,False
POL100428,AS20428,Renato Costa,51,SALUD,Asturias,correduria,2021-12-05,,783.58,0,False
POL100429,AS20429,Chus Gilabert Arias,32,VIDA,Barcelona,correduria,2021-04-11,,163.65,0,False
POL100430,AS20430,Jennifer Aparicio Flores,57,HOGAR,Barcelona,agente,2023-12-15,,311.52,300,False
POL100431,AS20431,Fabricio Zapata Vara,27,AUTO,Lleida,online,2022-06-03,,285.92,300,False
POL100432,AS20432,Jacinta Ángel Bárcena,27,AUTO,Lleida,agente,2024-11-25,,357.34,150,False
POL100433,AS20433,Olimpia Pulido Berenguer,55,SALUD,Valencia,correduria,2021-06-23,,1013.08,0,False
POL100434,AS20434,Ezequiel Pérez Gómez,34,AUTO,Baleares,agente,2022-02-27,,315.81,450,False
POL100435,AS20435,Anna Bernat Adadia,22,AUTO,Tarragona,agente,2021-06-24,,338.16,600,False
POL100436,AS20436,Alberto Higueras Vidal,40,VIDA,A Coruna,online,2022-08-21,,218.07,0,False
POL100437,AS20437,Alejo de Mayoral,75,AUTO,Zaragoza,correduria,2021-07-16,2023-03-18,332.24,300,True
POL100438,AS20438,Maxi Fábregas Acevedo,34,AUTO,Vizcaya,agente,2021-11-22,,391.18,300,False
POL100439,AS20439,Fabián Diaz Porta,74,AUTO,Lleida,agente,2024-03-27,,486.03,600,False
POL100440,AS20440,René Salazar,50,HOGAR,Vizcaya,agente,2023-06-03,,253.1,0,False
POL100441,AS20441,Urbano Rosa Ugarte,78,HOGAR,Girona,agente,2023-11-07,,320.41,0,False
POL100442,AS20442,Florentino Ortega Escalona,27,VIDA,A Coruna,agente,2024-05-23,,285.81,0,False
POL100443,AS20443,Delfina Arribas-Bilbao,65,HOGAR,Alicante,online,2022-01-17,,333.38,150,False
POL100444,AS20444,Hugo Sacristán Arnal,81,AUTO,Tarragona,telefono,2022-10-07,,383.92,300,False
POL100445,AS20445,Ofelia Bueno,49,AUTO,Sevilla,correduria,2021-07-01,2023-09-06,526.66,300,True
POL100446,AS20446,Román Sancho Sánchez,20,VIDA,Malaga,online,2022-10-05,,204.92,0,False
POL100447,AS20447,Toribio Nicolau Valenzuela,55,AUTO,A Coruna,telefono,2022-03-27,,398.92,600,False
POL100448,AS20448,Palmira Carmela Doménech Frías,60,HOGAR,Cantabria,online,2021-09-15,,334.77,0,False
POL100449,AS20449,Susana Liliana Bauzà Falcón,32,HOGAR,Tarragona,online,2022-08-10,,252.44,150,False
POL100450,AS20450,Jose Luis Barriga,74,SALUD,Madrid,correduria,2022-07-26,,837.47,0,False
POL100451,AS20451,Jose Francisco Cabrero Vigil,38,AUTO,Barcelona,telefono,2022-03-23,,303.85,600,False
POL100452,AS20452,Azucena Pedro Carretero,54,AUTO,Girona,online,2024-12-27,,471.11,150,False
POL100453,AS20453,Santos Camino Manzano,40,HOGAR,Zaragoza,agente,2021-12-14,,314.29,300,False
POL100454,AS20454,Ángela Alvarado Quevedo,36,AUTO,Barcelona,online,2024-02-12,2026-03-18,396.43,150,True
POL100455,AS20455,Sandra Niño Miralles,52,AUTO,Lleida,agente,2024-11-30,,503.75,450,False
POL100456,AS20456,Lalo Miralles-Barbero,20,VIDA,Malaga,telefono,2021-11-26,,257.62,0,False
POL100457,AS20457,Gertrudis Gras Murcia,72,HOGAR,Zaragoza,online,2021-10-11,,226.45,150,False
POL100458,AS20458,Hector Valentín Ribera,66,AUTO,Vizcaya,online,2021-12-20,,435.58,300,False
POL100459,AS20459,Brunilda Moliner,80,AUTO,Tarragona,agente,2021-05-14,,503.59,300,False
POL100460,AS20460,Jordana Ferrández-Iñiguez,36,VIDA,Madrid,online,2024-06-19,,333.03,0,False
POL100461,AS20461,Paola de Cervera,68,HOGAR,Alicante,telefono,2023-11-10,,313.39,0,False
POL100462,AS20462,Benigno Sarabia-Cuevas,66,SALUD,Lleida,correduria,2021-07-13,,794.93,0,False
POL100463,AS20463,Dulce Gomez Ramos,69,HOGAR,Tarragona,online,2021-06-27,,347.59,300,False
POL100464,AS20464,Roxana Cordero Villanueva,26,AUTO,Madrid,telefono,2021-02-07,,441.89,600,False
POL100465,AS20465,Luciano Amat Dávila,78,AUTO,Asturias,online,2021-07-19,,406.58,300,False
POL100466,AS20466,Juan Luis Cañete Menéndez,71,AUTO,Valencia,correduria,2023-07-20,,406.54,450,False
POL100467,AS20467,Maximiano Cortes Amores,41,HOGAR,Valencia,online,2021-09-29,,285.75,300,False
POL100468,AS20468,Borja Heriberto Cárdenas Vélez,46,AUTO,Barcelona,online,2024-03-13,2026-04-05,315.38,450,True
POL100469,AS20469,Joaquín de Patiño,53,AUTO,Asturias,agente,2023-05-04,,408.03,600,False
POL100470,AS20470,Graciano Barrena Carretero,48,AUTO,Sevilla,agente,2024-04-24,,390.16,150,False
POL100471,AS20471,Loreto del Alba,79,HOGAR,Asturias,agente,2021-06-08,,276.1,0,False
POL100472,AS20472,Benjamín Faustino Carreño Sevillano,59,AUTO,A Coruna,online,2023-04-08,,567.39,150,False
POL100473,AS20473,Amelia de Guijarro,75,VIDA,Vizcaya,agente,2023-02-23,,340.1,0,False
POL100474,AS20474,Reinaldo de Novoa,71,AUTO,Asturias,correduria,2024-10-19,,411.96,600,False
POL100475,AS20475,Gregorio Pastor Ruiz,43,VIDA,Barcelona,correduria,2022-11-23,,219.54,0,False
POL100476,AS20476,Mohamed Sosa,50,VIDA,Baleares,online,2021-10-12,,265.77,0,False
POL100477,AS20477,Sara Checa,72,VIDA,Baleares,correduria,2022-09-27,2023-11-23,415.07,0,True
POL100478,AS20478,Gertrudis Aparicio Vidal,75,AUTO,Cantabria,correduria,2023-09-27,,456.73,450,False
POL100479,AS20479,Asdrubal Quevedo Canales,39,VIDA,A Coruna,online,2021-01-06,,293.9,0,False
POL100480,AS20480,Asdrubal Falcón Álvaro,73,AUTO,Cantabria,telefono,2024-11-05,,455.98,450,False
POL100481,AS20481,Gracia Barrera Sarmiento,48,AUTO,Zaragoza,correduria,2022-10-13,,317.72,300,False
POL100482,AS20482,Agustín Delgado Castellanos,41,AUTO,Barcelona,agente,2022-09-22,,452.07,300,False
POL100483,AS20483,Lalo Quiroga,83,HOGAR,Barcelona,online,2023-11-12,,341.43,300,False
POL100484,AS20484,Georgina Múñiz-Fuentes,25,AUTO,Baleares,telefono,2023-04-07,2025-11-10,440.0,300,True
POL100485,AS20485,Dan Castañeda-Trujillo,79,SALUD,Malaga,correduria,2024-11-15,,710.54,0,False
POL100486,AS20486,Román Hector Montalbán Montes,65,AUTO,Barcelona,agente,2021-09-14,,407.06,600,False
POL100487,AS20487,Anacleto Fortuny Paredes,84,HOGAR,Madrid,online,2021-05-03,,373.96,150,False
POL100488,AS20488,Amancio Baena Ruano,48,VIDA,Lleida,online,2022-12-16,,342.05,0,False
POL100489,AS20489,Valentín Tormo,59,AUTO,Alicante,agente,2023-07-16,,442.75,600,False
POL100490,AS20490,Primitivo Sánchez Belmonte,19,HOGAR,Sevilla,correduria,2021-09-14,,268.99,150,False
POL100491,AS20491,Cesar León Gonzalo,31,HOGAR,Barcelona,agente,2023-06-22,,209.08,150,False
POL100492,AS20492,Maxi del Belmonte,37,VIDA,Cantabria,correduria,2024-12-24,,264.68,0,False
POL100493,AS20493,Evelia Pedraza Aranda,45,HOGAR,Girona,online,2024-09-05,,237.67,0,False
POL100494,AS20494,Teresa Manu Ramos Alcázar,80,VIDA,Lleida,online,2024-11-29,,383.38,0,False
POL100495,AS20495,Fermín Izaguirre Gelabert,75,VIDA,Girona,agente,2023-07-11,,253.83,0,False
POL100496,AS20496,Guillermo Benito Arnaiz,68,HOGAR,Tarragona,online,2022-05-12,,211.85,150,False
POL100497,AS20497,Ángel Amaya,33,AUTO,Sevilla,telefono,2023-03-04,,407.11,300,False
POL100498,AS20498,Chus Orozco Abellán,76,AUTO,Malaga,correduria,2021-09-28,,394.78,450,False
POL100499,AS20499,Baltasar Pablo Cuadrado,29,AUTO,Girona,correduria,2022-03-15,,136.24,600,False
POL100500,AS20500,Gerónimo Carranza Blasco,29,VIDA,A Coruna,correduria,2024-07-26,,261.84,0,False
POL100501,AS20501,Juan Pablo Cerro-Iglesia,63,AUTO,Valencia,correduria,2022-09-18,,439.75,300,False
POL100502,AS20502,Sancho Viana Galván,21,VIDA,Valencia,agente,2022-05-26,,310.98,0,False
POL100503,AS20503,Bautista Loreto Alemán Álvaro,34,AUTO,Madrid,correduria,2024-04-10,2024-11-28,388.29,450,True
POL100504,AS20504,Santiago Gargallo Verdú,66,AUTO,Baleares,online,2024-03-10,2024-10-09,464.5,450,True
POL100505,AS20505,Paz Bastida Gordillo,19,AUTO,Malaga,correduria,2021-09-23,,380.67,450,False
POL100506,AS20506,Rosalía Catalán Carbonell,78,AUTO,Baleares,online,2023-09-02,,481.54,300,False
POL100507,AS20507,Cirino Díez Garzón,25,AUTO,Valencia,agente,2024-10-10,,385.1,450,False
POL100508,AS20508,Vicenta Pina,25,AUTO,Sevilla,online,2024-02-08,2025-07-23,303.14,600,True
POL100509,AS20509,Jose Ignacio Simó,82,VIDA,Alicante,agente,2022-12-31,,343.89,0,False
POL100510,AS20510,Gertrudis Arteaga Mancebo,32,AUTO,Asturias,correduria,2023-12-27,,366.25,600,False
POL100511,AS20511,Geraldo Mayol Donoso,42,HOGAR,A Coruna,online,2022-07-03,,183.96,0,False
POL100512,AS20512,Tadeo Guillermo Vizcaíno Morcillo,62,SALUD,Alicante,telefono,2023-03-20,,873.08,0,False
POL100513,AS20513,Norberto Carlos Jaén Checa,40,AUTO,Alicante,agente,2024-11-06,,418.59,450,False
POL100514,AS20514,Irene Leiva Bejarano,41,HOGAR,Valencia,online,2024-02-01,,207.76,0,False
POL100515,AS20515,Marino Trillo Menéndez,57,SALUD,A Coruna,agente,2024-04-18,,904.41,0,False
POL100516,AS20516,Pío Sales-Quintero,64,HOGAR,Lleida,agente,2021-11-09,,282.02,0,False
POL100517,AS20517,Almudena Llorente Solera,59,HOGAR,Baleares,agente,2021-05-01,,335.08,300,False
POL100518,AS20518,Dani Goñi Posada,54,HOGAR,Asturias,agente,2023-11-03,,264.15,300,False
POL100519,AS20519,Natalio Pardo Niño,84,AUTO,Cantabria,agente,2022-11-24,,619.53,450,False
POL100520,AS20520,Erasmo Prado Pastor,48,HOGAR,Barcelona,online,2022-01-10,2023-05-30,238.96,150,True
POL100521,AS20521,Adelina Rey Asensio,39,SALUD,Madrid,online,2021-01-14,2023-07-16,871.53,0,True
POL100522,AS20522,Inmaculada Landa Gimeno,78,SALUD,Barcelona,agente,2023-02-16,,1016.39,0,False
POL100523,AS20523,Cristian del Diaz,58,HOGAR,Girona,agente,2024-09-30,,288.1,300,False
POL100524,AS20524,Macaria Tomé Sobrino,19,AUTO,Barcelona,agente,2023-07-10,,340.81,450,False
POL100525,AS20525,Adelardo Quero Lucena,38,HOGAR,Barcelona,correduria,2022-04-06,,255.38,300,False
POL100526,AS20526,Eric Pulido-Mayol,33,SALUD,Lleida,agente,2022-06-23,,747.3,0,False
POL100527,AS20527,Valentín Hervás Segura,84,SALUD,Vizcaya,correduria,2024-07-03,,668.02,0,False
POL100528,AS20528,Albert Millán Rincón,48,AUTO,Tarragona,online,2021-02-11,,504.55,150,False
POL100529,AS20529,Delfina de Rivero,55,SALUD,Alicante,correduria,2023-05-21,,644.28,0,False
POL100530,AS20530,Nidia Acosta Tejada,79,HOGAR,Baleares,correduria,2021-07-19,,314.74,150,False
POL100531,AS20531,Gema Vara Pizarro,37,VIDA,Barcelona,correduria,2022-12-06,,346.24,0,False
POL100532,AS20532,Ani Rebollo Matas,23,AUTO,Vizcaya,online,2023-10-17,,469.75,300,False
POL100533,AS20533,Amparo del Zamora,84,SALUD,Cantabria,agente,2023-12-03,,899.47,0,False
POL100534,AS20534,Alfredo Ibarra Rosa,63,VIDA,Sevilla,agente,2021-01-17,,406.6,0,False
POL100535,AS20535,Samuel Escrivá Aragón,64,AUTO,Malaga,agente,2021-07-01,2022-11-19,357.21,450,True
POL100536,AS20536,Maura Sala-Redondo,84,HOGAR,Barcelona,online,2023-02-11,2023-08-23,282.38,0,True
POL100537,AS20537,Eva Hurtado-Valenciano,60,AUTO,Vizcaya,correduria,2024-06-07,,476.46,600,False
POL100538,AS20538,Basilio Agudo Amo,18,HOGAR,Baleares,agente,2023-05-01,,225.65,0,False
POL100539,AS20539,Lorenza Valero-Ramón,55,HOGAR,Lleida,correduria,2022-05-28,,262.9,300,False
POL100540,AS20540,Albino Echeverría Vergara,25,HOGAR,Alicante,online,2021-12-18,,212.54,0,False
POL100541,AS20541,Celso Alberola Uriarte,73,VIDA,A Coruna,telefono,2022-11-13,2023-04-24,321.62,0,True
POL100542,AS20542,Armando Rodriguez Coca,82,VIDA,A Coruna,correduria,2022-02-07,,418.93,0,False
POL100543,AS20543,Loreto Dorita Miguel Estrada,81,AUTO,Baleares,agente,2024-02-29,,493.41,450,False
POL100544,AS20544,Lorena Clemente Azcona,80,VIDA,Madrid,correduria,2022-08-28,,485.89,0,False
POL100545,AS20545,Paula Coronado Lloret,60,HOGAR,Barcelona,telefono,2022-11-13,,273.17,150,False
POL100546,AS20546,César Barros-Solera,61,AUTO,Asturias,agente,2022-01-15,,478.42,300,False
POL100547,AS20547,Elena Rodríguez Plaza,84,AUTO,Barcelona,online,2023-12-15,2026-05-22,544.5,450,True
POL100548,AS20548,Cruz Daza-Galiano,62,HOGAR,Madrid,correduria,2024-08-11,,309.25,0,False
POL100549,AS20549,Inocencio Sánchez Sabater,82,VIDA,Valencia,online,2024-11-11,,328.9,0,False
POL100550,AS20550,María Cuadrado Blazquez,65,VIDA,Zaragoza,correduria,2022-04-04,,254.24,0,False
POL100551,AS20551,Artemio Paco Perales Garzón,29,AUTO,Girona,agente,2023-02-25,,441.08,300,False
POL100552,AS20552,Eutimio Ismael Prado Saavedra,67,AUTO,Malaga,telefono,2024-04-23,,441.93,300,False
POL100553,AS20553,Miguel Ángel Orozco Dueñas,69,VIDA,Girona,agente,2021-06-27,,316.45,0,False
POL100554,AS20554,Juan Pablo Aranda Gallo,73,HOGAR,Valencia,agente,2022-11-19,,314.51,150,False
POL100555,AS20555,Cesar Beltran,78,VIDA,Valencia,correduria,2022-02-28,,344.52,0,False
POL100556,AS20556,Pánfilo Rosales Prieto,82,HOGAR,Tarragona,agente,2024-07-09,,389.65,300,False
POL100557,AS20557,Hilda Crespo,25,AUTO,Barcelona,telefono,2024-01-01,,331.05,450,False
POL100558,AS20558,Joan Borrás Gimeno,54,HOGAR,Cantabria,agente,2022-03-23,,283.86,0,False
POL100559,AS20559,Cecilia Carrera,30,HOGAR,A Coruna,agente,2023-08-15,,264.01,150,False
POL100560,AS20560,Valentín Llano Torrijos,49,VIDA,Girona,correduria,2023-06-28,,373.35,0,False
POL100561,AS20561,Gilberto Amorós Castejón,29,AUTO,Asturias,correduria,2021-07-13,2022-01-06,521.75,150,True
POL100562,AS20562,Florentina Brígida Escrivá Barba,34,AUTO,Alicante,agente,2022-10-21,2025-06-27,330.29,600,True
POL100563,AS20563,Emilia Donoso Navarrete,53,HOGAR,Valencia,agente,2022-08-31,,200.39,150,False
POL100564,AS20564,Estrella Valcárcel Valle,73,AUTO,Girona,online,2021-05-18,,498.93,450,False
POL100565,AS20565,Joel Cabanillas,23,HOGAR,Alicante,agente,2022-04-23,,225.8,300,False
POL100566,AS20566,Octavia Quintero Gaya,72,SALUD,Zaragoza,correduria,2021-10-16,2022-06-21,739.87,0,True
POL100567,AS20567,Fernando Carlos Ropero Aramburu,30,HOGAR,Baleares,telefono,2022-06-18,,199.21,0,False
POL100568,AS20568,Virginia Jordán Miranda,19,HOGAR,A Coruna,online,2022-12-11,,274.74,300,False
POL100569,AS20569,Timoteo Bejarano Bermejo,35,SALUD,Baleares,telefono,2022-07-30,,919.03,0,False
POL100570,AS20570,Glauco Mariano Madrid Reig,34,HOGAR,Valencia,agente,2024-01-26,,304.05,0,False
POL100571,AS20571,Severiano Ropero Palomo,68,SALUD,Girona,online,2024-08-28,2027-06-14,857.25,0,True
POL100572,AS20572,Elodia del Arteaga,81,HOGAR,Malaga,agente,2024-03-17,2024-12-01,402.88,150,True
POL100573,AS20573,Jenaro Ledesma Vázquez,32,HOGAR,Lleida,agente,2022-01-17,2023-02-28,239.81,150,True
POL100574,AS20574,Azahar Luís Caro,73,AUTO,Sevilla,agente,2023-05-11,2024-09-13,601.24,300,True
POL100575,AS20575,Basilio Galan Gárate,80,AUTO,Alicante,agente,2022-06-01,,367.66,150,False
POL100576,AS20576,Salomón Peralta Romero,66,HOGAR,Valencia,agente,2023-10-25,,280.82,150,False
POL100577,AS20577,Efraín Andres Figuerola,25,AUTO,Lleida,telefono,2021-10-27,,365.91,300,False
POL100578,AS20578,Lina Bellido Mármol,73,AUTO,Madrid,agente,2024-01-23,,319.19,600,False
POL100579,AS20579,Ignacia Ana Sofía Alcántara Bejarano,60,HOGAR,Madrid,correduria,2023-02-06,,363.74,150,False
POL100580,AS20580,Baudelio Navas Macias,29,HOGAR,A Coruna,correduria,2024-09-08,2025-03-20,260.56,0,True
POL100581,AS20581,Fabián Pinedo-Barón,50,AUTO,Madrid,online,2024-10-01,,459.79,300,False
POL100582,AS20582,Aroa Pacheco Torrents,36,AUTO,Cantabria,online,2022-12-06,,430.55,450,False
POL100583,AS20583,Perlita Huertas Cañete,27,HOGAR,A Coruna,correduria,2022-11-09,,266.62,150,False
POL100584,AS20584,Amador Duarte Ortega,84,AUTO,Madrid,agente,2022-08-26,,627.63,450,False
POL100585,AS20585,Lucho Tiburcio Arias Córdoba,40,HOGAR,Baleares,agente,2021-03-25,,328.57,0,False
POL100586,AS20586,Leonardo Varela Barranco,41,AUTO,Valencia,agente,2022-12-11,,400.73,600,False
POL100587,AS20587,Luís Marciano Muñoz Iborra,64,VIDA,Asturias,agente,2023-07-16,,360.51,0,False
POL100588,AS20588,Ruperto Martínez Escamilla,32,AUTO,Lleida,online,2021-02-25,,407.72,150,False
POL100589,AS20589,Jose Carlos de Garriga,56,AUTO,Alicante,agente,2021-06-09,,472.56,450,False
POL100590,AS20590,Mireia Sales Montaña,19,AUTO,Asturias,correduria,2021-03-29,,362.51,450,False
POL100591,AS20591,Horacio Zamorano Morera,35,HOGAR,A Coruna,correduria,2022-02-22,2023-06-29,263.98,150,True
POL100592,AS20592,Calisto Eloy Serrano Mateos,65,SALUD,Valencia,online,2021-04-13,,934.22,0,False
POL100593,AS20593,Virgilio Verdugo-Alberdi,51,AUTO,Cantabria,correduria,2021-02-06,,511.63,450,False
POL100594,AS20594,Marisela Lasa Vallejo,18,AUTO,Alicante,correduria,2021-06-13,,404.41,300,False
POL100595,AS20595,Quique Pinedo Peiró,27,AUTO,Asturias,correduria,2022-02-06,,380.67,300,False
POL100596,AS20596,Lourdes Otero Ruiz,55,VIDA,Lleida,telefono,2023-05-08,,334.69,0,False
POL100597,AS20597,René Mosquera Escudero,28,AUTO,Vizcaya,agente,2021-04-25,2022-03-27,400.0,450,True
POL100598,AS20598,Elena del Royo,50,SALUD,Barcelona,online,2022-01-09,,882.1,0,False
POL100599,AS20599,Juan Bautista Robles Garmendia,39,AUTO,Zaragoza,online,2024-09-02,,428.32,450,False
POL100600,AS20600,Alberto Núñez-Pujol,80,HOGAR,Sevilla,agente,2022-09-27,,394.77,150,False
POL100601,AS20601,Cándido Pera Uría,35,VIDA,Sevilla,correduria,2022-09-19,,294.02,0,False
POL100602,AS20602,Ainoa Reguera Madrid,23,HOGAR,Lleida,agente,2021-01-13,,198.48,300,False
POL100603,AS20603,Hipólito Polo Carrillo,40,AUTO,Malaga,agente,2024-01-14,,476.94,450,False
POL100604,AS20604,Nando Cruz Hoz Benavente,66,VIDA,Tarragona,correduria,2024-05-24,,261.63,0,False
POL100605,AS20605,María José Bilbao Llano,68,HOGAR,Barcelona,telefono,2022-09-27,,327.96,150,False
POL100606,AS20606,Osvaldo de Téllez,28,SALUD,Cantabria,correduria,2021-05-08,,743.58,0,False
POL100607,AS20607,Jeremías Sanmartín-Salcedo,19,AUTO,Valencia,correduria,2022-11-03,,351.01,600,False
POL100608,AS20608,Charo Vives Quintero,76,HOGAR,Alicante,online,2022-02-02,,273.67,300,False
POL100609,AS20609,Angelina Alba-Mendez,61,HOGAR,Vizcaya,online,2023-07-04,,207.37,300,False
POL100610,AS20610,Anselmo Vizcaíno-Rosa,48,SALUD,Barcelona,agente,2022-10-10,,535.48,0,False
POL100611,AS20611,Wilfredo Gual Iriarte,25,AUTO,Alicante,agente,2023-01-25,,377.76,300,False
POL100612,AS20612,Yago Rojas Miralles,23,VIDA,Malaga,agente,2023-10-29,,315.35,0,False
POL100613,AS20613,Corona Calvo León,84,HOGAR,Zaragoza,agente,2021-02-28,,287.73,0,False
POL100614,AS20614,Segismundo Paniagua,43,VIDA,Zaragoza,correduria,2023-06-02,,363.91,0,False
POL100615,AS20615,Pánfilo Quintana-Cano,24,HOGAR,Vizcaya,agente,2023-07-25,,195.02,0,False
POL100616,AS20616,América Salom,33,HOGAR,Barcelona,online,2021-08-04,2021-09-15,277.37,150,True
POL100617,AS20617,Francisca Ríos Carbajo,56,VIDA,Zaragoza,telefono,2021-06-22,,312.93,0,False
POL100618,AS20618,Blanca Losa Pons,80,AUTO,Valencia,telefono,2022-01-29,2024-06-03,399.64,450,True
POL100619,AS20619,Emiliana Bermejo Donaire,68,AUTO,Cantabria,agente,2022-05-20,,385.48,450,False
POL100620,AS20620,Victorino Alberto Esteve,68,HOGAR,Barcelona,correduria,2024-01-11,,368.47,150,False
POL100621,AS20621,Silvia Ledesma,22,VIDA,Madrid,correduria,2024-06-21,,257.84,0,False
POL100622,AS20622,Evangelina de Márquez,19,VIDA,Cantabria,agente,2021-11-23,,181.74,0,False
POL100623,AS20623,Ainoa de Pedrero,40,AUTO,Zaragoza,agente,2022-07-12,,380.51,300,False
POL100624,AS20624,Rafaela Saldaña Bartolomé,48,HOGAR,Malaga,correduria,2024-11-27,,215.37,0,False
POL100625,AS20625,Florinda Villanueva Vilalta,54,HOGAR,Baleares,correduria,2024-07-20,2026-12-30,255.5,0,True
POL100626,AS20626,Lina Izaguirre Quevedo,68,AUTO,Lleida,correduria,2022-01-10,,558.71,450,False
POL100627,AS20627,Jose Ignacio Sedano Ochoa,74,VIDA,Alicante,online,2021-09-29,,444.11,0,False
POL100628,AS20628,Leandra Nicolau Reina,23,SALUD,Valencia,agente,2023-08-31,,818.06,0,False
POL100629,AS20629,Adelina Perales Palomares,47,AUTO,Sevilla,telefono,2024-01-17,,408.46,150,False
POL100630,AS20630,Miguel Ángel Juan Luis Feijoo Reig,80,AUTO,Madrid,agente,2021-01-05,,527.6,450,False
POL100631,AS20631,América Uribe Vallés,33,HOGAR,Baleares,correduria,2022-08-31,,276.56,300,False
POL100632,AS20632,Cecilia Baños Pou,57,VIDA,Asturias,telefono,2024-12-29,,384.19,0,False
POL100633,AS20633,Eladio Mateu Villena,65,HOGAR,Asturias,online,2024-12-10,,244.58,0,False
POL100634,AS20634,Anabel Torrijos Santamaría,84,SALUD,A Coruna,online,2023-06-18,,910.24,0,False
POL100635,AS20635,Juan Bautista Flores-Ramírez,19,SALUD,Madrid,agente,2024-10-22,,890.28,0,False
POL100636,AS20636,Alfonso Folch-Chamorro,50,HOGAR,Malaga,agente,2022-08-26,,216.97,300,False
POL100637,AS20637,Andrés Felipe Boix Salazar,66,HOGAR,Asturias,agente,2021-12-20,2023-10-18,323.38,0,True
POL100638,AS20638,Sigfrido Cervera Ballester,48,AUTO,Cantabria,correduria,2022-12-04,,391.0,150,False
POL100639,AS20639,Rodolfo Morillo,28,AUTO,Malaga,agente,2021-04-19,,353.42,300,False
POL100640,AS20640,Evita Angulo Milla,80,VIDA,Barcelona,online,2022-05-01,,304.46,0,False
POL100641,AS20641,Alondra Talavera,50,AUTO,Baleares,online,2023-04-06,,379.75,600,False
POL100642,AS20642,Josefina Velázquez Nebot,46,AUTO,Alicante,telefono,2024-07-14,,372.0,300,False
POL100643,AS20643,Gabriel Jordán Bonet Andreu,43,AUTO,Baleares,online,2022-01-09,,420.6,300,False
POL100644,AS20644,Tomás Plaza Escamilla,45,AUTO,Alicante,online,2023-07-18,,463.46,450,False
POL100645,AS20645,Clotilde Pepita Feijoo Checa,39,HOGAR,Zaragoza,correduria,2022-10-03,,236.8,150,False
POL100646,AS20646,Anunciación Toledo Lozano,40,SALUD,Cantabria,agente,2021-09-27,,783.8,0,False
POL100647,AS20647,Rebeca Casals Llopis,56,AUTO,Vizcaya,correduria,2023-04-09,,305.61,600,False
POL100648,AS20648,Feliciano Carreras,24,VIDA,Sevilla,agente,2023-07-06,,354.68,0,False
POL100649,AS20649,Fermín Galindo Valenzuela,49,AUTO,Malaga,agente,2022-12-30,,433.32,150,False
POL100650,AS20650,Jennifer Fajardo,61,VIDA,Alicante,telefono,2021-05-22,,295.92,0,False
POL100651,AS20651,Graciela Terrón Maza,75,SALUD,Vizcaya,agente,2022-07-12,,442.05,0,False
POL100652,AS20652,Angelita Melero Solsona,80,HOGAR,Lleida,online,2022-09-27,,357.51,300,False
POL100653,AS20653,Bruno Goicoechea,62,HOGAR,Sevilla,agente,2022-07-08,,239.88,150,False
POL100654,AS20654,Celestino León Pellicer,60,SALUD,Zaragoza,agente,2023-03-04,,933.43,0,False
POL100655,AS20655,Rodolfo Torrents Tejero,47,AUTO,Zaragoza,telefono,2022-05-25,2022-10-10,352.24,300,True
POL100656,AS20656,Daniel Durán Salvà,20,SALUD,Girona,telefono,2024-01-31,,482.6,0,False
POL100657,AS20657,Edgardo Alcalde-Marqués,22,SALUD,Barcelona,online,2024-07-02,2027-05-08,857.7,0,True
POL100658,AS20658,Sergio de Ricart,44,SALUD,Sevilla,agente,2021-12-08,2023-08-29,797.19,0,True
POL100659,AS20659,Chema Vizcaíno-Cuesta,19,VIDA,Madrid,telefono,2024-12-23,,155.32,0,False
POL100660,AS20660,Venceslás Severiano Fuertes Carvajal,60,HOGAR,Vizcaya,correduria,2024-12-23,2027-02-13,347.76,0,True
POL100661,AS20661,Severino Curro Figueras Navarro,25,HOGAR,Baleares,agente,2022-07-24,,199.58,0,False
POL100662,AS20662,Araceli Vigil-Gabaldón,74,HOGAR,Malaga,correduria,2022-01-03,,201.52,0,False
POL100663,AS20663,Armida Manjón,74,AUTO,Alicante,online,2023-07-08,2025-04-27,654.57,450,True
POL100664,AS20664,Eva Rosalva Sánchez Lumbreras,29,SALUD,Vizcaya,agente,2023-05-28,2026-02-26,615.11,0,True
POL100665,AS20665,Angelino Rosendo Morera Piña,36,AUTO,Zaragoza,agente,2023-03-15,,306.25,150,False
POL100666,AS20666,Carla Soto Benavente,56,AUTO,Zaragoza,online,2023-07-06,2025-01-03,436.47,600,True
POL100667,AS20667,Germán Conde Alvarez,54,SALUD,Madrid,online,2022-11-24,,810.84,0,False
POL100668,AS20668,Maximino Calixto Prats Peinado,62,SALUD,Lleida,telefono,2023-11-27,,708.14,0,False
POL100669,AS20669,Aníbal Pons Escolano,52,AUTO,A Coruna,online,2023-01-23,,484.17,450,False
POL100670,AS20670,Yolanda Nicolau Gutierrez,50,SALUD,Sevilla,agente,2021-07-16,2023-08-11,802.64,0,True
POL100671,AS20671,Ximena Barranco Elorza,43,VIDA,Tarragona,correduria,2022-02-23,,418.69,0,False
POL100672,AS20672,Rufina Benavente Atienza,33,VIDA,Vizcaya,online,2021-08-26,,311.55,0,False
POL100673,AS20673,Blanca Puga Otero,55,HOGAR,Zaragoza,online,2022-03-22,,262.33,0,False
POL100674,AS20674,Encarnación Román-Aller,64,AUTO,Cantabria,agente,2021-01-12,,498.87,150,False
POL100675,AS20675,Fanny Bueno Vicente,73,AUTO,Malaga,correduria,2023-03-08,,484.63,300,False
POL100676,AS20676,Amancio de Arce,52,AUTO,Alicante,correduria,2023-07-19,,446.2,150,False
POL100677,AS20677,Anabel Miguel Plaza,59,AUTO,A Coruna,online,2021-08-20,,423.06,600,False
POL100678,AS20678,Teófila Patiño Moya,73,AUTO,Sevilla,online,2023-09-16,2023-11-12,574.89,300,True
POL100679,AS20679,Raquel Escalona Doménech,62,AUTO,Girona,online,2022-05-05,2024-11-26,503.86,450,True
POL100680,AS20680,Teo Lastra,55,AUTO,Asturias,correduria,2021-07-20,,444.21,300,False
POL100681,AS20681,Lupe Yáñez,81,HOGAR,Valencia,correduria,2022-02-13,,326.94,300,False
POL100682,AS20682,Amado de Company,47,VIDA,Baleares,correduria,2023-04-16,,270.58,0,False
POL100683,AS20683,Paca Novoa Jaén,57,HOGAR,Alicante,online,2023-05-25,,211.75,300,False
POL100684,AS20684,Rosaura Alexandra Vives Yuste,39,HOGAR,Cantabria,correduria,2023-10-11,,218.61,150,False
POL100685,AS20685,Damián Guzman Valverde,38,VIDA,Vizcaya,online,2023-08-17,,297.74,0,False
POL100686,AS20686,Cristóbal Abad-Niño,71,VIDA,A Coruna,correduria,2023-07-23,,281.53,0,False
POL100687,AS20687,Paca Acero-Rodriguez,18,AUTO,Alicante,online,2023-01-03,,383.74,450,False
POL100688,AS20688,Wálter Castejón Clavero,45,HOGAR,Lleida,online,2023-09-23,,337.28,0,False
POL100689,AS20689,Flora Morcillo Guijarro,36,SALUD,Tarragona,online,2024-10-28,,413.0,0,False
POL100690,AS20690,Esperanza Gómez Lago,67,AUTO,Valencia,online,2023-10-09,,392.11,150,False
POL100691,AS20691,Josep Eloy Mendez Olmo,55,HOGAR,Girona,agente,2022-06-17,,250.51,300,False
POL100692,AS20692,Marcelo Montenegro Palomo,80,VIDA,Girona,telefono,2022-05-01,,347.88,0,False
POL100693,AS20693,Mercedes Celestina Daza Bolaños,77,AUTO,A Coruna,agente,2023-11-20,,486.02,150,False
POL100694,AS20694,Amalia Ferrer Ramírez,31,HOGAR,Vizcaya,correduria,2022-01-20,,254.86,300,False
POL100695,AS20695,Maximiano Farré Salazar,23,VIDA,A Coruna,correduria,2021-11-10,,290.06,0,False
POL100696,AS20696,Adelardo Hoz,47,VIDA,Barcelona,correduria,2021-03-31,,306.63,0,False
POL100697,AS20697,Filomena Clemente Reyes,28,HOGAR,Asturias,online,2024-02-21,,334.9,300,False
POL100698,AS20698,Adelaida Moles,70,HOGAR,Zaragoza,correduria,2022-07-08,,228.25,150,False
POL100699,AS20699,Lourdes Ramírez Badía,44,HOGAR,Sevilla,correduria,2024-03-23,,205.94,150,False
POL100700,AS20700,Paula Carballo Gelabert,18,AUTO,Sevilla,online,2021-09-23,,459.92,600,False
POL100701,AS20701,Graciela Carbonell Codina,38,AUTO,Baleares,agente,2021-11-16,,410.7,600,False
POL100702,AS20702,Dafne Esteban Novoa,46,SALUD,Vizcaya,online,2021-11-06,,673.52,0,False
POL100703,AS20703,Eufemia Guzmán Santos,41,HOGAR,Alicante,agente,2024-08-19,,268.13,150,False
POL100704,AS20704,Prudencio Sotelo Fernandez,84,AUTO,Vizcaya,telefono,2021-10-02,,492.3,300,False
POL100705,AS20705,Josué Aguiló Asensio,47,AUTO,Zaragoza,online,2024-09-25,,348.07,300,False
POL100706,AS20706,Fátima de Salom,38,AUTO,Malaga,correduria,2022-11-15,,394.26,150,False
POL100707,AS20707,Coral Catalá Robledo,63,HOGAR,Lleida,agente,2024-05-20,,323.67,150,False
POL100708,AS20708,Sebastián Lobato-Morán,50,HOGAR,Asturias,telefono,2022-08-09,2023-10-21,244.83,150,True
POL100709,AS20709,Jose Manuel Mariño Gonzalo,31,AUTO,Baleares,telefono,2022-10-22,,538.17,600,False
POL100710,AS20710,Mercedes Alba Lasa,32,AUTO,Madrid,online,2022-05-25,,310.97,300,False
POL100711,AS20711,Benito Arroyo,67,SALUD,A Coruna,telefono,2021-02-13,,691.23,0,False
POL100712,AS20712,Ovidio Osvaldo Calatayud Trillo,33,AUTO,Malaga,online,2021-11-11,,486.64,600,False
POL100713,AS20713,Hermenegildo Borrell Llorens,54,SALUD,Asturias,agente,2022-08-26,,867.87,0,False
POL100714,AS20714,Cesar Narváez Calatayud,19,AUTO,Vizcaya,telefono,2024-10-10,,353.19,150,False
POL100715,AS20715,Brígida Benitez Prieto,22,HOGAR,Sevilla,agente,2023-04-12,,261.51,150,False
POL100716,AS20716,Julie Pujadas Salvador,72,VIDA,Tarragona,online,2024-12-10,,314.92,0,False
POL100717,AS20717,Nadia Correa Ramírez,77,HOGAR,Barcelona,telefono,2021-04-26,,361.35,300,False
POL100718,AS20718,Germán Bonilla Zamorano,48,HOGAR,Tarragona,agente,2022-12-13,,252.99,150,False
POL100719,AS20719,Perla Olivera,43,AUTO,A Coruna,online,2022-03-04,,345.73,300,False
POL100720,AS20720,Reyna de Vives,61,VIDA,Cantabria,online,2024-09-15,,255.22,0,False
POL100721,AS20721,Sebastián de Andres,68,HOGAR,Alicante,online,2021-06-13,,326.6,150,False
POL100722,AS20722,Juanita Arcos Bustos,43,SALUD,Asturias,online,2021-08-01,,642.86,0,False
POL100723,AS20723,Armando del Noriega,62,SALUD,Madrid,online,2022-05-03,,1148.37,0,False
POL100724,AS20724,Albina Porcel Arévalo,49,VIDA,Vizcaya,online,2022-10-07,,358.65,0,False
POL100725,AS20725,Hector Pineda Tomas,36,VIDA,Baleares,correduria,2022-02-27,,281.42,0,False
POL100726,AS20726,Encarnacion Ledesma Sanchez,30,SALUD,Baleares,telefono,2023-01-22,,658.45,0,False
POL100727,AS20727,Jennifer Lina Hernandez Valera,64,HOGAR,Asturias,telefono,2021-09-29,,379.94,0,False
POL100728,AS20728,Ligia Carrera Solano,19,HOGAR,Sevilla,online,2023-10-31,,288.01,300,False
POL100729,AS20729,Olga Rosales Barrios,22,HOGAR,Vizcaya,agente,2021-03-02,,244.59,150,False
POL100730,AS20730,Wilfredo Mancebo,38,HOGAR,Barcelona,online,2024-02-18,,210.8,0,False
POL100731,AS20731,Claudio Porcel Mir,32,HOGAR,Zaragoza,correduria,2022-05-06,,268.49,0,False
POL100732,AS20732,Hortensia Pinedo-Aroca,46,HOGAR,Tarragona,correduria,2021-05-13,,190.11,0,False
POL100733,AS20733,Isaías Huertas Ródenas,78,AUTO,Madrid,agente,2021-02-23,,453.17,300,False
POL100734,AS20734,Débora Segovia Lobo,43,AUTO,Tarragona,telefono,2023-05-26,,522.82,150,False
POL100735,AS20735,Fidel Luján Ugarte,24,AUTO,Baleares,online,2024-12-13,,332.85,150,False
POL100736,AS20736,Natalia Expósito Gibert,72,AUTO,Baleares,agente,2022-07-18,2024-07-31,375.39,450,True
POL100737,AS20737,Jenaro Luna,65,HOGAR,Cantabria,online,2024-10-16,,235.6,0,False
POL100738,AS20738,Héctor del Fajardo,22,SALUD,Tarragona,online,2022-11-20,,508.09,0,False
POL100739,AS20739,Saturnino Mayoral Jimenez,75,AUTO,Tarragona,correduria,2023-08-22,,467.45,450,False
POL100740,AS20740,Arcelia Briones Carreño,66,VIDA,Madrid,correduria,2024-01-04,,316.05,0,False
POL100741,AS20741,Salud Gutierrez,48,AUTO,Malaga,correduria,2022-01-04,,468.16,300,False
POL100742,AS20742,Augusto Tamayo,20,HOGAR,Baleares,correduria,2023-12-15,,282.4,300,False
POL100743,AS20743,Catalina de Montaña,21,AUTO,Valencia,telefono,2023-08-15,,295.57,300,False
POL100744,AS20744,Abraham Nazario Menendez Caparrós,45,HOGAR,Sevilla,agente,2023-02-07,,289.2,150,False
POL100745,AS20745,Concha Escribano Calderón,75,HOGAR,Malaga,online,2023-11-27,,440.31,0,False
POL100746,AS20746,Natividad Varela Teruel,74,VIDA,Lleida,online,2024-06-11,,328.37,0,False
POL100747,AS20747,Joaquín Vallés Madrigal,66,AUTO,Valencia,correduria,2023-06-14,,474.31,600,False
POL100748,AS20748,Ovidio Fonseca-Blasco,70,HOGAR,Lleida,correduria,2022-12-25,,349.83,0,False
POL100749,AS20749,Cristina Rivas Tenorio,54,VIDA,Cantabria,online,2023-12-29,,302.81,0,False
POL100750,AS20750,Anunciación Exposito Valderrama,82,HOGAR,Sevilla,correduria,2023-08-07,,249.96,0,False
POL100751,AS20751,Glauco Olmo Mora,29,AUTO,Madrid,online,2022-08-09,,384.72,150,False
POL100752,AS20752,Eufemia Cantón Sabater,33,VIDA,Valencia,telefono,2024-10-11,,205.44,0,False
POL100753,AS20753,Renato Josep Castells Ribes,67,AUTO,Barcelona,online,2023-09-08,,475.35,450,False
POL100754,AS20754,Amancio Blázquez Chaparro,65,AUTO,Tarragona,agente,2024-07-02,,391.97,450,False
POL100755,AS20755,Nando Echevarría Porcel,69,AUTO,Barcelona,online,2022-11-21,,496.84,300,False
POL100756,AS20756,Cayetana Salas Sevilla,25,VIDA,Alicante,online,2023-01-16,,258.76,0,False
POL100757,AS20757,Hugo Salom,33,VIDA,A Coruna,online,2022-08-11,,289.69,0,False
POL100758,AS20758,Genoveva Roldán Teruel,18,VIDA,Cantabria,correduria,2023-05-12,,275.8,0,False
POL100759,AS20759,Gonzalo Tomás Figueras,23,VIDA,Vizcaya,online,2023-08-26,,229.18,0,False
POL100760,AS20760,Iker Lladó Cabezas,33,VIDA,Sevilla,online,2024-01-12,,273.69,0,False
POL100761,AS20761,Loida Lorenzo-Anguita,70,SALUD,Malaga,agente,2021-10-05,,603.76,0,False
POL100762,AS20762,Sol María Galvez Sotelo,59,HOGAR,Lleida,correduria,2021-10-14,,295.57,150,False
POL100763,AS20763,Nuria Solé-Mancebo,78,HOGAR,Zaragoza,telefono,2024-06-07,,360.56,300,False
POL100764,AS20764,Florina Verónica Cuevas Cerdán,22,SALUD,Cantabria,correduria,2021-10-05,2023-12-17,906.5,0,True
POL100765,AS20765,Gastón Quirino Alarcón Arrieta,51,HOGAR,Sevilla,correduria,2023-10-21,,229.02,0,False
POL100766,AS20766,Jacinto Carbonell-Mercader,38,AUTO,Malaga,agente,2024-06-06,2026-02-19,402.65,300,True
POL100767,AS20767,Ale del Cueto,27,SALUD,Vizcaya,telefono,2022-12-10,2024-12-15,854.51,0,True
POL100768,AS20768,Rosa Ojeda Palmer,23,AUTO,Madrid,agente,2024-10-17,,388.66,150,False
POL100769,AS20769,Evaristo Garzón Valbuena,61,HOGAR,Barcelona,telefono,2022-06-09,,321.57,150,False
POL100770,AS20770,Eustaquio Alcaraz-Company,35,SALUD,Sevilla,correduria,2021-07-27,,861.27,0,False
POL100771,AS20771,Carina Cabo Roda,49,HOGAR,Asturias,telefono,2021-11-06,,280.01,150,False
POL100772,AS20772,Jorge Rubio Hierro,45,HOGAR,Sevilla,online,2022-12-30,,254.06,150,False
POL100773,AS20773,Yésica del Miralles,52,HOGAR,Asturias,agente,2024-11-11,,316.58,300,False
POL100774,AS20774,Félix Cano,38,AUTO,Madrid,correduria,2024-11-13,,379.84,600,False
POL100775,AS20775,Valentina Amalia Mancebo Sotelo,45,HOGAR,Malaga,agente,2022-10-11,,229.83,0,False
POL100776,AS20776,Juan Luis Sancho Rebollo,50,HOGAR,Sevilla,correduria,2024-04-07,,283.2,150,False
POL100777,AS20777,Primitivo Gutierrez Terrón,22,HOGAR,Lleida,online,2022-02-14,,226.2,150,False
POL100778,AS20778,Amada Iriarte Torrents,82,VIDA,Sevilla,agente,2024-12-29,,297.61,0,False
POL100779,AS20779,Ascensión Puerta-Diéguez,43,SALUD,Zaragoza,agente,2023-04-14,,921.1,0,False
POL100780,AS20780,Guiomar Escribano Madrigal,24,HOGAR,Zaragoza,agente,2022-09-28,,149.05,150,False
POL100781,AS20781,Casandra Cardona-Salom,38,HOGAR,Valencia,online,2022-11-19,,294.1,0,False
POL100782,AS20782,Jaime Vazquez Uría,57,VIDA,Alicante,agente,2024-11-06,,373.6,0,False
POL100783,AS20783,Fortunato Raimundo Lago Catalá,70,HOGAR,Madrid,agente,2021-03-09,,332.7,150,False
POL100784,AS20784,Nadia del Mora,28,AUTO,A Coruna,agente,2021-10-09,,467.37,150,False
POL100785,AS20785,Bonifacio Cózar Noriega,80,VIDA,Vizcaya,correduria,2022-06-03,,359.02,0,False
POL100786,AS20786,Mauricio Jimenez Guerra,35,VIDA,Alicante,correduria,2021-04-06,,262.9,0,False
POL100787,AS20787,Anselma Ríos Rocamora,42,SALUD,Madrid,online,2024-06-17,,1141.39,0,False
POL100788,AS20788,Elpidio Ferrándiz Madrid,40,AUTO,Tarragona,online,2023-09-29,,548.26,150,False
POL100789,AS20789,Leonel Borrell,65,HOGAR,Baleares,correduria,2023-09-19,,292.54,300,False
POL100790,AS20790,Calixta Blanes Ramirez,61,AUTO,Alicante,telefono,2023-01-10,,441.22,450,False
POL100791,AS20791,Celia del Plaza,34,HOGAR,Lleida,correduria,2024-08-22,2026-09-02,248.49,150,True
POL100792,AS20792,Áurea Cabrera,74,HOGAR,Malaga,online,2023-06-02,,309.06,150,False
POL100793,AS20793,Carmen Berenguer Alcázar,26,AUTO,Cantabria,telefono,2023-02-13,,567.81,150,False
POL100794,AS20794,José Luis Capdevila-Barba,51,SALUD,Tarragona,correduria,2023-07-29,,885.95,0,False
POL100795,AS20795,Zacarías del Estevez,20,HOGAR,Cantabria,online,2023-05-19,,181.83,0,False
POL100796,AS20796,Jorge José María Sanjuan Pazos,47,AUTO,A Coruna,correduria,2024-01-21,,397.21,150,False
POL100797,AS20797,Alejo Aparicio,53,VIDA,Alicante,correduria,2022-08-28,,334.11,0,False
POL100798,AS20798,Amada Esparza Tudela,66,AUTO,Cantabria,telefono,2023-12-01,,372.46,300,False
POL100799,AS20799,Águeda Peral Sanmiguel,75,AUTO,Baleares,online,2024-03-06,,462.13,150,False
POL100800,AS20800,José Luis Juan Pablo Tomé Blanca,58,VIDA,Sevilla,online,2023-03-04,,358.59,0,False
POL100801,AS20801,Osvaldo Benavent Alberto,38,HOGAR,Girona,agente,2022-11-02,,228.05,300,False
POL100802,AS20802,Armida Arregui,54,VIDA,Lleida,online,2021-08-12,,229.7,0,False
POL100803,AS20803,Cornelio Cañellas Angulo,70,AUTO,Sevilla,agente,2024-10-01,,588.76,450,False
POL100804,AS20804,Paloma Clarisa Barreda Ros,54,AUTO,Barcelona,correduria,2024-03-19,,413.27,300,False
POL100805,AS20805,Rosa María Leal Valera,64,AUTO,Vizcaya,telefono,2023-11-18,,531.89,450,False
POL100806,AS20806,Anita Cases Guzman,23,HOGAR,Lleida,correduria,2022-05-21,,194.92,300,False
POL100807,AS20807,Reyna Romero Cuesta,59,VIDA,Sevilla,agente,2022-03-19,,389.73,0,False
POL100808,AS20808,Olimpia del Dueñas,30,SALUD,Girona,online,2021-06-23,,740.34,0,False
POL100809,AS20809,Omar Lastra Ortega,58,SALUD,Valencia,correduria,2021-04-29,,765.1,0,False
POL100810,AS20810,Cosme de Quero,79,AUTO,Alicante,agente,2023-11-18,,511.51,450,False
POL100811,AS20811,Juan Luis Bustos Jódar,33,VIDA,Lleida,online,2022-05-06,,255.06,0,False
POL100812,AS20812,Tristán Conrado Fabregat Salcedo,72,SALUD,Madrid,online,2021-06-19,,955.47,0,False
POL100813,AS20813,Roxana Alcázar Antón,77,AUTO,Girona,agente,2023-02-27,2024-03-17,582.02,150,True
POL100814,AS20814,Virgilio Cuéllar Blanch,22,AUTO,Alicante,online,2022-10-25,,362.17,150,False
POL100815,AS20815,Matías Ayllón Pinilla,59,AUTO,Malaga,correduria,2023-06-28,,381.35,150,False
POL100816,AS20816,Virginia Roman Cardona,60,VIDA,Sevilla,agente,2023-05-02,,386.69,0,False
POL100817,AS20817,Silvio Agustín Moreno,84,VIDA,Girona,telefono,2021-11-13,,464.36,0,False
POL100818,AS20818,África Guillén Cornejo,58,AUTO,Tarragona,online,2024-08-25,,404.3,150,False
POL100819,AS20819,Benigna del Almazán,61,SALUD,Sevilla,telefono,2024-06-15,,911.08,0,False
POL100820,AS20820,Nerea Asenjo Borrás,61,AUTO,Tarragona,online,2021-12-29,,522.21,450,False
POL100821,AS20821,Hernando Pascual-Salmerón,28,HOGAR,Vizcaya,correduria,2022-05-21,2024-11-24,190.6,0,True
POL100822,AS20822,Ana Belén Castellanos Roig,29,AUTO,Lleida,correduria,2022-07-23,,312.04,300,False
POL100823,AS20823,Odalis Cañizares Ibáñez,61,VIDA,Malaga,agente,2023-10-27,,364.26,0,False
POL100824,AS20824,Anunciación Francisco-Cabo,18,AUTO,Asturias,telefono,2023-01-14,,478.89,300,False
POL100825,AS20825,Elpidio Piñol Duran,29,HOGAR,Madrid,agente,2021-08-05,,194.8,0,False
POL100826,AS20826,Cristóbal Diéguez Nebot,34,AUTO,Sevilla,correduria,2022-09-29,2024-07-24,481.95,450,True
POL100827,AS20827,Primitiva Hidalgo,46,HOGAR,Baleares,online,2021-08-14,,265.63,0,False
POL100828,AS20828,Jordán Cabañas Perez,72,VIDA,Cantabria,telefono,2021-04-19,2022-03-25,376.74,0,True
POL100829,AS20829,Cristian Chamorro,47,AUTO,Cantabria,online,2022-05-26,,526.66,600,False
POL100830,AS20830,Eulalia de Arcos,73,SALUD,Baleares,correduria,2024-04-09,,801.81,0,False
POL100831,AS20831,Cesar Mariscal Esteve,29,HOGAR,Malaga,online,2021-09-07,,160.64,300,False
POL100832,AS20832,Eutropio Cebrián Carvajal Lobo,19,AUTO,Tarragona,agente,2024-08-03,,340.06,600,False
POL100833,AS20833,Benito de Molins,74,AUTO,Zaragoza,correduria,2024-08-02,2026-02-03,410.19,300,True
POL100834,AS20834,Pastora Suarez Coronado,49,AUTO,Asturias,agente,2021-08-18,,489.15,150,False
POL100835,AS20835,Adrián Hervás Márquez,27,AUTO,Madrid,agente,2023-05-26,,344.1,150,False
POL100836,AS20836,Perla Puga Carro,67,VIDA,Valencia,online,2024-03-06,,295.85,0,False
POL100837,AS20837,Susana Odalis Morata Ferrer,68,AUTO,Vizcaya,correduria,2024-12-14,,428.43,450,False
POL100838,AS20838,Marcelino Nicolás Pardo,66,HOGAR,Asturias,online,2021-02-28,,330.04,300,False
POL100839,AS20839,Benigno Cal Blanca,52,HOGAR,Lleida,agente,2023-11-06,,231.81,150,False
POL100840,AS20840,Hernán Vergara Torrecilla,69,HOGAR,Madrid,telefono,2021-05-31,,328.56,300,False
POL100841,AS20841,Leoncio Morillo Lago,65,HOGAR,Sevilla,online,2022-06-11,2025-05-12,218.03,300,True
POL100842,AS20842,Balduino Montes Recio,53,AUTO,Vizcaya,agente,2024-05-01,,625.44,300,False
POL100843,AS20843,Casandra Camacho Rocha,50,AUTO,Cantabria,correduria,2022-11-13,,272.96,150,False
POL100844,AS20844,Angelino Esteban Cabrero,69,HOGAR,Barcelona,correduria,2023-10-14,2025-03-11,329.72,0,True
POL100845,AS20845,Victor Manuel Prado Lara,27,VIDA,Girona,agente,2023-02-10,,306.22,0,False
POL100846,AS20846,Gabino Félix Jara Bayo,43,HOGAR,Alicante,correduria,2024-06-27,,218.11,150,False
POL100847,AS20847,Eusebia Laura Balaguer Vázquez,59,AUTO,Asturias,online,2024-12-27,,401.59,600,False
POL100848,AS20848,Emigdio Andres,75,VIDA,Valencia,agente,2022-02-16,,364.73,0,False
POL100849,AS20849,Lupe Constanza Matas Giménez,57,AUTO,Asturias,correduria,2023-06-06,,436.18,600,False
POL100850,AS20850,Encarnita Baró-Calatayud,36,HOGAR,Lleida,online,2023-07-17,,223.87,300,False
POL100851,AS20851,Abril Torrijos-Amat,43,SALUD,Girona,correduria,2024-03-01,,749.45,0,False
POL100852,AS20852,Segismundo Jódar Tejero,22,AUTO,Alicante,telefono,2022-10-08,,230.21,600,False
POL100853,AS20853,Dorotea de Aragón,33,AUTO,Sevilla,agente,2022-06-24,,478.78,600,False
POL100854,AS20854,Teobaldo Albino Luz Barros,37,AUTO,Alicante,agente,2024-12-23,,432.16,450,False
POL100855,AS20855,Ainoa Ocaña,34,HOGAR,Girona,correduria,2023-07-11,,318.2,150,False
POL100856,AS20856,Fortunato de Barón,30,VIDA,Tarragona,correduria,2022-08-25,,245.66,0,False
POL100857,AS20857,Aránzazu Porcel-Moles,22,HOGAR,Malaga,agente,2021-12-09,,190.54,150,False
POL100858,AS20858,Amor Arnaiz Huertas,62,AUTO,Sevilla,agente,2021-05-11,,429.94,300,False
POL100859,AS20859,Heraclio Juan José Lledó Cortina,45,AUTO,Vizcaya,online,2022-08-31,,409.64,600,False
POL100860,AS20860,Zacarías Franch Merino,66,HOGAR,Lleida,telefono,2023-04-15,2024-10-01,339.18,0,True
POL100861,AS20861,Remigio Seguí Piña,78,HOGAR,Malaga,correduria,2021-11-25,,364.7,300,False
POL100862,AS20862,Augusto Germán Castañeda Martínez,70,AUTO,Barcelona,telefono,2024-09-10,,451.6,450,False
POL100863,AS20863,Juana Santiago-Alvarado,59,HOGAR,Barcelona,online,2022-07-20,,286.0,300,False
POL100864,AS20864,Cristina Guardia Piñol,45,HOGAR,Valencia,correduria,2021-09-30,,278.31,150,False
POL100865,AS20865,Florinda Coello Barriga,21,AUTO,Malaga,telefono,2022-07-16,,485.72,600,False
POL100866,AS20866,Basilio Báez Aller,18,VIDA,A Coruna,online,2024-09-30,,279.98,0,False
POL100867,AS20867,Tatiana del Morales,53,AUTO,Madrid,telefono,2022-06-20,,415.31,300,False
POL100868,AS20868,Alfredo del Albero,43,AUTO,Zaragoza,online,2023-11-20,,410.53,150,False
POL100869,AS20869,Plinio Carballo Ocaña,84,HOGAR,Asturias,online,2021-02-12,,320.36,0,False
POL100870,AS20870,Jose Ramón Cabañas,81,VIDA,Alicante,agente,2024-06-13,,448.72,0,False
POL100871,AS20871,Atilio Santamaria Cañas,59,HOGAR,Zaragoza,agente,2023-03-06,,325.57,150,False
POL100872,AS20872,Beatriz Solé Domingo,80,HOGAR,Zaragoza,online,2024-01-24,,309.83,0,False
POL100873,AS20873,Eutropio Montalbán Luque,37,AUTO,Barcelona,correduria,2023-05-02,,262.04,450,False
POL100874,AS20874,Trinidad Barbero-Lobato,61,HOGAR,Malaga,correduria,2024-08-05,,413.59,300,False
POL100875,AS20875,Bibiana Higueras Borja,27,HOGAR,Alicante,correduria,2024-02-19,,210.4,0,False
POL100876,AS20876,Artemio Ferrández,40,AUTO,Barcelona,agente,2023-09-22,,418.06,150,False
POL100877,AS20877,Ale Adadia-Cortina,62,VIDA,Tarragona,correduria,2023-04-18,,337.5,0,False
POL100878,AS20878,Edelmira Ledesma Arcos,31,AUTO,Barcelona,correduria,2022-12-05,,459.37,300,False
POL100879,AS20879,Azahar del Murcia,25,HOGAR,Cantabria,correduria,2023-12-11,,246.75,0,False
POL100880,AS20880,Haroldo Arce,72,HOGAR,Malaga,agente,2021-01-16,,281.49,150,False
POL100881,AS20881,Tecla Pozo Carpio,26,HOGAR,Alicante,online,2024-05-18,,295.2,0,False
POL100882,AS20882,Chus Larrañaga,41,VIDA,Sevilla,agente,2021-02-10,,263.66,0,False
POL100883,AS20883,Paloma Rita Pino Palacios,38,VIDA,Malaga,agente,2021-09-04,,391.58,0,False
POL100884,AS20884,Natalia Torrens Palomares,62,AUTO,Sevilla,online,2021-07-17,,513.64,450,False
POL100885,AS20885,Jeremías Llobet Rocha,36,AUTO,Madrid,correduria,2023-10-26,,524.3,600,False
POL100886,AS20886,Domingo Íñigo Castell Cantero,55,AUTO,Madrid,correduria,2021-11-29,2022-02-24,550.11,150,True
POL100887,AS20887,Josep Solé Castellanos,82,AUTO,Cantabria,telefono,2022-12-24,,528.61,450,False
POL100888,AS20888,Salud Tormo Morales,51,HOGAR,Madrid,agente,2022-01-16,,341.55,300,False
POL100889,AS20889,Nilda Arteaga Barragán,62,HOGAR,Barcelona,agente,2023-10-01,,254.22,0,False
POL100890,AS20890,Sergio Huguet Arcos,43,HOGAR,Tarragona,online,2021-01-26,2021-11-27,329.06,300,True
POL100891,AS20891,Espiridión Peinado,42,HOGAR,Barcelona,telefono,2022-09-13,,246.46,150,False
POL100892,AS20892,Lucio Gilabert-Murcia,35,AUTO,Lleida,telefono,2021-05-14,,469.5,450,False
POL100893,AS20893,Martin Salvador Nuñez,80,VIDA,Barcelona,agente,2021-04-19,2023-12-29,403.81,0,True
POL100894,AS20894,Jose Luis Solé Salgado,66,HOGAR,Lleida,agente,2021-09-04,,318.41,150,False
POL100895,AS20895,Manu Lillo,74,VIDA,Tarragona,online,2022-07-24,,478.94,0,False
POL100896,AS20896,Sabas Alemany-Palomino,61,SALUD,Asturias,correduria,2022-08-27,,918.46,0,False
POL100897,AS20897,Eustaquio Garrido Vilalta,83,HOGAR,Zaragoza,correduria,2022-04-20,2023-10-07,261.46,300,True
POL100898,AS20898,Francisco Quintero Llabrés,37,HOGAR,Baleares,agente,2021-02-04,,178.06,300,False
POL100899,AS20899,Alejandro Fabra Lladó,68,VIDA,Baleares,online,2022-01-01,,325.0,0,False
POL100900,AS20900,Jonatan Naranjo Cabrera,78,HOGAR,Lleida,agente,2022-09-18,,241.53,300,False
POL100901,AS20901,Carmelo Amores Álvarez,24,SALUD,Lleida,telefono,2021-02-13,,528.95,0,False
POL100902,AS20902,Teodora Rosado Barriga,58,AUTO,Lleida,agente,2023-12-14,,455.33,450,False
POL100903,AS20903,Tito del Gámez,54,AUTO,Lleida,online,2021-10-16,,451.05,450,False
POL100904,AS20904,Sigfrido Gerónimo Manso Rosa,76,AUTO,Malaga,telefono,2023-07-06,,499.97,300,False
POL100905,AS20905,Nico Requena Vallejo,44,SALUD,Valencia,correduria,2024-11-09,,948.54,0,False
POL100906,AS20906,Pastora Sedano Castell,35,AUTO,Zaragoza,agente,2022-05-17,,414.59,450,False
POL100907,AS20907,Cristóbal Badía Pereira,68,SALUD,Tarragona,agente,2021-08-26,,761.02,0,False
POL100908,AS20908,Iker Carbajo Ramírez,66,AUTO,Malaga,telefono,2024-03-03,,391.31,300,False
POL100909,AS20909,Florinda Nicolau Agudo,19,SALUD,Cantabria,correduria,2022-07-27,2023-01-20,751.85,0,True
POL100910,AS20910,Olga Coca Raya,43,AUTO,Lleida,telefono,2021-10-03,,408.05,600,False
POL100911,AS20911,Águeda Borrell Sabater,66,AUTO,Baleares,correduria,2022-05-04,,457.13,150,False
POL100912,AS20912,Dani Heredia Roldan,74,VIDA,Alicante,agente,2023-10-06,,352.16,0,False
POL100913,AS20913,Narcisa Poza-Palacios,77,AUTO,Sevilla,online,2023-01-02,,378.52,300,False
POL100914,AS20914,Juan Antonio Puente,27,AUTO,Cantabria,online,2022-07-12,2023-12-14,449.32,600,True
POL100915,AS20915,Leoncio Borja Feijoo Taboada,79,AUTO,Barcelona,agente,2022-12-08,,463.56,300,False
POL100916,AS20916,Loreto Muro Garrido,54,AUTO,Baleares,online,2021-06-22,2022-10-05,401.1,300,True
POL100917,AS20917,Teo Bonifacio Valdés Navarrete,41,VIDA,Vizcaya,telefono,2022-11-16,,278.08,0,False
POL100918,AS20918,Genoveva Arnal Galiano,59,HOGAR,Girona,correduria,2022-07-13,,176.97,0,False
POL100919,AS20919,Lázaro Ricart-Arco,32,VIDA,Sevilla,telefono,2022-01-23,,246.24,0,False
POL100920,AS20920,Curro Tur Cordero,76,AUTO,Barcelona,agente,2024-09-30,,532.41,450,False
POL100921,AS20921,Fátima Tecla Benet Gutiérrez,71,HOGAR,Barcelona,correduria,2021-02-03,,336.14,300,False
POL100922,AS20922,Jose Antonio Millán Torre,36,SALUD,Alicante,agente,2021-09-05,,879.11,0,False
POL100923,AS20923,Vidal Arteaga Jódar,70,SALUD,Valencia,online,2023-10-07,,1023.9,0,False
POL100924,AS20924,Eduardo Carrasco Vilanova,39,HOGAR,Girona,correduria,2021-03-08,,166.78,300,False
POL100925,AS20925,Jose Ignacio Ángel-Peral,49,HOGAR,Malaga,agente,2022-01-06,2024-10-29,240.01,0,True
POL100926,AS20926,Mireia Donaire Cerro,77,AUTO,Madrid,online,2021-12-18,,488.77,600,False
POL100927,AS20927,Eva Expósito,68,AUTO,Tarragona,telefono,2023-07-09,,466.67,450,False
POL100928,AS20928,Eva Marisela Vilalta Ferrández,75,HOGAR,Cantabria,correduria,2021-05-15,,305.9,0,False
POL100929,AS20929,Buenaventura Pi Garmendia,65,AUTO,Valencia,agente,2021-04-10,,480.95,150,False
POL100930,AS20930,Amancio Niño Cabrera,38,AUTO,Tarragona,agente,2021-02-07,,378.65,600,False
POL100931,AS20931,Iván Alberdi Chamorro,21,HOGAR,Sevilla,agente,2022-11-04,2022-12-12,196.68,150,True
POL100932,AS20932,Julieta Olmedo Cid,74,AUTO,Cantabria,correduria,2023-03-17,,541.18,600,False
POL100933,AS20933,Wálter Reina Cuéllar,77,SALUD,Valencia,agente,2022-02-07,,1041.55,0,False
POL100934,AS20934,Elpidio Jáuregui Rivera,47,AUTO,Madrid,agente,2021-11-17,2023-12-20,521.21,450,True
POL100935,AS20935,Demetrio Lucas Gil,39,HOGAR,Lleida,agente,2024-10-23,,352.04,0,False
POL100936,AS20936,Patricia Marisa Moll Piña,24,HOGAR,Barcelona,agente,2023-05-29,,202.92,300,False
POL100937,AS20937,Domitila Rius Cordero,19,HOGAR,Sevilla,agente,2024-03-20,,281.88,150,False
POL100938,AS20938,Geraldo Morata Lucas,73,AUTO,Sevilla,agente,2021-08-30,,464.17,150,False
POL100939,AS20939,Marta del Vallés,65,AUTO,Madrid,online,2021-09-08,,449.39,600,False
POL100940,AS20940,Débora Cobo Cazorla,81,HOGAR,Zaragoza,correduria,2021-08-24,,488.06,0,False
POL100941,AS20941,Maximiliano del Cabo,76,SALUD,Baleares,correduria,2023-08-07,,599.88,0,False
POL100942,AS20942,Nerea Español Muñoz,33,HOGAR,Baleares,online,2022-12-23,,255.56,300,False
POL100943,AS20943,Maribel Pinto,67,AUTO,Tarragona,agente,2021-08-02,2022-12-22,483.02,600,True
POL100944,AS20944,África Marín Miranda,47,AUTO,Vizcaya,telefono,2022-07-25,2022-11-19,503.74,450,True
POL100945,AS20945,Javier Benito Fuentes,84,AUTO,Valencia,online,2022-11-05,,538.99,450,False
POL100946,AS20946,Dalila Mendizábal Hurtado,27,AUTO,Madrid,agente,2023-11-14,,323.08,300,False
POL100947,AS20947,Rosalva Quiroga Guillén,68,AUTO,Zaragoza,correduria,2021-11-03,,521.69,450,False
POL100948,AS20948,Petrona Sarmiento Atienza,45,SALUD,A Coruna,telefono,2022-03-28,,809.44,0,False
POL100949,AS20949,Ibán Mercader Carranza,44,AUTO,Cantabria,telefono,2022-10-12,,570.9,450,False
POL100950,AS20950,Dafne Ortiz Ros,80,HOGAR,Barcelona,agente,2021-11-24,,390.54,300,False
POL100951,AS20951,José Mari Gastón Coloma Portero,53,AUTO,Sevilla,agente,2021-03-22,,494.18,150,False
POL100952,AS20952,Azucena Vera,48,AUTO,Tarragona,telefono,2022-08-23,,418.0,600,False
POL100953,AS20953,Pastora de Cervantes,21,HOGAR,Baleares,online,2021-06-04,,275.97,300,False
POL100954,AS20954,Iker Leal Benavides,32,AUTO,Barcelona,correduria,2023-06-05,,359.09,300,False
POL100955,AS20955,Judith Antonia Calvo Amigó,73,AUTO,Vizcaya,correduria,2023-05-16,,471.21,450,False
POL100956,AS20956,Fernando Colomer Linares,43,HOGAR,Asturias,correduria,2024-02-19,,338.59,0,False
POL100957,AS20957,Alba Aroca-Solís,45,SALUD,Lleida,telefono,2022-09-09,2023-10-24,638.0,0,True
POL100958,AS20958,Raquel Carvajal Jurado,34,AUTO,Cantabria,telefono,2024-05-01,,323.66,300,False
POL100959,AS20959,Marcelo Hervia Andrade,46,AUTO,Zaragoza,telefono,2023-03-08,,377.22,450,False
POL100960,AS20960,Carmina López-Borrego,44,VIDA,Baleares,agente,2024-02-21,,325.8,0,False
POL100961,AS20961,Lisandro Alberola Menendez,61,HOGAR,Malaga,correduria,2024-09-15,,277.31,150,False
POL100962,AS20962,Fermín Torrijos Luna,23,AUTO,Madrid,agente,2024-06-19,,428.27,600,False
POL100963,AS20963,Erasmo Nicanor Pomares Aliaga,42,AUTO,Madrid,telefono,2022-02-09,,463.57,450,False
POL100964,AS20964,Viviana Bermúdez Pomares,62,SALUD,Tarragona,correduria,2022-12-02,,816.78,0,False
POL100965,AS20965,Heliodoro Santana-Vergara,57,HOGAR,Tarragona,online,2021-04-21,2023-06-27,286.16,0,True
POL100966,AS20966,Baltasar del Palomino,27,HOGAR,Girona,agente,2022-08-12,,197.43,150,False
POL100967,AS20967,Quirino de Linares,76,AUTO,Cantabria,online,2022-07-22,,492.19,450,False
POL100968,AS20968,Corona Aguilera Corominas,38,SALUD,Madrid,agente,2022-08-14,2023-04-21,681.25,0,True
POL100969,AS20969,Encarnacion Marí Bertrán,37,AUTO,Malaga,telefono,2022-04-27,,419.94,300,False
POL100970,AS20970,Aristides Cabanillas Soria,78,AUTO,Valencia,online,2022-01-18,,486.01,600,False
POL100971,AS20971,Adolfo Gil Montalbán Llanos,58,VIDA,Malaga,agente,2022-09-12,,269.77,0,False
POL100972,AS20972,Luisina Cortés Aguirre,72,VIDA,Asturias,online,2022-05-08,,283.55,0,False
POL100973,AS20973,Celso Néstor Ariza Lillo,34,AUTO,Lleida,agente,2021-04-01,,689.35,450,False
POL100974,AS20974,Luna Torrent Alcaraz,45,HOGAR,Malaga,correduria,2021-09-30,,332.97,150,False
POL100975,AS20975,Raúl Carro Cañas,59,AUTO,Tarragona,correduria,2023-12-26,2025-12-27,488.97,600,True
POL100976,AS20976,Asunción Nicolás Tejedor,54,SALUD,Lleida,agente,2022-01-10,,748.02,0,False
POL100977,AS20977,María Ángeles del Jordá,79,AUTO,Lleida,online,2021-08-16,,521.38,450,False
POL100978,AS20978,Florina Jover,70,AUTO,Asturias,agente,2024-01-06,,518.91,300,False
POL100979,AS20979,Chus Pulido Sánchez,44,HOGAR,Valencia,correduria,2022-04-03,,276.12,300,False
POL100980,AS20980,Leopoldo Rico Jove,37,SALUD,Vizcaya,online,2023-05-14,,655.71,0,False
POL100981,AS20981,Miguel Roig Villegas,19,HOGAR,Baleares,agente,2021-05-31,,231.25,300,False
POL100982,AS20982,María Dolores Román Amor,71,HOGAR,A Coruna,agente,2021-03-04,,320.12,0,False
POL100983,AS20983,Alfredo del Lucas,33,AUTO,Asturias,correduria,2023-06-22,,359.88,300,False
POL100984,AS20984,Matilde Blázquez,35,AUTO,Baleares,telefono,2023-07-06,2024-02-13,494.32,150,True
POL100985,AS20985,Laura Marisol Noguera Briones,53,VIDA,Tarragona,agente,2024-02-25,,217.22,0,False
POL100986,AS20986,Aitor Palacios Lozano,24,AUTO,Cantabria,correduria,2024-12-08,,282.38,600,False
POL100987,AS20987,Eufemia Quintero Múñiz,41,SALUD,Barcelona,online,2023-08-04,2024-01-20,885.41,0,True
POL100988,AS20988,Encarnación del Blanca,64,SALUD,Asturias,correduria,2024-05-26,,737.82,0,False
POL100989,AS20989,Fabiola Valero-Fiol,53,HOGAR,A Coruna,correduria,2021-10-05,,258.56,300,False
POL100990,AS20990,Juan Carlos Camacho-Figueroa,31,AUTO,Baleares,agente,2024-08-24,,264.89,300,False
POL100991,AS20991,Jerónimo Yuste Morillo,60,SALUD,Alicante,agente,2021-04-22,,845.25,0,False
POL100992,AS20992,Leonardo Carbó,42,VIDA,Barcelona,agente,2022-09-16,,346.15,0,False
POL100993,AS20993,Marino Ramirez Hernando,27,HOGAR,Cantabria,correduria,2021-07-25,,339.61,300,False
POL100994,AS20994,Javier Ramis-Pol,76,AUTO,Girona,agente,2024-10-29,,315.57,450,False
POL100995,AS20995,Elpidio Barrena Carmona,34,HOGAR,A Coruna,correduria,2021-05-02,,228.14,0,False
POL100996,AS20996,Vito Vigil-Reig,25,VIDA,Alicante,online,2023-04-11,,392.81,0,False
POL100997,AS20997,Olegario Escudero Llano,54,AUTO,Alicante,online,2021-09-04,2024-03-29,450.85,300,True
POL100998,AS20998,Germán Sola León,70,AUTO,Sevilla,agente,2021-09-14,,485.95,150,False
POL100999,AS20999,Sandalio de Garcia,27,AUTO,Vizcaya,correduria,2024-03-26,,448.89,450,False
POL101000,AS21000,Severo Uría Ballesteros,61,VIDA,Asturias,online,2021-03-19,,325.69,0,False
POL101001,AS21001,María Pilar Valle Goñi,66,AUTO,Zaragoza,correduria,2022-10-20,,469.79,300,False
POL101002,AS21002,Salvador Carballo-Araujo,68,HOGAR,Sevilla,agente,2022-04-25,,303.12,0,False
POL101003,AS21003,Rafael de Valenzuela,52,HOGAR,Cantabria,online,2021-04-21,2023-12-28,345.92,150,True
POL101004,AS21004,Luís Coll Taboada,51,HOGAR,Asturias,agente,2022-05-08,,267.27,150,False
POL101005,AS21005,Álvaro Julián Guillen,61,AUTO,Girona,online,2021-06-10,,474.92,150,False
POL101006,AS21006,Marino Vives Pozo,22,SALUD,Girona,agente,2024-04-29,,763.75,0,False
POL101007,AS21007,Hortensia Somoza,28,AUTO,Tarragona,telefono,2023-02-18,2024-06-05,370.95,600,True
POL101008,AS21008,Desiderio Ponce Lamas,70,VIDA,Sevilla,correduria,2021-01-03,,314.17,0,False
POL101009,AS21009,Porfirio Tejero Arco,80,AUTO,Girona,telefono,2024-11-27,,477.72,150,False
POL101010,AS21010,Laura Miró Morata,31,HOGAR,Alicante,online,2024-08-01,,258.81,0,False
POL101011,AS21011,Agustín Bonilla-Neira,83,AUTO,Valencia,agente,2024-06-19,,508.99,150,False
POL101012,AS21012,Jose Miguel Granados Díaz,32,AUTO,Madrid,online,2024-12-04,,501.86,300,False
POL101013,AS21013,Ruth Cobos-Gual,61,VIDA,Tarragona,online,2021-06-13,,326.67,0,False
POL101014,AS21014,Beatriz Carmona-Frutos,47,AUTO,Vizcaya,agente,2023-05-21,,452.41,600,False
POL101015,AS21015,Josep Ariño Asensio,42,HOGAR,Sevilla,online,2023-08-20,,275.99,150,False
POL101016,AS21016,Julieta Lago Toro,75,HOGAR,Madrid,agente,2023-06-12,,237.04,300,False
POL101017,AS21017,Lucio Robles Rincón,65,AUTO,Valencia,telefono,2024-04-18,,586.27,600,False
POL101018,AS21018,Chita de Lastra,38,HOGAR,A Coruna,agente,2021-06-27,,308.21,300,False
POL101019,AS21019,Mercedes Ojeda-Acevedo,40,SALUD,Alicante,telefono,2024-01-20,,677.6,0,False
POL101020,AS21020,Ágata Soledad Gallo Iñiguez,65,AUTO,Cantabria,online,2023-04-02,,465.63,300,False
POL101021,AS21021,Valentín Garriga Amigó,62,VIDA,Vizcaya,correduria,2022-01-27,,282.74,0,False
POL101022,AS21022,Agapito Valentín Mora Mate,69,AUTO,Cantabria,online,2023-02-04,,438.4,450,False
POL101023,AS21023,Juan Manuel Sanmiguel Gonzalo,46,HOGAR,A Coruna,agente,2024-12-28,,261.13,300,False
POL101024,AS21024,Matilde Domingo Mariño,45,AUTO,A Coruna,correduria,2022-11-18,,486.03,600,False
POL101025,AS21025,Clementina Bernat Dominguez,60,AUTO,Cantabria,online,2022-02-05,2022-07-17,337.17,300,True
POL101026,AS21026,Régulo Collado Sanjuan,32,HOGAR,Barcelona,agente,2021-11-24,,203.14,150,False
POL101027,AS21027,Maristela Egea Roig,78,AUTO,Malaga,correduria,2024-11-07,,381.53,600,False
POL101028,AS21028,Jose Antonio Arévalo Bru,52,SALUD,Valencia,telefono,2023-06-02,,635.23,0,False
POL101029,AS21029,Jose Luis Taboada Llorente,35,HOGAR,Tarragona,online,2022-08-01,,227.45,0,False
POL101030,AS21030,Ibán Peiró-Cal,57,AUTO,A Coruna,correduria,2023-03-20,,469.67,600,False
POL101031,AS21031,Pancho Espejo Cruz,53,HOGAR,Zaragoza,agente,2022-08-01,2023-02-27,319.02,150,True
POL101032,AS21032,Pacífica Tovar Barragán,42,AUTO,Alicante,online,2021-09-03,,369.81,600,False
POL101033,AS21033,Anselma Sevilla,38,HOGAR,Lleida,telefono,2023-12-03,,269.39,0,False
POL101034,AS21034,Silvio del Echevarría,53,VIDA,Malaga,agente,2022-09-18,,327.59,0,False
POL101035,AS21035,Josué Jordá Cabezas,78,VIDA,Girona,online,2023-09-02,,334.78,0,False
POL101036,AS21036,Ruperta Mora Jove,18,AUTO,Tarragona,agente,2023-06-27,2025-12-21,488.39,300,True
POL101037,AS21037,Nydia Romeu,81,AUTO,Alicante,telefono,2024-07-13,,351.73,450,False
POL101038,AS21038,Quique Andreu Conde,84,HOGAR,Lleida,online,2022-05-13,,368.09,0,False
POL101039,AS21039,Rosendo Cuéllar Ferrándiz,39,AUTO,Alicante,agente,2024-09-15,,318.61,450,False
POL101040,AS21040,Óscar León Miralles,52,SALUD,Tarragona,online,2022-04-05,,898.84,0,False
POL101041,AS21041,Eufemia Acero Miranda,67,HOGAR,Alicante,telefono,2022-03-11,,238.14,150,False
POL101042,AS21042,Damián Jáuregui-Maza,45,HOGAR,Alicante,agente,2022-02-18,,263.41,150,False
POL101043,AS21043,Felix Iborra Busquets,34,VIDA,A Coruna,agente,2022-01-16,,295.61,0,False
POL101044,AS21044,Abraham Carbó Mata,74,VIDA,Sevilla,agente,2024-08-30,2025-05-01,336.05,0,True
POL101045,AS21045,Calisto Llano Garcia,51,HOGAR,Baleares,agente,2024-05-02,,314.22,150,False
POL101046,AS21046,Omar Briones Martin,36,HOGAR,Asturias,correduria,2024-02-16,,282.23,300,False
POL101047,AS21047,Federico Priego-Noguera,62,AUTO,Sevilla,correduria,2021-10-05,,536.22,600,False
POL101048,AS21048,Severo Expósito,30,SALUD,Zaragoza,agente,2022-07-06,,668.09,0,False
POL101049,AS21049,Áurea Clemente,66,VIDA,Zaragoza,telefono,2022-03-15,,246.56,0,False
POL101050,AS21050,Maximiano Cuéllar,43,AUTO,Baleares,online,2021-12-27,,507.22,600,False
POL101051,AS21051,Xiomara Gimenez,80,AUTO,Tarragona,telefono,2024-03-19,,508.44,450,False
POL101052,AS21052,Juanita Marín Valls,36,VIDA,Vizcaya,telefono,2022-07-31,,303.02,0,False
POL101053,AS21053,Amarilis Blanca Díaz,51,HOGAR,Malaga,online,2024-07-07,,339.1,300,False
POL101054,AS21054,José Coll Chaves,66,AUTO,Baleares,online,2022-11-20,,495.58,300,False
POL101055,AS21055,Toni Vega Macías,47,AUTO,Girona,agente,2021-11-16,,362.23,600,False
POL101056,AS21056,Manola Baeza-Sebastián,43,HOGAR,Barcelona,telefono,2022-05-26,,303.66,0,False
POL101057,AS21057,Agapito Iñiguez,61,HOGAR,Cantabria,correduria,2024-03-17,,337.74,0,False
POL101058,AS21058,Rafaela Morales Cuevas,63,AUTO,Valencia,agente,2021-05-25,,375.74,600,False
POL101059,AS21059,Luis Ángel de Farré,46,AUTO,Vizcaya,correduria,2023-03-20,,431.68,300,False
POL101060,AS21060,Maribel Alberola Nogueira,64,VIDA,Tarragona,agente,2022-05-20,2022-12-08,278.66,0,True
POL101061,AS21061,Nieves Llabrés Sala,80,VIDA,Baleares,correduria,2024-04-22,,450.25,0,False
POL101062,AS21062,Amada Maza-Palacios,48,HOGAR,Madrid,correduria,2024-03-30,,355.59,300,False
POL101063,AS21063,Donato García-Guzmán,72,VIDA,Barcelona,agente,2021-08-24,,357.57,0,False
POL101064,AS21064,Marisela Rita Amorós Verdejo,37,HOGAR,Baleares,online,2024-10-26,,277.73,300,False
POL101065,AS21065,Augusto Isaac Miguel Menéndez,48,VIDA,Girona,correduria,2021-06-03,,345.21,0,False
POL101066,AS21066,Pepe García Escamilla,71,AUTO,Madrid,telefono,2022-10-22,,381.33,450,False
POL101067,AS21067,Iván Romero Pereira,57,AUTO,Girona,correduria,2024-05-09,,494.3,450,False
POL101068,AS21068,Guillermo del Pozuelo,27,AUTO,Baleares,telefono,2023-02-20,,491.62,600,False
POL101069,AS21069,Eusebio Álvarez Villegas,30,HOGAR,A Coruna,agente,2022-09-29,,281.99,150,False
POL101070,AS21070,Octavia Rey-Bosch,18,AUTO,Vizcaya,online,2022-08-03,,409.3,150,False
POL101071,AS21071,Sofía Laguna Arenas,58,VIDA,Madrid,correduria,2021-08-03,,349.48,0,False
POL101072,AS21072,Vidal Bermúdez-Luque,18,AUTO,Malaga,correduria,2022-09-17,,290.91,600,False
POL101073,AS21073,Amaya Reyes Peiró,80,VIDA,Sevilla,online,2024-02-08,,397.41,0,False
POL101074,AS21074,Buenaventura Riera-Valls,83,AUTO,Zaragoza,online,2021-02-24,,689.32,300,False
POL101075,AS21075,Patricio Valcárcel Ferrer,69,AUTO,A Coruna,agente,2024-07-25,2027-06-13,376.13,150,True
POL101076,AS21076,Dalila Campillo Plana,25,AUTO,Valencia,correduria,2024-11-26,,342.14,300,False
POL101077,AS21077,Remigio Saez Morales,56,AUTO,Barcelona,agente,2024-01-29,2026-02-14,369.49,150,True
POL101078,AS21078,Azeneth Carreño-Nebot,77,AUTO,Baleares,online,2024-05-07,,451.12,300,False
POL101079,AS21079,Miguel Ángel Ros Anglada,81,AUTO,Vizcaya,correduria,2021-05-02,,623.44,450,False
POL101080,AS21080,Aristides Gilabert Galán,38,SALUD,Tarragona,online,2024-05-25,,809.32,0,False
POL101081,AS21081,Amílcar Campoy Jurado,59,AUTO,A Coruna,online,2023-04-01,,578.28,450,False
POL101082,AS21082,Dora Mayo Morcillo,40,HOGAR,Zaragoza,agente,2024-09-01,,255.78,150,False
POL101083,AS21083,Primitiva Tormo-Cabezas,71,AUTO,Cantabria,correduria,2023-10-30,2024-03-01,448.14,450,True
POL101084,AS21084,Anastasia del Manzano,54,AUTO,Tarragona,correduria,2021-01-25,2022-03-19,579.35,150,True
POL101085,AS21085,Clarisa Giner Alarcón,80,HOGAR,Cantabria,online,2021-06-25,,385.44,0,False
POL101086,AS21086,Gisela del Frutos,51,AUTO,Alicante,online,2022-06-02,,360.41,450,False
POL101087,AS21087,Manu Viana Marcos,32,AUTO,A Coruna,correduria,2024-10-22,,487.25,300,False
POL101088,AS21088,Edmundo Pinto-Múñiz,50,AUTO,Barcelona,agente,2023-01-24,,400.51,150,False
POL101089,AS21089,Jose Carlos de Mármol,68,VIDA,Asturias,agente,2021-11-15,,295.32,0,False
POL101090,AS21090,Adalberto Piñeiro Corral,21,SALUD,Malaga,agente,2021-12-21,,830.96,0,False
POL101091,AS21091,Asdrubal Fuertes Campos,58,AUTO,Girona,correduria,2023-08-27,,357.82,300,False
POL101092,AS21092,Aureliano Blas Hernando Cortés,58,AUTO,Barcelona,correduria,2023-01-17,,470.17,600,False
POL101093,AS21093,Soraya Barco Belda,77,AUTO,A Coruna,online,2022-06-02,,571.81,450,False
POL101094,AS21094,Lorenza Gárate Corominas,46,AUTO,Girona,agente,2023-02-03,,380.19,300,False
POL101095,AS21095,Milagros Iborra Ferrer,76,AUTO,Malaga,correduria,2024-11-04,,559.06,150,False
POL101096,AS21096,Manuela Santana Pozuelo,64,VIDA,Malaga,correduria,2023-12-16,,294.79,0,False
POL101097,AS21097,Telmo Kike Barco Sotelo,77,AUTO,Lleida,correduria,2023-01-12,,503.81,150,False
POL101098,AS21098,Pascuala Benet Huerta,44,VIDA,Asturias,correduria,2024-08-20,2027-03-26,331.26,0,True
POL101099,AS21099,Cebrián Aitor Valentín Río,18,AUTO,Valencia,correduria,2024-04-09,2026-05-17,428.14,300,True
POL101100,AS21100,Dorotea Casals-Peñas,19,HOGAR,Asturias,agente,2024-06-19,,203.37,0,False
POL101101,AS21101,Estrella Valderrama Castilla,29,VIDA,Valencia,agente,2021-02-03,,347.4,0,False
POL101102,AS21102,Febe Lobo,70,AUTO,Vizcaya,online,2023-11-01,,485.75,150,False
POL101103,AS21103,Georgina Rueda Valdés,68,VIDA,Girona,telefono,2023-05-01,,307.1,0,False
POL101104,AS21104,Fortunata Guerrero Lopez,79,VIDA,Baleares,agente,2022-03-02,,427.91,0,False
POL101105,AS21105,José Luis Carro-Amores,23,HOGAR,Lleida,online,2022-04-03,,300.58,0,False
POL101106,AS21106,Raúl Frías Gimeno,75,AUTO,Cantabria,agente,2021-02-16,,420.92,450,False
POL101107,AS21107,Rebeca Benet Robledo,73,AUTO,Madrid,agente,2023-07-12,,308.48,300,False
POL101108,AS21108,Salomón del Mateos,75,HOGAR,Baleares,online,2022-07-19,,366.69,0,False
POL101109,AS21109,Héctor Edu Lozano Ferrández,19,AUTO,Cantabria,online,2022-07-25,,485.51,450,False
POL101110,AS21110,Chucho Marquez,74,VIDA,Barcelona,telefono,2022-02-25,,341.57,0,False
POL101111,AS21111,Prudencio de Higueras,50,VIDA,Lleida,agente,2022-07-05,2023-10-08,441.17,0,True
POL101112,AS21112,Eladio Medina Carreño,75,HOGAR,Barcelona,online,2024-09-16,,293.06,150,False
POL101113,AS21113,Daniela Otero Torrecilla,72,HOGAR,Sevilla,telefono,2022-11-07,,376.82,300,False
POL101114,AS21114,Adrián Sureda Casal,75,HOGAR,Malaga,correduria,2024-10-03,,361.37,300,False
POL101115,AS21115,Amílcar Gascón Pons,76,AUTO,Lleida,online,2022-11-23,,576.55,150,False
POL101116,AS21116,Jose Ignacio Abellán Font,33,AUTO,A Coruna,correduria,2023-03-03,,415.95,300,False
POL101117,AS21117,Pancho Mendoza Pino,44,AUTO,Valencia,correduria,2023-12-29,,560.92,450,False
POL101118,AS21118,Raúl Álamo Roig,78,HOGAR,Vizcaya,agente,2022-05-16,,335.2,300,False
POL101119,AS21119,María Cristina Mendizábal Blanco,83,HOGAR,Lleida,agente,2024-01-25,,370.25,150,False
POL101120,AS21120,Febe Figuerola Reyes,49,HOGAR,Sevilla,online,2022-04-30,,316.26,150,False
POL101121,AS21121,Florentino Mendoza,58,AUTO,Zaragoza,correduria,2021-12-09,,459.21,600,False
POL101122,AS21122,Catalina Rubio-Martí,46,SALUD,Asturias,online,2024-05-18,,856.19,0,False
POL101123,AS21123,Juan Carlos Quirós Donaire,80,AUTO,Valencia,correduria,2024-08-27,,471.26,300,False
POL101124,AS21124,Natanael Mir Mas,47,AUTO,Zaragoza,online,2021-06-28,,529.29,150,False
POL101125,AS21125,Juanita Cabello Chaves,43,AUTO,Malaga,online,2024-09-26,,355.54,600,False
POL101126,AS21126,Nereida Marín Pozuelo,39,HOGAR,Girona,online,2023-01-24,,275.01,300,False
POL101127,AS21127,Calixto Carbó Aramburu,44,SALUD,A Coruna,online,2023-08-10,,466.51,0,False
POL101128,AS21128,Victor Manuel Castellanos Vila,77,HOGAR,Vizcaya,agente,2021-06-09,,369.79,150,False
POL101129,AS21129,Rosalina Águila Orozco,38,HOGAR,A Coruna,correduria,2024-12-23,2025-04-06,248.88,300,True
POL101130,AS21130,Albano Villegas Cepeda,81,VIDA,Tarragona,agente,2021-06-10,,403.85,0,False
POL101131,AS21131,Delfina de Montenegro,64,SALUD,Malaga,online,2021-10-12,2022-01-14,797.06,0,True
POL101132,AS21132,Dionisia Heras-Mir,50,HOGAR,Malaga,telefono,2023-10-24,,287.24,150,False
POL101133,AS21133,Lucio Baudelio Mate Revilla,23,VIDA,Lleida,agente,2024-11-05,,289.69,0,False
POL101134,AS21134,Brunilda Mármol Varela,65,SALUD,Malaga,agente,2021-05-24,,1052.56,0,False
POL101135,AS21135,Chucho Iglesias,46,AUTO,Vizcaya,telefono,2022-09-06,2022-10-27,513.83,150,True
POL101136,AS21136,Severiano del Girón,41,HOGAR,Valencia,agente,2024-12-19,,225.83,0,False
POL101137,AS21137,Leopoldo Maza Suárez,74,HOGAR,Alicante,online,2021-07-01,,212.88,300,False
POL101138,AS21138,Montserrat Iniesta Cózar,41,HOGAR,Asturias,telefono,2023-07-07,,329.92,0,False
POL101139,AS21139,Manu Bastida-Márquez,36,AUTO,Tarragona,agente,2022-09-28,2023-01-01,433.0,600,True
POL101140,AS21140,Sandra Vélez,52,AUTO,Asturias,agente,2021-06-30,,416.31,150,False
POL101141,AS21141,Plácido Bas Adán,45,VIDA,Tarragona,agente,2024-03-07,,357.4,0,False
POL101142,AS21142,Consuelo Trujillo Ugarte,53,VIDA,A Coruna,agente,2023-09-22,,204.86,0,False
POL101143,AS21143,Artemio Simó Cañizares,45,AUTO,Cantabria,agente,2023-05-16,,388.82,450,False
POL101144,AS21144,Olga Mónica Mateu Codina,23,HOGAR,Asturias,online,2022-05-09,,252.44,150,False
POL101145,AS21145,Gala Isern Gomila,25,HOGAR,Barcelona,online,2024-12-05,,213.0,300,False
POL101146,AS21146,Gervasio Jordán,70,HOGAR,Valencia,telefono,2023-02-09,,252.17,150,False
POL101147,AS21147,Flora Ricart Espinosa,34,AUTO,Cantabria,telefono,2023-04-24,,387.67,450,False
POL101148,AS21148,Rico Sevillano Fuente,27,AUTO,A Coruna,agente,2022-05-01,,396.64,150,False
POL101149,AS21149,Ismael Jaume,83,HOGAR,Sevilla,online,2023-10-19,,331.17,150,False
POL101150,AS21150,Sabina Cerdán Rodríguez,24,HOGAR,Baleares,agente,2021-09-19,,290.65,0,False
POL101151,AS21151,Borja Gomez Crespo,42,HOGAR,Madrid,online,2024-04-06,,288.93,0,False
POL101152,AS21152,Manola Flor Márquez,56,HOGAR,A Coruna,agente,2024-07-14,,263.24,0,False
POL101153,AS21153,Vasco Montesinos Garzón,29,SALUD,Girona,online,2023-09-17,,841.37,0,False
POL101154,AS21154,Venceslás Cepeda-Vila,73,HOGAR,Barcelona,agente,2024-12-29,,333.77,0,False
POL101155,AS21155,Débora Pino Mendoza,29,AUTO,Sevilla,telefono,2022-02-01,,507.94,150,False
POL101156,AS21156,Álvaro Menéndez Español,71,AUTO,Lleida,online,2024-12-14,,510.55,300,False
POL101157,AS21157,Xiomara Tenorio-Gracia,60,HOGAR,Girona,agente,2023-05-10,2024-03-30,409.33,150,True
POL101158,AS21158,León de Roselló,38,AUTO,Barcelona,online,2023-08-23,,462.38,600,False
POL101159,AS21159,Carlota Alberola Córdoba,46,HOGAR,Alicante,correduria,2024-09-18,,259.66,300,False
POL101160,AS21160,Mariano Domingo Aramburu,34,AUTO,Alicante,online,2022-02-02,,401.47,150,False
POL101161,AS21161,Octavio Correa Toledo,20,AUTO,Cantabria,online,2022-05-28,,290.67,450,False
POL101162,AS21162,Anita del Marí,18,AUTO,Girona,correduria,2022-03-18,,328.96,600,False
POL101163,AS21163,Luciana Pera Ballester,62,AUTO,Lleida,agente,2022-02-01,2023-09-10,486.45,300,True
POL101164,AS21164,Celso Artemio Alcalá Falcón,65,AUTO,Sevilla,telefono,2024-07-11,,517.24,450,False
POL101165,AS21165,Jordana Vall Parra,59,SALUD,Alicante,telefono,2021-02-12,,698.1,0,False
POL101166,AS21166,Tecla Suárez-Huguet,79,AUTO,Lleida,agente,2022-05-16,,441.54,150,False
POL101167,AS21167,Nydia Clemente-Simó,79,SALUD,Tarragona,agente,2021-04-26,,926.89,0,False
POL101168,AS21168,Albano Arnau Canet,64,AUTO,Valencia,online,2024-03-10,,400.43,300,False
POL101169,AS21169,Beatriz Nadal Manzanares,40,HOGAR,Barcelona,telefono,2021-10-13,,361.19,300,False
POL101170,AS21170,Lorena Ferrera Palacio,18,HOGAR,Barcelona,agente,2021-03-25,,298.63,150,False
POL101171,AS21171,Fabricio Alberola Redondo,63,HOGAR,Vizcaya,online,2021-03-17,,318.76,300,False
POL101172,AS21172,Juan Manuel Serna Coca,55,VIDA,Madrid,telefono,2021-01-09,,330.11,0,False
POL101173,AS21173,Belén Jordán Andrés,21,AUTO,Baleares,telefono,2023-01-09,,373.44,450,False
POL101174,AS21174,Ofelia Robles Gálvez,45,HOGAR,Alicante,correduria,2021-06-24,,287.79,300,False
POL101175,AS21175,David Ureña Marin,55,AUTO,Vizcaya,online,2023-09-14,,406.46,150,False
POL101176,AS21176,Dorita del Garmendia,41,VIDA,Zaragoza,agente,2022-10-06,,288.11,0,False
POL101177,AS21177,Anselma de Pastor,74,HOGAR,Alicante,telefono,2022-07-25,2023-07-14,270.22,150,True
POL101178,AS21178,Leyre Bernat-Ferrer,31,AUTO,Malaga,online,2021-07-14,,506.57,600,False
POL101179,AS21179,Antonio Jose Luis Arroyo Huerta,26,AUTO,Sevilla,correduria,2023-11-04,,348.79,450,False
POL101180,AS21180,César Riquelme Collado,44,AUTO,Cantabria,correduria,2023-08-06,,432.43,150,False
POL101181,AS21181,Marcio Teo González Chamorro,83,HOGAR,Alicante,online,2024-03-01,,465.82,300,False
POL101182,AS21182,Matilde Pons Amores,19,AUTO,Tarragona,agente,2024-07-15,,395.28,150,False
POL101183,AS21183,Amando Osorio,51,HOGAR,Lleida,online,2021-08-10,,238.63,150,False
POL101184,AS21184,Georgina Giralt Ferrera,34,HOGAR,Tarragona,correduria,2022-02-17,,274.34,300,False
POL101185,AS21185,Flor Palomares Valentín,26,AUTO,Tarragona,telefono,2023-08-30,,316.13,300,False
POL101186,AS21186,Tamara del Abad,55,SALUD,Vizcaya,online,2022-06-19,,820.66,0,False
POL101187,AS21187,Lalo Miranda Company,55,VIDA,Valencia,correduria,2021-05-28,,351.21,0,False
POL101188,AS21188,Rafael Boix-Fuster,47,HOGAR,Valencia,agente,2023-04-03,,240.95,300,False
POL101189,AS21189,Reynaldo León Vera,33,AUTO,Zaragoza,telefono,2022-07-25,,419.87,150,False
POL101190,AS21190,Segismundo Mas,39,AUTO,Alicante,agente,2021-07-19,,410.95,450,False
POL101191,AS21191,Maximiano Silva Vizcaíno,64,AUTO,Malaga,online,2024-02-03,,447.8,600,False
POL101192,AS21192,Eusebio Catalá,64,HOGAR,Cantabria,correduria,2021-06-13,,260.61,0,False
POL101193,AS21193,Asdrubal Francisco Jose Llano Ropero,33,AUTO,Alicante,correduria,2022-05-29,,397.63,600,False
POL101194,AS21194,Vanesa Espinosa,56,AUTO,Lleida,agente,2023-02-28,,380.31,600,False
POL101195,AS21195,Ligia Escamilla Pedro,82,VIDA,Cantabria,online,2022-04-30,,523.26,0,False
POL101196,AS21196,Elvira Arias Perera,21,AUTO,Girona,online,2022-07-02,,594.28,300,False
POL101197,AS21197,Ismael de Tolosa,69,AUTO,Baleares,correduria,2022-06-28,,480.73,300,False
POL101198,AS21198,Agustín Acero-Chaparro,69,AUTO,Lleida,online,2024-06-19,2026-07-30,514.53,300,True
POL101199,AS21199,Alcides Telmo Marco Maestre,75,AUTO,Sevilla,agente,2024-09-25,,448.41,600,False
POL101200,AS21200,Pastor Valdés Losa,39,AUTO,Zaragoza,agente,2021-08-10,,333.11,150,False
POL101201,AS21201,Artemio Figueras Torrecilla,55,HOGAR,Girona,online,2023-08-21,,275.15,150,False
POL101202,AS21202,Andrés Feliciano Alvarez Moles,43,SALUD,Barcelona,agente,2024-05-20,,1228.4,0,False
POL101203,AS21203,Benjamín Valera Benavente,79,HOGAR,Sevilla,correduria,2023-09-04,,355.0,0,False
POL101204,AS21204,Aureliano Porfirio Sanz Real,23,AUTO,Madrid,online,2023-12-08,,258.01,150,False
POL101205,AS21205,Ofelia Arco Buendía,26,HOGAR,Alicante,online,2024-03-11,,243.44,0,False
POL101206,AS21206,Efraín Mateos-Córdoba,29,AUTO,Tarragona,agente,2021-11-29,,405.18,300,False
POL101207,AS21207,Felipa Codina Ramos,33,HOGAR,A Coruna,correduria,2023-12-05,,340.11,150,False
POL101208,AS21208,Rosa Dora Carrasco Riera,23,AUTO,Lleida,correduria,2024-05-28,,417.19,600,False
POL101209,AS21209,Concepción del Barceló,36,HOGAR,Alicante,agente,2023-10-20,,217.55,300,False
POL101210,AS21210,Daniela del Mas,46,SALUD,Madrid,telefono,2021-09-16,,649.55,0,False
POL101211,AS21211,Maxi de Montserrat,64,SALUD,Vizcaya,online,2023-06-09,,656.35,0,False
POL101212,AS21212,Casandra Oliver Mariscal,56,HOGAR,Asturias,agente,2024-02-13,,309.33,0,False
POL101213,AS21213,Nidia Barbero Crespo,33,AUTO,Vizcaya,agente,2021-11-30,,286.79,300,False
POL101214,AS21214,Eva Mateu Hoz,56,AUTO,Lleida,correduria,2023-03-03,,378.65,450,False
POL101215,AS21215,Eladio Méndez Cabrero,44,AUTO,Madrid,agente,2024-05-20,,420.52,150,False
POL101216,AS21216,Flavia Trujillo Polo,80,AUTO,Sevilla,correduria,2023-01-01,,563.13,150,False
POL101217,AS21217,Enrique Pinilla Isern,60,AUTO,Sevilla,correduria,2021-06-26,,466.27,300,False
POL101218,AS21218,Ricardo Torres Santamaria,43,VIDA,Sevilla,agente,2023-01-20,,302.79,0,False
POL101219,AS21219,Azeneth Ordóñez Bello,24,AUTO,A Coruna,correduria,2024-03-05,,398.71,300,False
POL101220,AS21220,Maura Sánchez-León,54,AUTO,Asturias,correduria,2022-01-19,,511.06,300,False
POL101221,AS21221,Carmen Suarez Serna,39,VIDA,Girona,online,2021-07-23,,333.8,0,False
POL101222,AS21222,Fanny Goicoechea,74,VIDA,Barcelona,correduria,2021-11-01,,435.0,0,False
POL101223,AS21223,Carlos Rivas Olmedo,57,AUTO,Cantabria,online,2022-11-10,,502.9,600,False
POL101224,AS21224,Natanael Gual Oller,63,HOGAR,Madrid,online,2021-05-10,,279.65,0,False
POL101225,AS21225,Juan Francisco Mayoral Soto,64,HOGAR,Barcelona,agente,2021-08-05,,256.53,150,False
POL101226,AS21226,Ángel Gilabert Vaquero,62,HOGAR,Madrid,online,2022-04-25,2024-12-23,305.75,0,True
POL101227,AS21227,Dalila Fajardo Peinado,26,AUTO,Asturias,agente,2024-01-16,,449.45,600,False
POL101228,AS21228,Vicenta González Mendoza,36,VIDA,Girona,correduria,2021-12-09,,298.47,0,False
POL101229,AS21229,Bernabé Castell,64,AUTO,Valencia,agente,2023-08-10,,345.26,300,False
POL101230,AS21230,Eusebia Arteaga Egea,35,HOGAR,Asturias,online,2024-04-29,,257.2,300,False
POL101231,AS21231,Berto Valdés Valentín,50,SALUD,Tarragona,correduria,2024-08-18,,767.77,0,False
POL101232,AS21232,Marisa Sandoval Piña,36,AUTO,Asturias,telefono,2021-02-03,,413.8,450,False
POL101233,AS21233,Graciela Peiró Pedrero,71,VIDA,Alicante,online,2022-03-08,,360.22,0,False
POL101234,AS21234,Jenaro Pascual Duarte Cánovas,27,AUTO,Alicante,online,2023-04-07,2024-08-01,495.16,600,True
POL101235,AS21235,Iris Serna Cañellas,60,AUTO,Cantabria,online,2023-04-17,,369.81,600,False
POL101236,AS21236,Juan Bautista Salgado Villanueva,51,HOGAR,Valencia,telefono,2023-05-28,,190.49,300,False
POL101237,AS21237,Teodora Alonso Bautista,67,AUTO,Sevilla,correduria,2021-12-14,,545.32,300,False
POL101238,AS21238,Sosimo Pera Barranco,80,AUTO,Malaga,online,2023-06-17,,494.82,300,False
POL101239,AS21239,Teo Feliu Flor,22,HOGAR,Barcelona,telefono,2022-10-03,,198.87,300,False
POL101240,AS21240,Aránzazu Sala Tirado,80,VIDA,Girona,agente,2022-07-26,,275.8,0,False
POL101241,AS21241,Lupe Salmerón López,61,VIDA,A Coruna,agente,2023-04-02,2025-08-06,278.23,0,True
POL101242,AS21242,Obdulia Plana Mur,78,VIDA,Alicante,telefono,2023-05-29,,440.99,0,False
POL101243,AS21243,Amador Blanco Ángel,30,HOGAR,Lleida,correduria,2024-11-04,,228.11,0,False
POL101244,AS21244,Charo Tena Perez,82,SALUD,Vizcaya,online,2021-07-15,2022-03-02,784.34,0,True
POL101245,AS21245,Paz María Dolores Borrell Carbajo,68,VIDA,Baleares,agente,2021-05-10,,249.97,0,False
POL101246,AS21246,Anselma Bartolomé-Escobar,81,HOGAR,Cantabria,correduria,2024-01-10,,300.19,0,False
POL101247,AS21247,Martirio Fuentes Bou,25,AUTO,Asturias,correduria,2022-05-02,,407.64,150,False
POL101248,AS21248,Custodia Bárcena Casal,77,AUTO,A Coruna,agente,2022-09-17,,545.04,600,False
POL101249,AS21249,Alex Perera,63,HOGAR,Tarragona,agente,2021-07-05,,300.18,300,False
POL101250,AS21250,Asunción Suarez Ribas,30,HOGAR,Malaga,agente,2021-05-05,,206.28,150,False
POL101251,AS21251,Milagros Puga Cardona,83,AUTO,Cantabria,telefono,2022-05-12,2024-06-26,359.24,300,True
POL101252,AS21252,Amancio Pomares Román,49,VIDA,Sevilla,agente,2023-12-14,,307.27,0,False
POL101253,AS21253,Zacarías Flor Hurtado,25,HOGAR,Barcelona,agente,2021-01-14,2024-01-12,282.31,150,True
POL101254,AS21254,Faustino Fortunato Bermúdez Estrada,21,AUTO,Malaga,agente,2024-04-15,,312.61,600,False
POL101255,AS21255,Reina Criado Arroyo,19,VIDA,Malaga,online,2021-08-13,,273.96,0,False
POL101256,AS21256,Albert Catalá,68,HOGAR,Vizcaya,online,2022-12-30,,228.68,300,False
POL101257,AS21257,Borja del Tamarit,67,AUTO,Madrid,online,2024-12-05,,616.98,300,False
POL101258,AS21258,Juan Antonio Sanjuan Machado,83,HOGAR,Baleares,online,2024-05-04,,303.63,150,False
POL101259,AS21259,Jonatan Iglesia Alcázar,28,HOGAR,Tarragona,agente,2021-06-27,,178.9,0,False
POL101260,AS21260,Mamen Taboada Escrivá,19,SALUD,Cantabria,online,2023-05-20,2025-06-18,787.85,0,True
POL101261,AS21261,Begoña Montaña,41,HOGAR,Vizcaya,online,2021-02-07,,201.21,0,False
POL101262,AS21262,Bienvenida Fuertes Trujillo,31,AUTO,Sevilla,online,2023-01-08,,307.42,150,False
POL101263,AS21263,Desiderio Blanch,38,AUTO,A Coruna,agente,2022-12-06,,416.98,600,False
POL101264,AS21264,Andrés Felipe Priego Alfonso,28,AUTO,Barcelona,agente,2022-07-30,,502.84,450,False
POL101265,AS21265,Cleto Linares Alberola,18,AUTO,Zaragoza,agente,2024-07-26,2026-06-21,338.76,450,True
POL101266,AS21266,Vidal Gaspar Tovar Ramis,38,VIDA,Sevilla,correduria,2024-12-16,,276.24,0,False
POL101267,AS21267,Iris Villanueva Verdejo,73,AUTO,Asturias,telefono,2022-10-08,2025-08-16,331.69,300,True
POL101268,AS21268,Edelmira Valencia Barral,24,VIDA,Sevilla,agente,2024-12-24,,342.54,0,False
POL101269,AS21269,Julie Saavedra Vilar,72,AUTO,Vizcaya,telefono,2024-07-25,,481.68,600,False
POL101270,AS21270,Gabino Seco Querol,69,HOGAR,Baleares,agente,2021-01-16,,290.0,0,False
POL101271,AS21271,Basilio Arrieta-Arévalo,61,AUTO,Barcelona,agente,2023-02-09,2024-06-06,550.16,150,True
POL101272,AS21272,Fabián Seco,44,AUTO,Valencia,agente,2021-01-06,,320.41,150,False
POL101273,AS21273,Priscila Castillo Paniagua,36,AUTO,Valencia,agente,2022-04-24,2023-10-08,516.08,600,True
POL101274,AS21274,Milagros Carnero Ojeda,33,SALUD,Barcelona,agente,2021-04-28,,643.72,0,False
POL101275,AS21275,Jonatan Montaña Amores,76,HOGAR,Girona,agente,2024-03-25,,377.28,300,False
POL101276,AS21276,Eufemia Salas Duque,65,AUTO,Zaragoza,telefono,2023-12-02,,393.69,600,False
POL101277,AS21277,Guiomar Conesa Manso,46,AUTO,Girona,telefono,2022-04-18,,354.39,150,False
POL101278,AS21278,Raúl Rey,68,AUTO,Lleida,correduria,2021-09-27,,503.46,150,False
POL101279,AS21279,Josefina Iriarte Murcia,44,HOGAR,Lleida,correduria,2021-02-20,2023-06-27,267.41,300,True
POL101280,AS21280,Jordán Antúnez,37,SALUD,Malaga,online,2022-02-17,,896.52,0,False
POL101281,AS21281,Inés del Durán,72,HOGAR,Sevilla,agente,2022-07-31,,247.74,150,False
POL101282,AS21282,Benigna de Merino,79,VIDA,Cantabria,online,2021-05-30,,343.71,0,False
POL101283,AS21283,Carlota Villar Bartolomé,38,AUTO,Madrid,online,2021-11-24,,444.23,600,False
POL101284,AS21284,Leocadia Rey Alberola,41,VIDA,Tarragona,online,2022-07-31,,234.56,0,False
POL101285,AS21285,Luis Téllez,49,HOGAR,Alicante,online,2021-05-09,,246.19,0,False
POL101286,AS21286,Edmundo Piquer Ferrández,78,HOGAR,Cantabria,agente,2023-05-18,,271.33,150,False
POL101287,AS21287,Selena Roura Sáez,81,AUTO,Madrid,agente,2021-11-05,,498.14,300,False
POL101288,AS21288,Iván del Garriga,55,HOGAR,Alicante,online,2023-06-09,,256.87,300,False
POL101289,AS21289,Efraín Dominguez Tejada,31,AUTO,Girona,correduria,2021-05-03,,370.06,450,False
POL101290,AS21290,Bibiana Arranz Esparza,43,AUTO,Malaga,telefono,2022-03-28,,430.72,300,False
POL101291,AS21291,Sandalio Rodríguez Llano,18,AUTO,Baleares,correduria,2022-01-20,,248.89,300,False
POL101292,AS21292,Toño Aguirre Ferrero,48,AUTO,Asturias,online,2023-06-21,,381.95,150,False
POL101293,AS21293,Apolonia Valbuena Azorin,72,AUTO,Alicante,online,2023-03-10,,440.86,150,False
POL101294,AS21294,Cosme Gabriel Pablo Pons,49,HOGAR,Malaga,agente,2023-10-16,,288.43,150,False
POL101295,AS21295,Custodia Vilar,24,HOGAR,Barcelona,online,2023-08-12,,201.06,150,False
POL101296,AS21296,Adán Alberto Bello,20,AUTO,Lleida,agente,2021-06-16,2023-08-30,336.78,300,True
POL101297,AS21297,Ovidio Clemente Peiró,30,VIDA,Asturias,agente,2024-08-17,,194.42,0,False
POL101298,AS21298,Timoteo Aguilar Rubio,29,HOGAR,Valencia,agente,2022-03-12,2024-10-09,251.53,300,True
POL101299,AS21299,Delia Amores Castellanos,37,SALUD,Cantabria,telefono,2021-06-02,,607.06,0,False
POL101300,AS21300,Adelaida del Marqués,72,VIDA,Malaga,correduria,2024-11-26,2025-04-20,428.45,0,True
POL101301,AS21301,Bernabé Cabanillas Paz,22,SALUD,Malaga,agente,2021-12-31,,803.93,0,False
POL101302,AS21302,Heraclio Gárate Millán,84,SALUD,Valencia,correduria,2023-06-30,,665.39,0,False
POL101303,AS21303,Rafa Hernando Campillo,55,SALUD,Lleida,online,2022-08-27,,753.92,0,False
POL101304,AS21304,América del Llano,76,SALUD,Baleares,agente,2021-03-13,,974.45,0,False
POL101305,AS21305,Jordi Guardia Valencia,76,SALUD,Valencia,online,2024-09-22,,777.11,0,False
POL101306,AS21306,Bruno Arco-Puerta,37,AUTO,Zaragoza,agente,2021-10-21,,469.27,450,False
POL101307,AS21307,Isidoro Rivero Robles,34,AUTO,Lleida,agente,2022-01-29,,366.48,450,False
POL101308,AS21308,Nidia Perales España,59,SALUD,Sevilla,online,2022-05-12,,853.98,0,False
POL101309,AS21309,Marcela Arce Roda,48,AUTO,Madrid,correduria,2022-12-05,,225.47,450,False
POL101310,AS21310,Jose Ramón Páez Lerma,31,VIDA,Cantabria,agente,2021-07-27,,319.32,0,False
POL101311,AS21311,Armando Morera Taboada,84,SALUD,Tarragona,online,2021-11-15,,572.34,0,False
POL101312,AS21312,Selena Peñalver Grande,20,HOGAR,Cantabria,agente,2021-02-19,,166.81,300,False
POL101313,AS21313,Basilio Parra Ortuño,83,AUTO,Zaragoza,telefono,2024-11-20,,490.93,600,False
POL101314,AS21314,Candelario Pina Cortés,36,HOGAR,Vizcaya,agente,2023-04-20,,300.09,150,False
POL101315,AS21315,Dorita Griselda Moya Guillen,24,VIDA,Vizcaya,correduria,2023-08-15,,220.95,0,False
POL101316,AS21316,Kike del Núñez,45,AUTO,Cantabria,online,2024-03-14,,450.27,600,False
POL101317,AS21317,Bernardino Albero Sureda,66,VIDA,Girona,agente,2023-01-03,,321.09,0,False
POL101318,AS21318,Julie Soto Castell,32,HOGAR,Vizcaya,telefono,2022-05-12,,334.09,300,False
POL101319,AS21319,Lina del Corominas,78,SALUD,Baleares,agente,2022-08-13,2023-09-20,600.69,0,True
POL101320,AS21320,Hector Dominguez Arenas,38,AUTO,Baleares,agente,2023-10-20,,584.7,450,False
POL101321,AS21321,Delia Infante Nebot,58,SALUD,Alicante,online,2024-07-21,,784.7,0,False
POL101322,AS21322,Javi Campo-Benitez,53,AUTO,Lleida,agente,2021-05-04,,467.87,150,False
POL101323,AS21323,Miguel Beltrán Donaire,80,HOGAR,Vizcaya,correduria,2024-12-24,,346.03,150,False
POL101324,AS21324,Paula Salcedo Haro,57,SALUD,Valencia,telefono,2022-10-03,,723.16,0,False
POL101325,AS21325,Adelaida Sales Font,83,HOGAR,Valencia,agente,2023-11-30,,368.1,150,False
POL101326,AS21326,Emperatriz Estévez Borrell,76,AUTO,Cantabria,correduria,2024-04-11,,410.31,300,False
POL101327,AS21327,Adalberto Ángel Arroyo,77,SALUD,Malaga,online,2023-05-07,,996.08,0,False
POL101328,AS21328,Clara de Gutiérrez,27,HOGAR,Girona,agente,2021-04-26,,291.67,0,False
POL101329,AS21329,Demetrio Barros Pinedo,78,AUTO,Vizcaya,online,2024-10-16,,454.05,300,False
POL101330,AS21330,Alicia Soria Lobato,43,SALUD,Baleares,online,2023-02-17,,867.36,0,False
POL101331,AS21331,Rufino Arnau-Busquets,67,VIDA,Alicante,agente,2024-11-26,,379.9,0,False
POL101332,AS21332,Judith del Valcárcel,53,SALUD,Tarragona,agente,2021-05-17,,723.41,0,False
POL101333,AS21333,Urbano Daza Lluch,43,HOGAR,A Coruna,online,2021-06-30,,334.35,150,False
POL101334,AS21334,Aitor Macias Escobar,22,AUTO,Cantabria,correduria,2021-05-21,,426.33,300,False
POL101335,AS21335,Quique del Roura,23,HOGAR,Cantabria,online,2024-06-26,2024-09-19,205.38,0,True
POL101336,AS21336,Irene Gras Malo,30,HOGAR,Alicante,agente,2021-02-15,2022-08-19,250.22,150,True
POL101337,AS21337,Inocencio Amorós Bayón,54,HOGAR,Madrid,online,2023-12-19,,199.35,300,False
POL101338,AS21338,Eliana Simó Casares,30,AUTO,Alicante,telefono,2022-11-23,,354.8,150,False
POL101339,AS21339,Violeta Sosa,52,AUTO,Vizcaya,telefono,2024-02-27,,560.37,150,False
POL101340,AS21340,Ainara Amarilis Palma Clavero,54,AUTO,Lleida,correduria,2022-04-01,,432.71,450,False
POL101341,AS21341,Iris Nicolás Sanjuan,32,AUTO,Barcelona,agente,2023-03-20,,407.28,600,False
POL101342,AS21342,Josué Peinado Costa,65,AUTO,Malaga,online,2021-12-11,,421.28,150,False
POL101343,AS21343,Eulalia Mateo-Carreño,67,AUTO,Madrid,online,2024-11-03,,386.44,300,False
POL101344,AS21344,Clementina Santiago Juárez,46,HOGAR,Alicante,agente,2021-06-21,,235.0,150,False
POL101345,AS21345,Vicente Hervia Sáez,79,HOGAR,Sevilla,agente,2023-07-27,,416.38,300,False
POL101346,AS21346,Ale Escrivá Hervás,47,HOGAR,Malaga,online,2022-05-22,,251.51,0,False
POL101347,AS21347,Custodia Casandra Amat Valenciano,50,AUTO,Cantabria,agente,2023-03-25,,423.02,150,False
POL101348,AS21348,Sebastián Calderon Rosales,44,AUTO,Barcelona,correduria,2023-09-07,,374.52,150,False
POL101349,AS21349,Dolores Juliá Serra,76,AUTO,Baleares,online,2024-04-08,,405.61,150,False
POL101350,AS21350,Iker Rosselló Andres,74,AUTO,Baleares,agente,2023-10-12,,423.19,300,False
POL101351,AS21351,Marcelo López,60,AUTO,Barcelona,online,2021-03-20,,504.92,150,False
POL101352,AS21352,Goyo Alegre Alberola,56,AUTO,Tarragona,correduria,2021-09-07,,274.12,450,False
POL101353,AS21353,Miguel Baró-Goñi,84,AUTO,Tarragona,agente,2022-07-12,2024-12-08,414.71,150,True
POL101354,AS21354,Federico Yáñez Cervera,55,AUTO,Asturias,agente,2023-02-05,2025-11-23,529.61,150,True
POL101355,AS21355,Vera Mora Villaverde,58,VIDA,Madrid,online,2024-01-14,,282.4,0,False
POL101356,AS21356,Ricardo Iniesta Suarez,79,AUTO,Barcelona,agente,2022-02-23,2024-06-27,581.39,150,True
POL101357,AS21357,Cruz Marquez,73,AUTO,Vizcaya,agente,2021-03-11,,415.95,600,False
POL101358,AS21358,Roldán Olmedo Pintor,79,VIDA,Madrid,telefono,2022-01-19,,259.82,0,False
POL101359,AS21359,Tere Ródenas Piña,40,VIDA,Malaga,correduria,2022-02-10,,340.6,0,False
POL101360,AS21360,Flora Garcia-Noriega,42,HOGAR,Barcelona,correduria,2021-04-04,,169.34,300,False
POL101361,AS21361,Pánfilo Gallardo Ocaña,26,HOGAR,Baleares,correduria,2022-12-22,,235.1,0,False
POL101362,AS21362,Timoteo Quintana Calvo,60,AUTO,Malaga,agente,2022-07-28,2023-10-02,481.66,600,True
POL101363,AS21363,Porfirio Vilar Monreal,43,VIDA,Vizcaya,online,2024-02-05,,328.84,0,False
POL101364,AS21364,Leocadia Carmona,30,HOGAR,Sevilla,online,2021-12-02,,230.65,150,False
POL101365,AS21365,Fito Álvaro Patiño,63,SALUD,Lleida,agente,2023-09-12,,949.73,0,False
POL101366,AS21366,Alondra Palomar Díez,20,AUTO,Vizcaya,online,2024-06-30,,328.69,300,False
POL101367,AS21367,Geraldo Cerdá Soler,47,AUTO,Tarragona,online,2024-03-11,,522.26,450,False
POL101368,AS21368,Efraín Arana Coronado,40,SALUD,Baleares,telefono,2022-02-07,2023-12-19,658.29,0,True
POL101369,AS21369,Nieves Juliá Jiménez,61,AUTO,Asturias,correduria,2024-12-10,,454.47,450,False
POL101370,AS21370,Eusebia Encarnacion Cantero Marí,39,SALUD,Lleida,agente,2021-02-03,,658.04,0,False
POL101371,AS21371,Feliciana Adán-Navarrete,51,VIDA,Tarragona,agente,2023-06-22,,266.63,0,False
POL101372,AS21372,Manolo Garriga-Ballester,77,AUTO,Valencia,online,2023-02-04,2026-01-30,414.7,450,True
POL101373,AS21373,Clemente de Ferrero,84,HOGAR,Girona,agente,2023-08-10,,212.34,0,False
POL101374,AS21374,Vito Vigil Galan,79,AUTO,Vizcaya,telefono,2021-04-25,,463.17,600,False
POL101375,AS21375,Isaías Puerta Samper,27,VIDA,Malaga,telefono,2022-01-10,,186.99,0,False
POL101376,AS21376,Josefa Valero Heredia,52,HOGAR,Alicante,online,2023-02-21,,292.61,150,False
POL101377,AS21377,María Carmen Cantón Caro,26,HOGAR,Vizcaya,agente,2024-06-10,,304.25,300,False
POL101378,AS21378,Custodio Palma Cortes,25,AUTO,Barcelona,correduria,2022-07-13,,389.38,300,False
POL101379,AS21379,Jose Francisco Arenas Rubio,23,AUTO,Madrid,correduria,2021-01-12,,472.64,300,False
POL101380,AS21380,Fátima Jiménez Mayol,73,AUTO,Zaragoza,online,2021-03-08,,394.02,600,False
POL101381,AS21381,Dionisia Calvo-Mulet,44,HOGAR,Lleida,correduria,2023-09-09,,256.61,150,False
POL101382,AS21382,Violeta Poza,18,SALUD,Tarragona,correduria,2021-01-01,,687.94,0,False
POL101383,AS21383,Angélica Ester Garrido Torralba,67,AUTO,Barcelona,agente,2021-03-30,,486.32,600,False
POL101384,AS21384,Isa Santana Díaz,72,HOGAR,Asturias,online,2022-01-12,2022-07-29,388.17,300,True
POL101385,AS21385,Tiburcio Leal Terrón,70,VIDA,Madrid,agente,2023-04-30,,325.77,0,False
POL101386,AS21386,Albino Somoza-Camps,77,AUTO,Baleares,telefono,2023-06-29,,394.13,600,False
POL101387,AS21387,Alondra Borja,52,HOGAR,Alicante,correduria,2024-04-04,,323.78,150,False
POL101388,AS21388,Ciro Barco Guzman,70,VIDA,Tarragona,agente,2022-10-29,2025-07-25,475.92,0,True
POL101389,AS21389,Bartolomé Luque Arce,30,HOGAR,Alicante,agente,2024-10-23,,264.05,0,False
POL101390,AS21390,Nicanor Sancho Cañete Higueras,51,AUTO,Lleida,online,2022-06-19,,534.85,150,False
POL101391,AS21391,Beatriz Poza Mayoral,21,HOGAR,Cantabria,telefono,2022-04-13,,271.68,150,False
POL101392,AS21392,Ruy Salomón Sanz Bilbao,69,AUTO,Barcelona,correduria,2022-09-26,2023-03-05,519.29,600,True
POL101393,AS21393,Clarisa Exposito Gutierrez,41,AUTO,Girona,correduria,2024-01-02,,286.45,600,False
POL101394,AS21394,Joan Luna Tapia,28,VIDA,Asturias,agente,2023-12-20,,378.4,0,False
POL101395,AS21395,Evaristo Montero-Torrijos,54,HOGAR,Alicante,online,2021-03-21,,400.98,0,False
POL101396,AS21396,Violeta Ros,63,AUTO,Sevilla,correduria,2023-09-13,,381.7,600,False
POL101397,AS21397,Mohamed Iñiguez Quero,30,HOGAR,Cantabria,agente,2024-05-17,,215.02,150,False
POL101398,AS21398,Marcelino Sola Cuervo,57,HOGAR,Valencia,telefono,2023-12-11,,291.52,0,False
POL101399,AS21399,Juan Antonio Marquez Gibert,47,VIDA,Cantabria,agente,2024-10-14,,307.73,0,False
POL101400,AS21400,Griselda Bejarano,60,HOGAR,Sevilla,correduria,2023-12-29,,324.77,300,False
POL101401,AS21401,Amalia Vaquero Ribes,46,VIDA,A Coruna,correduria,2024-07-18,,350.59,0,False
POL101402,AS21402,Ismael Cerdán Carrera,78,HOGAR,Sevilla,telefono,2021-06-05,,332.13,150,False
POL101403,AS21403,Moreno Luis Ángel Rocamora Parra,58,AUTO,Zaragoza,correduria,2023-09-23,2025-10-31,535.45,600,True
POL101404,AS21404,Amando Roque Serrano Estévez,24,HOGAR,Barcelona,correduria,2021-03-09,2021-10-29,188.96,150,True
POL101405,AS21405,Sancho Carbonell Escolano,62,AUTO,Alicante,online,2023-02-01,,497.67,150,False
POL101406,AS21406,Marisela Becerra Guillen,21,AUTO,Sevilla,agente,2024-02-27,,455.24,150,False
POL101407,AS21407,María Pilar de Arana,48,AUTO,Asturias,agente,2022-03-03,,468.62,450,False
POL101408,AS21408,Cebrián Nicolau Higueras,78,HOGAR,Asturias,online,2022-08-14,,321.99,300,False
POL101409,AS21409,Leonardo Juan Antonio Montesinos Bas,37,AUTO,Girona,online,2022-01-24,,444.08,300,False
POL101410,AS21410,José Manuel Nicolau Poza,47,AUTO,Lleida,agente,2022-09-17,,386.16,150,False
POL101411,AS21411,Marcelo Osuna Uría,46,VIDA,Zaragoza,online,2021-12-04,,299.26,0,False
POL101412,AS21412,Vidal Esteve Caro,77,AUTO,Lleida,online,2024-03-12,,379.35,150,False
POL101413,AS21413,Luciano Valdés Lladó,56,HOGAR,Vizcaya,agente,2022-02-15,,351.57,0,False
POL101414,AS21414,Pacífica Imelda Gual Moliner,76,HOGAR,Madrid,correduria,2023-05-01,,264.37,300,False
POL101415,AS21415,Flora Pla Nicolás,44,AUTO,Tarragona,agente,2022-11-24,,459.48,450,False
POL101416,AS21416,Eloísa del Menéndez,20,HOGAR,Zaragoza,online,2021-01-29,2021-06-30,217.04,0,True
POL101417,AS21417,Cirino Moya Montalbán,64,AUTO,Alicante,correduria,2024-01-07,,530.31,300,False
POL101418,AS21418,Salomón Verdú-Ribes,23,VIDA,Barcelona,agente,2021-05-13,,255.9,0,False
POL101419,AS21419,Benigna Pazos-Coll,46,AUTO,A Coruna,correduria,2023-12-09,,612.84,450,False
POL101420,AS21420,Gastón Jose Manuel Guerra Córdoba,44,AUTO,Sevilla,telefono,2024-05-21,,472.56,150,False
POL101421,AS21421,Edu Valera Nogueira,33,HOGAR,Cantabria,online,2024-03-16,,275.2,150,False
POL101422,AS21422,Cándida Cabo Gonzalo,23,HOGAR,Madrid,online,2021-04-02,,221.38,0,False
POL101423,AS21423,Juanito Vicens Rosales,58,VIDA,Valencia,agente,2023-09-14,,293.77,0,False
POL101424,AS21424,Casemiro Borrás Bernad,62,HOGAR,Girona,agente,2024-10-29,,239.78,150,False
POL101425,AS21425,Mauricio Carbajo,45,SALUD,Tarragona,online,2024-01-12,,899.51,0,False
POL101426,AS21426,Azucena Pascual Robledo,77,HOGAR,Tarragona,agente,2021-12-05,,263.11,0,False
POL101427,AS21427,Margarita Zamorano-Calatayud,82,SALUD,Asturias,telefono,2023-05-20,,919.24,0,False
POL101428,AS21428,Julio César Reina,84,VIDA,Madrid,agente,2021-10-03,,320.42,0,False
POL101429,AS21429,Nieves Lerma-Carretero,20,VIDA,A Coruna,correduria,2022-02-28,,294.85,0,False
POL101430,AS21430,Vicente Maldonado,78,AUTO,Alicante,agente,2021-02-17,2022-02-28,418.05,600,True
POL101431,AS21431,Rodrigo Bru Ribas,18,VIDA,Vizcaya,telefono,2023-10-24,,258.07,0,False
POL101432,AS21432,Adrián Gervasio Ballesteros Blazquez,46,HOGAR,Barcelona,agente,2022-08-15,,216.69,0,False
POL101433,AS21433,Humberto Olivares Hernando,57,AUTO,Zaragoza,online,2024-12-07,,442.81,150,False
POL101434,AS21434,Eliana Abascal Peralta,40,AUTO,Lleida,agente,2022-11-24,,380.3,150,False
POL101435,AS21435,Candelario Moraleda Cazorla,51,AUTO,Vizcaya,online,2024-06-12,,364.28,300,False
POL101436,AS21436,Genoveva Molins León,61,HOGAR,Vizcaya,correduria,2024-02-08,,276.66,0,False
POL101437,AS21437,Octavio Montserrat Montaña,39,AUTO,Lleida,agente,2022-03-01,2024-02-22,448.57,150,True
POL101438,AS21438,Joan Robledo-Garzón,78,AUTO,Cantabria,agente,2022-09-02,2024-03-05,370.04,300,True
POL101439,AS21439,Gaspar del Gascón,40,AUTO,Lleida,online,2023-07-25,,378.28,450,False
POL101440,AS21440,Valentina Carpio Aragonés,55,AUTO,A Coruna,correduria,2024-03-14,,211.49,150,False
POL101441,AS21441,Esther Morell Soto,24,AUTO,Girona,correduria,2021-12-07,2024-10-20,516.7,150,True
POL101442,AS21442,Che Gomila-Galván,67,AUTO,Asturias,correduria,2022-10-25,,533.2,450,False
POL101443,AS21443,Fulgencio Portillo Tamayo,44,SALUD,Girona,correduria,2022-05-02,2022-12-28,864.43,0,True
POL101444,AS21444,Silvestre Barberá Jove,76,HOGAR,Tarragona,correduria,2023-04-27,2023-07-26,358.6,150,True
POL101445,AS21445,Aristides Amaya Ortiz,47,HOGAR,Baleares,online,2023-03-31,,259.57,150,False
POL101446,AS21446,Jose Luis Carbajo Simó,32,SALUD,Lleida,online,2024-07-02,,938.39,0,False
POL101447,AS21447,Cristian Viña-Julián,64,HOGAR,Madrid,correduria,2024-12-24,,278.1,300,False
POL101448,AS21448,Jennifer Cal,27,SALUD,Barcelona,online,2022-02-18,,680.48,0,False
POL101449,AS21449,Francisco Jose Tomas-Tapia,84,HOGAR,A Coruna,agente,2024-10-16,2025-05-28,301.06,0,True
POL101450,AS21450,Tere Ariño Tejero,67,AUTO,Madrid,agente,2022-06-03,,527.35,300,False
POL101451,AS21451,Nicanor de Cases,23,HOGAR,Cantabria,agente,2021-01-17,,241.5,150,False
POL101452,AS21452,Iker Olmo Castells,73,AUTO,A Coruna,telefono,2022-09-25,2024-12-01,545.64,300,True
POL101453,AS21453,Loreto Portero Aguilera,37,AUTO,Malaga,online,2024-07-05,,454.06,300,False
POL101454,AS21454,Berta Baena Barreda,84,AUTO,Vizcaya,agente,2024-01-25,,669.28,600,False
POL101455,AS21455,Eugenio Gelabert Tello,21,SALUD,Lleida,telefono,2024-10-26,,547.64,0,False
POL101456,AS21456,Eustaquio Mancebo Bermudez,56,AUTO,Zaragoza,correduria,2021-09-17,,382.95,600,False
POL101457,AS21457,Eladio Murcia,47,VIDA,Alicante,telefono,2024-03-24,,286.33,0,False
POL101458,AS21458,Alejandro Solís-Isern,33,AUTO,Asturias,agente,2023-05-10,,441.88,450,False
POL101459,AS21459,Sandalio Correa,84,AUTO,Zaragoza,online,2022-02-01,,499.66,300,False
POL101460,AS21460,Cloe Losa-Vilaplana,80,HOGAR,A Coruna,agente,2023-09-10,,303.61,0,False
POL101461,AS21461,Mercedes Cisneros-Uría,28,AUTO,Malaga,online,2023-05-28,,414.11,150,False
POL101462,AS21462,Matilde del Baños,73,HOGAR,Madrid,agente,2022-02-17,,307.02,300,False
POL101463,AS21463,Primitivo Cazorla Cruz,75,AUTO,Baleares,agente,2023-07-01,2025-07-03,520.95,300,True
POL101464,AS21464,Amaro Jurado Sanmiguel,76,VIDA,Zaragoza,online,2021-03-20,,362.24,0,False
POL101465,AS21465,Marisela Paula Zorrilla Amorós,55,AUTO,Girona,agente,2023-05-03,,568.5,450,False
POL101466,AS21466,Javiera Huertas Pla,70,AUTO,Valencia,agente,2024-08-29,,511.64,150,False
POL101467,AS21467,Jennifer Alvarez Abad,28,AUTO,Lleida,online,2021-11-03,,446.13,600,False
POL101468,AS21468,Rosendo Lastra,57,SALUD,Asturias,telefono,2023-04-05,,698.34,0,False
POL101469,AS21469,Natividad Campoy Arana,41,AUTO,Malaga,online,2022-05-18,,439.4,150,False
POL101470,AS21470,Benigna Perea Alarcón,30,HOGAR,Barcelona,agente,2022-08-17,,214.64,0,False
POL101471,AS21471,Ricardo Buendía Bermejo,26,AUTO,Zaragoza,agente,2024-04-08,,464.43,300,False
POL101472,AS21472,Ramiro Riera Gálvez,83,AUTO,Asturias,correduria,2024-05-21,,652.06,150,False
POL101473,AS21473,Martín Sainz Goñi,51,AUTO,Valencia,correduria,2022-02-20,2024-10-11,492.93,450,True
POL101474,AS21474,Baldomero Frías Mate,83,HOGAR,Valencia,online,2023-12-16,,336.2,300,False
POL101475,AS21475,Celso Gras-Sotelo,43,HOGAR,Cantabria,correduria,2021-10-10,,234.46,300,False
POL101476,AS21476,Edelmira Amador Prada,54,SALUD,Sevilla,online,2023-06-29,,768.92,0,False
POL101477,AS21477,Jose Antonio Beltran Roldán,77,VIDA,Malaga,telefono,2021-10-23,,404.21,0,False
POL101478,AS21478,Román Ríos Alonso,43,VIDA,Malaga,telefono,2021-10-12,,342.68,0,False
POL101479,AS21479,Espiridión Salcedo Manzanares,54,AUTO,Lleida,correduria,2023-11-16,,364.83,300,False
POL101480,AS21480,Marisa Montenegro Ballester,80,HOGAR,A Coruna,online,2023-10-09,,287.24,300,False
POL101481,AS21481,África Barón Arranz,39,AUTO,Malaga,agente,2024-11-07,,243.04,150,False
POL101482,AS21482,Anita de Trillo,60,VIDA,Asturias,online,2024-12-08,,371.1,0,False
POL101483,AS21483,Ruperto Chico Clemente,27,AUTO,A Coruna,correduria,2021-10-29,,439.45,300,False
POL101484,AS21484,Felicidad Mayoral Ferrándiz,56,AUTO,Tarragona,online,2023-01-05,,352.31,450,False
POL101485,AS21485,Miguel Bartolomé-Guzman,27,AUTO,Baleares,correduria,2022-10-19,,427.23,600,False
POL101486,AS21486,Nadia Garcés-Rosselló,22,AUTO,Girona,agente,2021-03-30,2021-06-05,330.14,600,True
POL101487,AS21487,Flor Rocamora Marín,45,SALUD,Sevilla,online,2022-03-05,,681.64,0,False
POL101488,AS21488,Gonzalo Pareja,24,HOGAR,Tarragona,agente,2024-05-23,,290.47,300,False
POL101489,AS21489,María Ángeles de Jordán,38,HOGAR,A Coruna,online,2022-01-08,2023-01-12,288.36,150,True
POL101490,AS21490,Eric del Camino,65,VIDA,Madrid,agente,2021-03-28,,290.41,0,False
POL101491,AS21491,Abel Plana,70,HOGAR,Sevilla,agente,2021-01-11,,273.47,300,False
POL101492,AS21492,Herminio Crespo,77,VIDA,Baleares,correduria,2022-04-27,,397.43,0,False
POL101493,AS21493,Nélida Tirado Alcántara,72,VIDA,Cantabria,correduria,2024-07-23,,426.9,0,False
POL101494,AS21494,Pedro Casals Salinas,18,AUTO,Lleida,correduria,2022-02-06,,369.82,600,False
POL101495,AS21495,Macario Pozuelo Bravo,34,HOGAR,Asturias,online,2022-03-16,,252.61,0,False
POL101496,AS21496,Manu Bárcena Salcedo,76,AUTO,Malaga,agente,2022-11-21,,493.57,300,False
POL101497,AS21497,Ángela Oliver Álvarez,74,AUTO,Alicante,agente,2023-11-04,,418.53,300,False
POL101498,AS21498,Amelia Sales Alcalde,29,AUTO,Zaragoza,agente,2021-10-09,,345.93,150,False
POL101499,AS21499,Eugenio Calzada-Mena,21,VIDA,Zaragoza,telefono,2024-08-28,,285.29,0,False
POL101500,AS21500,Nerea María Dolores Alcaraz Hoz,69,AUTO,Barcelona,online,2024-04-20,,367.95,450,False
POL101501,AS21501,Carmen Cases Pardo,25,HOGAR,Girona,correduria,2022-10-19,,323.31,150,False
POL101502,AS21502,Patricio Plana Perelló,71,HOGAR,A Coruna,online,2021-05-25,,327.59,0,False
POL101503,AS21503,Ibán Orozco,42,VIDA,Baleares,correduria,2021-04-21,,247.31,0,False
POL101504,AS21504,Amador Carrión-Sanmiguel,70,VIDA,Girona,online,2022-05-06,2022-10-05,288.54,0,True
POL101505,AS21505,Abraham Osuna Domingo,24,AUTO,Girona,correduria,2024-10-19,2025-07-10,426.01,150,True
POL101506,AS21506,Eufemia Capdevila-Lara,71,VIDA,Vizcaya,online,2023-08-05,,409.53,0,False
POL101507,AS21507,René Murillo Baños,68,AUTO,Baleares,agente,2024-08-21,,366.03,150,False
POL101508,AS21508,Toni Palmer Santiago,48,HOGAR,Zaragoza,online,2024-05-01,,258.26,300,False
POL101509,AS21509,Macarena Barrio-León,71,AUTO,Baleares,online,2021-06-11,,463.41,150,False
POL101510,AS21510,Curro Solana,42,AUTO,A Coruna,correduria,2024-02-12,,489.6,450,False
POL101511,AS21511,Dora Guzmán Espada,83,SALUD,Valencia,correduria,2022-06-25,,977.65,0,False
POL101512,AS21512,Loida Valentina Gálvez Mateu,41,VIDA,Lleida,online,2023-08-11,2023-10-19,308.53,0,True
POL101513,AS21513,Prudencia Cámara Exposito,64,HOGAR,Vizcaya,online,2024-04-15,,181.61,150,False
POL101514,AS21514,Modesto Figueras Páez,19,AUTO,Valencia,online,2023-01-31,,370.5,450,False
POL101515,AS21515,Rufino Valero Larrañaga,28,AUTO,Sevilla,correduria,2021-08-18,2023-04-07,404.58,450,True
POL101516,AS21516,Ruben Ríos Giménez,61,AUTO,A Coruna,correduria,2023-11-03,,406.65,150,False
POL101517,AS21517,Nélida Romero,80,AUTO,Barcelona,online,2022-12-28,,547.18,450,False
POL101518,AS21518,Visitación Gálvez Llabrés,58,AUTO,A Coruna,online,2022-03-15,,449.66,450,False
POL101519,AS21519,Carlota Manuel Anaya,65,AUTO,Madrid,correduria,2023-04-20,,365.52,150,False
POL101520,AS21520,Juan Antonio Vives Ramirez,25,AUTO,Tarragona,online,2022-02-06,2022-04-02,229.96,150,True
POL101521,AS21521,Roberta Borrell Alcolea,63,AUTO,Cantabria,agente,2022-04-08,,388.07,450,False
POL101522,AS21522,Salvador Camps Redondo,31,VIDA,Lleida,agente,2023-08-05,,249.91,0,False
POL101523,AS21523,Roberta Chico Bonilla,37,HOGAR,Baleares,agente,2024-05-05,,275.19,150,False
POL101524,AS21524,Renata del Cózar,40,VIDA,Lleida,agente,2022-05-02,,339.05,0,False
POL101525,AS21525,Teodoro Carpio Gordillo,38,HOGAR,Asturias,correduria,2023-04-14,2026-03-05,301.07,150,True
POL101526,AS21526,Leticia Ribes Pardo,39,AUTO,Valencia,correduria,2024-05-07,,341.62,600,False
POL101527,AS21527,Benigno Milla Verdugo,57,HOGAR,Valencia,agente,2024-05-27,,334.89,0,False
POL101528,AS21528,Román Márquez Llamas,77,VIDA,Sevilla,agente,2024-01-17,,370.73,0,False
POL101529,AS21529,Eduardo Pavón Alcázar,72,SALUD,Zaragoza,agente,2023-10-24,,637.65,0,False
POL101530,AS21530,Ana Sofía Elodia Llabrés Macías,30,AUTO,Barcelona,agente,2024-06-07,,460.8,150,False
POL101531,AS21531,Lisandro Agustín Cuéllar Alemany,48,VIDA,Zaragoza,correduria,2022-09-04,,370.37,0,False
POL101532,AS21532,Ruy Zaragoza Romeu,67,HOGAR,Tarragona,agente,2022-09-05,,338.25,300,False
POL101533,AS21533,Teófilo Asenjo Chacón,35,AUTO,Alicante,agente,2021-08-20,2024-01-15,338.06,450,True
POL101534,AS21534,Epifanio de Larrañaga,44,HOGAR,Cantabria,correduria,2021-08-12,,206.47,0,False
POL101535,AS21535,Hipólito Giménez Asensio,41,AUTO,Baleares,correduria,2023-08-11,2026-01-31,504.78,600,True
POL101536,AS21536,Agapito Esteve Nebot,51,AUTO,Tarragona,correduria,2022-03-27,2023-12-07,349.69,450,True
POL101537,AS21537,Evita Vaquero Montoya,35,HOGAR,A Coruna,telefono,2022-06-09,,255.02,150,False
POL101538,AS21538,José Mari Sáenz Toledo,29,HOGAR,Sevilla,online,2022-10-21,2025-08-12,320.29,300,True
POL101539,AS21539,Jose Ramón Saldaña Casares,76,AUTO,A Coruna,correduria,2022-12-02,2024-01-14,428.71,300,True
POL101540,AS21540,Amílcar Acosta Olivares,60,AUTO,Alicante,telefono,2021-07-15,2023-06-16,425.28,450,True
POL101541,AS21541,Tristán Abad,82,AUTO,Baleares,telefono,2021-07-05,,438.1,600,False
POL101542,AS21542,Rebeca Crescencia Alsina Bou,47,AUTO,Lleida,agente,2021-03-28,,465.99,300,False
POL101543,AS21543,Montserrat Gisbert-Arnaiz,48,HOGAR,Malaga,correduria,2024-02-14,,326.28,300,False
POL101544,AS21544,Albino Joaquín Guardiola Gaya,67,AUTO,Cantabria,correduria,2021-02-16,,406.83,150,False
POL101545,AS21545,Selena Asenjo Botella,53,HOGAR,Asturias,correduria,2024-04-20,,270.59,0,False
POL101546,AS21546,Olegario Cepeda,42,VIDA,Asturias,agente,2024-05-09,,344.11,0,False
POL101547,AS21547,Vilma Girona Peláez,32,SALUD,Cantabria,correduria,2024-11-26,,848.7,0,False
POL101548,AS21548,Rufina Juanita Santana Gelabert,38,AUTO,Sevilla,correduria,2022-03-11,,430.84,600,False
POL101549,AS21549,Nazaret del Pinto,55,AUTO,Vizcaya,agente,2023-06-07,,408.05,600,False
POL101550,AS21550,Jonatan Vidal Solsona,40,AUTO,Girona,agente,2021-06-12,,483.07,600,False
POL101551,AS21551,Jenny Pelayo Almeida,55,AUTO,Girona,online,2021-11-20,,451.65,300,False
POL101552,AS21552,Leandro Plaza-Montesinos,63,AUTO,Cantabria,correduria,2021-04-08,,395.82,150,False
POL101553,AS21553,Arsenio Castejón Perez,25,HOGAR,Lleida,telefono,2024-08-19,,215.1,0,False
POL101554,AS21554,Almudena Adán Rius,51,HOGAR,Valencia,online,2022-01-18,,236.43,300,False
POL101555,AS21555,Juan Bautista Monreal Merino,79,AUTO,Sevilla,telefono,2021-01-20,,379.37,300,False
POL101556,AS21556,Jose Manuel Olmedo,28,AUTO,Sevilla,correduria,2022-08-31,,355.19,600,False
POL101557,AS21557,Sigfrido Llobet Padilla,24,AUTO,Malaga,agente,2022-08-30,,370.2,450,False
POL101558,AS21558,Berta de Donaire,77,VIDA,Madrid,telefono,2024-08-24,,420.12,0,False
POL101559,AS21559,Haydée María Ángeles Cañas Vigil,44,AUTO,Barcelona,agente,2022-07-18,,338.83,150,False
POL101560,AS21560,Purificación Falcó Pereira,56,AUTO,Girona,agente,2023-07-14,,542.96,150,False
POL101561,AS21561,Julián Puerta Aliaga,21,HOGAR,Cantabria,online,2023-03-25,,108.4,0,False
POL101562,AS21562,Donato Gimenez Guerra,39,AUTO,Cantabria,agente,2023-10-16,2026-08-29,354.08,300,True
POL101563,AS21563,Buenaventura Múñiz Barranco,27,HOGAR,Alicante,online,2022-05-18,2024-08-28,240.82,300,True
POL101564,AS21564,Teófilo de Valenciano,83,AUTO,Sevilla,correduria,2021-02-14,,564.61,150,False
POL101565,AS21565,Lalo Sobrino Flores,50,HOGAR,Vizcaya,agente,2022-10-25,,211.43,150,False
POL101566,AS21566,Anselma Gárate Múgica,73,AUTO,Lleida,correduria,2022-10-04,,495.65,150,False
POL101567,AS21567,Piedad Crespo-Vilanova,20,AUTO,Madrid,correduria,2023-09-12,,577.82,450,False
POL101568,AS21568,Rafaela Calatayud-Sainz,82,HOGAR,Madrid,telefono,2024-04-13,,328.31,150,False
POL101569,AS21569,Edgardo Rojas,82,AUTO,Asturias,correduria,2023-02-27,2025-09-28,401.24,300,True
POL101570,AS21570,Gastón Dávila Arranz,69,VIDA,Baleares,correduria,2022-06-15,,358.43,0,False
POL101571,AS21571,Primitivo Galindo Sureda,67,SALUD,Malaga,correduria,2021-01-20,2022-05-14,841.3,0,True
POL101572,AS21572,Amílcar Lloret Ariza,71,AUTO,Baleares,agente,2022-12-10,,377.89,300,False
POL101573,AS21573,Plinio de Amat,19,HOGAR,Sevilla,online,2021-08-19,,184.38,300,False
POL101574,AS21574,Crescencia Clavero,84,HOGAR,Zaragoza,telefono,2021-06-16,,366.71,0,False
POL101575,AS21575,Marcial Francisco Javier Sala Molina,69,AUTO,Alicante,telefono,2021-02-08,,406.47,300,False
POL101576,AS21576,Florinda Rodriguez Pascual,80,HOGAR,Baleares,online,2024-02-23,,324.58,0,False
POL101577,AS21577,Socorro Loida Samper Lobato,76,AUTO,Alicante,online,2024-10-30,,524.72,150,False
POL101578,AS21578,Jose Ramón Quintana Barrera,69,AUTO,Madrid,online,2022-12-28,2025-12-26,532.68,600,True
POL101579,AS21579,Amaro Santos Ayllón Zamora,25,AUTO,Girona,online,2022-03-08,2024-06-24,536.42,450,True
POL101580,AS21580,María Dolores Goñi Giralt,18,HOGAR,Barcelona,agente,2023-04-22,,246.92,0,False
POL101581,AS21581,Tere Sainz Gonzalez,67,HOGAR,Vizcaya,agente,2024-06-22,,298.63,150,False
POL101582,AS21582,Alejandro Quintero Llabrés,81,HOGAR,Cantabria,online,2024-06-24,2026-07-20,285.55,150,True
POL101583,AS21583,Jordana del Baquero,55,VIDA,Zaragoza,agente,2023-02-28,,342.51,0,False
POL101584,AS21584,Rosario Alemán Zabala,65,SALUD,Barcelona,agente,2022-01-01,,743.15,0,False
POL101585,AS21585,Virgilio Duilio Vélez Ochoa,67,AUTO,Madrid,agente,2023-03-30,,550.09,450,False
POL101586,AS21586,Candelario Morcillo Camino,74,HOGAR,Cantabria,online,2023-01-08,,425.78,150,False
POL101587,AS21587,Íngrid Visitación Font Vélez,41,AUTO,Valencia,online,2021-10-07,,409.92,600,False
POL101588,AS21588,Iker Casanovas Amores,56,AUTO,Zaragoza,online,2021-01-23,2021-10-04,517.41,150,True
POL101589,AS21589,Eusebio Tomé,68,VIDA,A Coruna,agente,2021-05-06,,367.38,0,False
POL101590,AS21590,Candelario Castells Amor,49,HOGAR,Tarragona,correduria,2024-03-30,,227.09,300,False
POL101591,AS21591,Natividad Amores Sala,38,AUTO,Tarragona,correduria,2023-01-17,,502.84,450,False
POL101592,AS21592,Guiomar Cerezo-Arregui,83,AUTO,Tarragona,online,2023-06-26,,524.22,600,False
POL101593,AS21593,Herminia González-Rosa,66,HOGAR,Madrid,agente,2021-11-30,,302.99,300,False
POL101594,AS21594,Tristán Alegria-Juan,81,VIDA,Asturias,correduria,2023-10-20,,331.06,0,False
POL101595,AS21595,Dafne Mosquera Ferrández,61,HOGAR,A Coruna,correduria,2024-11-20,,254.52,300,False
POL101596,AS21596,Ximena Alcaraz Castejón,47,HOGAR,Girona,online,2022-12-06,,271.05,150,False
POL101597,AS21597,Plinio Requena Solsona,45,AUTO,Lleida,correduria,2023-12-31,2026-08-03,485.27,150,True
POL101598,AS21598,Albano del Yáñez,61,AUTO,Barcelona,agente,2024-06-02,,456.91,300,False
POL101599,AS21599,Julia Ortega Salmerón,40,HOGAR,Barcelona,online,2021-05-27,,205.3,300,False
POL101600,AS21600,Martín Ale Romero Vargas,63,VIDA,Valencia,online,2022-06-20,,252.63,0,False
POL101601,AS21601,Ulises Torralba Morcillo,55,AUTO,Lleida,online,2022-05-02,,654.81,600,False
POL101602,AS21602,Delia Escribano Avilés,71,AUTO,Asturias,online,2024-07-12,,441.74,600,False
POL101603,AS21603,Teodora Gomez Cantero,84,SALUD,Sevilla,online,2023-10-28,,835.78,0,False
POL101604,AS21604,Américo Losada Miranda,62,AUTO,Valencia,agente,2023-04-12,,542.2,300,False
POL101605,AS21605,Estela Oliver Puerta,28,HOGAR,Lleida,online,2023-10-01,,251.55,300,False
POL101606,AS21606,Jose Ignacio Palacio Llanos,74,AUTO,Baleares,correduria,2022-05-04,,502.51,300,False
POL101607,AS21607,José Antonio Escrivá Atienza,37,VIDA,Girona,online,2023-06-19,2026-01-28,231.28,0,True
POL101608,AS21608,Camilo Salazar Marin,46,AUTO,Asturias,online,2021-04-07,,463.94,450,False
POL101609,AS21609,Gerónimo del Madrigal,29,HOGAR,Girona,online,2024-10-16,2024-12-09,307.59,300,True
POL101610,AS21610,Haroldo Prats Hidalgo,49,SALUD,Alicante,correduria,2021-08-20,,945.4,0,False
POL101611,AS21611,Nerea Alonso,50,HOGAR,Madrid,agente,2021-03-24,,202.09,150,False
POL101612,AS21612,Roxana Tere Batalla Díaz,67,AUTO,Alicante,correduria,2023-08-06,,561.66,600,False
POL101613,AS21613,Aurora Beltran Terrón,31,SALUD,Asturias,online,2024-07-09,,793.45,0,False
POL101614,AS21614,Patricio Huerta Pelayo,67,VIDA,Lleida,agente,2022-04-28,2022-11-26,391.84,0,True
POL101615,AS21615,Gregorio Toledo Tejedor,32,HOGAR,Malaga,online,2023-05-06,,263.28,300,False
POL101616,AS21616,Martirio Real-Guillen,53,AUTO,Cantabria,online,2022-10-08,,492.44,600,False
POL101617,AS21617,Isaías Nuñez,84,VIDA,Malaga,telefono,2024-04-06,,452.6,0,False
POL101618,AS21618,Toni Quintanilla Carreño,44,SALUD,Barcelona,correduria,2021-02-14,,866.92,0,False
POL101619,AS21619,Ciriaco de Salgado,23,HOGAR,Baleares,correduria,2021-04-28,,176.33,150,False
POL101620,AS21620,Elvira Calvo Sanabria,62,AUTO,Baleares,telefono,2023-07-21,,549.95,450,False
POL101621,AS21621,Maximiano Álvaro,62,SALUD,Zaragoza,online,2021-06-18,2021-12-19,847.73,0,True
POL101622,AS21622,Roberto Baró,64,AUTO,Vizcaya,agente,2023-02-11,,329.51,450,False
POL101623,AS21623,Dorotea Reguera Castells,50,AUTO,Baleares,agente,2024-03-29,,478.95,450,False
POL101624,AS21624,Jeremías Marquez,40,SALUD,Madrid,correduria,2023-06-30,,985.12,0,False
POL101625,AS21625,Jimena Quintero Peláez,81,HOGAR,Sevilla,online,2023-11-01,,324.17,300,False
POL101626,AS21626,Natalio Meléndez Escolano,58,AUTO,Barcelona,correduria,2024-02-08,,434.49,150,False
POL101627,AS21627,Jose Angel Ferrer,70,HOGAR,Asturias,online,2022-03-06,,320.1,0,False
POL101628,AS21628,Gastón Zaragoza Escribano,58,SALUD,Madrid,agente,2021-08-12,,813.23,0,False
POL101629,AS21629,Regina Pinedo-Pons,32,SALUD,Zaragoza,online,2022-08-22,,747.18,0,False
POL101630,AS21630,Graciana González Ropero,27,AUTO,Baleares,agente,2022-08-13,,550.19,300,False
POL101631,AS21631,Roldán Pol-Aparicio,82,AUTO,Baleares,agente,2024-02-02,,450.11,450,False
POL101632,AS21632,Alicia Mata Soto,33,AUTO,Girona,online,2023-09-29,,590.92,450,False
POL101633,AS21633,Víctor Rufino Carnero Zapata,40,AUTO,Barcelona,telefono,2023-12-29,,338.94,600,False
POL101634,AS21634,Gerónimo de Villalonga,67,AUTO,Cantabria,telefono,2024-03-29,,382.92,600,False
POL101635,AS21635,Nazario Torrent Ayuso,19,AUTO,Vizcaya,correduria,2023-12-10,,475.71,150,False
POL101636,AS21636,Hipólito Conesa Simó,80,VIDA,Barcelona,correduria,2024-04-17,2026-07-26,361.85,0,True
POL101637,AS21637,Ricardo Salgado Mate,61,HOGAR,Lleida,online,2024-11-03,,374.73,300,False
POL101638,AS21638,Salomé Aragonés Martínez,56,AUTO,Alicante,correduria,2024-09-28,,425.06,300,False
POL101639,AS21639,Fabiola Palacios,75,VIDA,Zaragoza,agente,2024-06-21,,345.49,0,False
POL101640,AS21640,Amanda Ribas Llorens,34,AUTO,Barcelona,correduria,2022-10-28,,388.14,150,False
POL101641,AS21641,Renata Alcolea Fonseca,84,AUTO,Madrid,correduria,2023-05-21,,625.49,450,False
POL101642,AS21642,Fanny Coca,80,HOGAR,Cantabria,correduria,2021-04-07,,390.92,300,False
POL101643,AS21643,Luciana Lledó Murillo,20,AUTO,Malaga,online,2024-04-16,,406.39,300,False
POL101644,AS21644,Victor Che Gibert Carrera,36,AUTO,Alicante,online,2022-05-29,,390.57,450,False
POL101645,AS21645,Brígida Estevez Rocamora,78,VIDA,A Coruna,correduria,2024-01-08,,239.66,0,False
POL101646,AS21646,Cintia Collado,35,AUTO,Alicante,telefono,2023-02-07,,439.35,600,False
POL101647,AS21647,Florentino Carvajal Serra,30,HOGAR,Barcelona,correduria,2023-04-27,,208.64,0,False
POL101648,AS21648,Florencia España Escolano,52,AUTO,Lleida,online,2021-03-27,,461.9,450,False
POL101649,AS21649,Agustín Marti Palomar,69,SALUD,Valencia,agente,2021-09-17,,1050.04,0,False
POL101650,AS21650,Pastor Posada,29,AUTO,A Coruna,online,2024-08-15,,521.65,300,False
POL101651,AS21651,Adelardo Figuerola Anglada,58,SALUD,A Coruna,agente,2023-07-25,2026-07-15,739.25,0,True
POL101652,AS21652,Teobaldo Basilio Coello Toro,43,HOGAR,Valencia,correduria,2022-06-07,,287.72,0,False
POL101653,AS21653,Constanza Alcántara Sancho,51,SALUD,A Coruna,telefono,2023-06-24,,730.33,0,False
POL101654,AS21654,Rómulo Mosquera,77,AUTO,Valencia,online,2021-12-12,,398.14,150,False
POL101655,AS21655,Jovita Carreras Niño,28,AUTO,Tarragona,correduria,2021-09-24,,329.93,300,False
POL101656,AS21656,Socorro Prats Delgado,75,AUTO,Tarragona,agente,2023-10-14,,540.88,450,False
POL101657,AS21657,Natanael Zamora-Pi,39,SALUD,Zaragoza,agente,2024-02-27,,699.3,0,False
POL101658,AS21658,Teobaldo Gual,55,AUTO,Tarragona,correduria,2024-04-16,2025-01-09,470.45,600,True
POL101659,AS21659,Ceferino Cerezo Abad,27,AUTO,A Coruna,correduria,2024-02-26,,450.46,150,False
POL101660,AS21660,Leticia Juan,77,HOGAR,Zaragoza,correduria,2022-11-10,,376.93,150,False
POL101661,AS21661,Amanda Bru Sebastián,83,VIDA,Tarragona,agente,2024-04-24,,485.97,0,False
POL101662,AS21662,Cecilia Cabezas-Peña,52,HOGAR,Barcelona,agente,2021-02-18,,249.73,0,False
POL101663,AS21663,Jose Luis Iriarte Casanovas,27,AUTO,Girona,correduria,2023-05-15,,528.91,300,False
POL101664,AS21664,Primitiva Montalbán Ribes,24,AUTO,Zaragoza,correduria,2023-08-15,,304.72,300,False
POL101665,AS21665,Natanael Nuñez Aguirre,46,HOGAR,Lleida,online,2024-10-24,,247.63,0,False
POL101666,AS21666,Sandra Ojeda Belda,18,HOGAR,Sevilla,agente,2021-05-24,,202.14,300,False
POL101667,AS21667,César Olivares Cerdán,20,AUTO,Madrid,online,2021-09-28,,349.58,450,False
POL101668,AS21668,Lucía de Ponce,19,AUTO,Cantabria,agente,2022-04-24,,366.47,600,False
POL101669,AS21669,Rufino Alberola Rincón,57,AUTO,Girona,online,2024-09-05,,474.49,600,False
POL101670,AS21670,Clímaco Valencia-Galán,27,AUTO,Tarragona,online,2021-02-24,,419.55,450,False
POL101671,AS21671,Ignacia Cases Gras,75,HOGAR,Valencia,agente,2021-11-05,,299.46,150,False
POL101672,AS21672,Regina Galvez Cortes,32,VIDA,Vizcaya,agente,2023-12-17,,452.97,0,False
POL101673,AS21673,Alicia Bolaños Téllez,67,AUTO,Malaga,online,2022-06-16,,501.14,300,False
POL101674,AS21674,Ofelia Pedro Tejero,31,VIDA,Valencia,agente,2023-08-22,,356.99,0,False
POL101675,AS21675,Teobaldo Giner Capdevila,26,AUTO,Alicante,online,2021-05-09,,350.52,150,False
POL101676,AS21676,Jacinta Conde Olivé,59,AUTO,Alicante,agente,2024-11-09,,452.08,600,False
POL101677,AS21677,Benita Juárez Bárcena,36,HOGAR,Madrid,online,2022-03-26,2023-06-13,259.47,300,True
POL101678,AS21678,Águeda del Nogués,67,AUTO,Baleares,agente,2021-05-31,,448.28,450,False
POL101679,AS21679,Luz Saura Manzano,73,AUTO,Valencia,agente,2021-03-06,2022-05-12,565.95,150,True
POL101680,AS21680,Carmela Cristina Bejarano Benavent,58,VIDA,A Coruna,telefono,2022-05-10,,405.8,0,False
POL101681,AS21681,Tere Sabater-Lastra,76,AUTO,Madrid,agente,2023-03-07,,569.45,300,False
POL101682,AS21682,Eliseo Costa Morillo,28,SALUD,Cantabria,telefono,2023-10-11,2026-03-31,736.62,0,True
POL101683,AS21683,Odalys Pallarès Goicoechea,54,AUTO,Sevilla,online,2022-10-18,,497.57,450,False
POL101684,AS21684,Tamara Meléndez Aranda,56,AUTO,Baleares,online,2022-02-23,,368.76,300,False
POL101685,AS21685,Anita Vázquez Andres,18,HOGAR,Tarragona,correduria,2023-05-15,,181.45,150,False
POL101686,AS21686,Inocencio Díaz Araujo,22,VIDA,Madrid,online,2023-03-10,,253.05,0,False
POL101687,AS21687,Etelvina Huerta Jiménez,68,VIDA,Zaragoza,online,2024-01-25,,435.44,0,False
POL101688,AS21688,Feliciana de Ledesma,69,AUTO,Baleares,agente,2022-05-15,,555.55,300,False
POL101689,AS21689,Soledad Gelabert Mayoral,20,AUTO,A Coruna,telefono,2021-09-07,,372.35,150,False
POL101690,AS21690,Cruz Ligia Sancho Dalmau,20,AUTO,Malaga,agente,2022-06-07,,457.52,150,False
POL101691,AS21691,Filomena Anglada Guardiola,22,AUTO,Asturias,telefono,2024-08-21,,421.89,450,False
POL101692,AS21692,Socorro Cabeza Ballesteros,59,AUTO,Girona,online,2024-06-25,,374.46,450,False
POL101693,AS21693,Olivia del León,64,AUTO,Valencia,correduria,2022-01-05,,340.91,150,False
POL101694,AS21694,Sabina Quirós Figueroa,60,HOGAR,Alicante,correduria,2022-09-26,,272.37,300,False
POL101695,AS21695,José Ángel del Lucas,54,AUTO,Zaragoza,correduria,2023-03-21,,364.28,600,False
POL101696,AS21696,Abigaíl Avilés-Robledo,49,SALUD,Asturias,correduria,2024-07-05,,897.06,0,False
POL101697,AS21697,Ángel de Morán,31,HOGAR,A Coruna,agente,2024-11-02,,353.31,150,False
POL101698,AS21698,Ángeles Carnero Abascal,66,AUTO,Asturias,online,2023-10-06,2024-01-15,425.07,150,True
POL101699,AS21699,Esmeralda Tejera Polo,40,HOGAR,Barcelona,agente,2022-02-05,,242.23,0,False
POL101700,AS21700,Rafaela Ángeles Castellanos Salas,83,AUTO,Valencia,agente,2022-03-26,,407.71,150,False
POL101701,AS21701,Glauco Naranjo Ocaña,64,AUTO,Girona,agente,2024-05-31,,527.88,450,False
POL101702,AS21702,Maite Robledo Jurado,82,AUTO,Girona,agente,2021-11-08,,430.47,450,False
POL101703,AS21703,Amaya Múgica Giner,77,AUTO,Valencia,telefono,2024-11-13,,441.11,300,False
POL101704,AS21704,Modesto Bas,61,SALUD,Madrid,agente,2023-12-29,2026-06-06,989.1,0,True
POL101705,AS21705,Valentina Leal Berenguer,57,AUTO,Cantabria,agente,2024-02-15,,454.93,600,False
POL101706,AS21706,Julián Carretero Bayón,83,HOGAR,Malaga,correduria,2024-08-09,,303.35,150,False
POL101707,AS21707,Carlos Sebastián,37,AUTO,Cantabria,online,2024-09-18,2026-07-15,442.72,600,True
POL101708,AS21708,Ruy Verdejo Marti,21,HOGAR,Tarragona,agente,2021-04-19,,223.05,0,False
POL101709,AS21709,Maricela Clara Vara Bru,50,VIDA,Malaga,agente,2024-12-03,,344.77,0,False
POL101710,AS21710,Susana Cantero Campoy,35,AUTO,Vizcaya,telefono,2022-05-13,,391.94,300,False
POL101711,AS21711,Jimena Carbó,79,AUTO,Alicante,agente,2021-10-30,,440.1,600,False
POL101712,AS21712,Ruperto Valverde-Estevez,53,HOGAR,Asturias,online,2023-09-24,,317.13,150,False
POL101713,AS21713,Malena Rivas Roda,83,AUTO,Girona,correduria,2024-04-27,,451.51,150,False
POL101714,AS21714,José Mari del Cadenas,25,HOGAR,Lleida,telefono,2023-12-07,,247.84,300,False
POL101715,AS21715,Tiburcio Frías,66,SALUD,A Coruna,telefono,2021-03-30,2022-02-27,729.46,0,True
POL101716,AS21716,Águeda Pareja Gonzalo,84,VIDA,Tarragona,agente,2024-03-07,2026-06-28,394.76,0,True
POL101717,AS21717,Gracia Sanmartín Marco,72,HOGAR,Cantabria,agente,2021-12-25,,331.17,0,False
POL101718,AS21718,Jordi Vélez Espejo,43,AUTO,A Coruna,correduria,2024-03-25,,420.99,450,False
POL101719,AS21719,Victorino Diez Bermúdez,44,AUTO,Asturias,correduria,2021-05-08,,449.66,150,False
POL101720,AS21720,Ovidio de Guardiola,55,VIDA,Vizcaya,agente,2021-02-28,,340.82,0,False
POL101721,AS21721,Palmira Camila Domínguez Céspedes,46,HOGAR,Baleares,agente,2024-03-10,,270.61,0,False
POL101722,AS21722,Ana Catalá-Andreu,54,VIDA,Cantabria,agente,2022-02-03,,297.21,0,False
POL101723,AS21723,Andrea Sola Feliu,72,HOGAR,Vizcaya,online,2021-12-12,,300.17,150,False
POL101724,AS21724,Montserrat Costa-Durán,46,AUTO,Tarragona,online,2022-04-10,,541.8,600,False
POL101725,AS21725,Cándida Vilar Solé,35,HOGAR,A Coruna,correduria,2022-07-15,,245.69,150,False
POL101726,AS21726,Isabela Bibiana Contreras Nevado,52,HOGAR,Asturias,online,2024-04-17,,210.01,0,False
POL101727,AS21727,Manuel Gargallo Goicoechea,41,AUTO,Valencia,online,2021-01-10,,519.12,450,False
POL101728,AS21728,Bernardo Llano Fernández,71,AUTO,Lleida,online,2021-11-10,,358.34,150,False
POL101729,AS21729,Cayetana Guardia,52,HOGAR,Baleares,online,2023-07-27,,294.39,150,False
POL101730,AS21730,Gastón Blazquez Tomás,19,AUTO,Malaga,online,2023-10-27,,228.24,450,False
POL101731,AS21731,Fabricio Barranco Martorell,43,AUTO,Alicante,online,2023-05-22,,450.53,300,False
POL101732,AS21732,Celia Fajardo-Gaya,70,AUTO,Cantabria,telefono,2024-11-16,,675.09,150,False
POL101733,AS21733,Serafina Amo Reig,78,HOGAR,Tarragona,telefono,2023-10-22,2024-11-09,297.2,150,True
POL101734,AS21734,Haydée Alsina Melero,76,AUTO,Tarragona,online,2022-02-01,,586.39,300,False
POL101735,AS21735,Fito Puente Rodriguez,81,HOGAR,Zaragoza,correduria,2023-11-19,,316.36,300,False
POL101736,AS21736,Lorena Martinez Fortuny,71,AUTO,Madrid,correduria,2023-01-31,,463.84,150,False
POL101737,AS21737,Hilario Catalán Berenguer,63,AUTO,Baleares,agente,2021-04-05,,435.01,150,False
POL101738,AS21738,Anita María Belén Vidal Toro,55,AUTO,Madrid,online,2022-03-09,,532.81,300,False
POL101739,AS21739,María José Bilbao-Palomo,83,AUTO,A Coruna,correduria,2023-02-16,2023-07-26,557.65,450,True
POL101740,AS21740,Alonso Viña Pou,70,SALUD,Cantabria,online,2024-09-16,,857.12,0,False
POL101741,AS21741,Jorge Juan Carlos López Arcos,50,VIDA,Vizcaya,online,2024-02-23,2024-04-13,289.9,0,True
POL101742,AS21742,León Linares Abad,21,HOGAR,Girona,online,2022-01-02,,166.13,0,False
POL101743,AS21743,Nieves Granados Segura,64,VIDA,Vizcaya,online,2024-02-19,,384.84,0,False
POL101744,AS21744,Jafet Noguera Miranda,81,AUTO,Sevilla,agente,2021-07-31,,524.42,450,False
POL101745,AS21745,Herberto Carrión Alsina,74,VIDA,Barcelona,online,2023-10-31,,269.41,0,False
POL101746,AS21746,Leocadio Ochoa-Bellido,50,VIDA,Malaga,online,2024-07-16,,327.5,0,False
POL101747,AS21747,Narciso Izaguirre-Frías,82,HOGAR,Girona,correduria,2024-10-31,,296.83,150,False
POL101748,AS21748,Héctor Pera Pastor,25,SALUD,Tarragona,agente,2022-07-09,2023-08-22,542.49,0,True
POL101749,AS21749,Pastora Zaragoza Velasco,74,AUTO,Malaga,correduria,2023-08-01,,333.12,300,False
POL101750,AS21750,Félix Rosario Mata Moliner,59,AUTO,Malaga,agente,2023-07-13,,443.63,150,False
POL101751,AS21751,Mireia Cornejo Solís,58,SALUD,A Coruna,agente,2024-03-24,,952.87,0,False
POL101752,AS21752,Telmo del Salgado,43,AUTO,Lleida,online,2023-01-21,,537.63,600,False
POL101753,AS21753,Soledad Clementina Mate Casares,81,SALUD,Lleida,online,2022-10-25,,625.56,0,False
POL101754,AS21754,Encarnita Montserrat Campoy,43,HOGAR,A Coruna,online,2021-05-25,,310.13,300,False
POL101755,AS21755,Vidal Vall Tur,82,AUTO,Malaga,agente,2023-02-03,2024-02-10,513.15,600,True
POL101756,AS21756,Fátima Bonilla-Maestre,81,VIDA,Vizcaya,online,2022-01-17,,350.83,0,False
POL101757,AS21757,René Aller Jaén,53,HOGAR,Madrid,correduria,2021-02-18,,322.0,300,False
POL101758,AS21758,Benita Segovia Casals,40,AUTO,Baleares,agente,2022-06-02,,383.29,150,False
POL101759,AS21759,Eligio Macías Hernando,38,AUTO,A Coruna,agente,2022-11-16,,394.01,150,False
POL101760,AS21760,Fabiola Crespo-Buendía,72,AUTO,Barcelona,agente,2021-08-23,,467.8,600,False
POL101761,AS21761,Joan Padilla Carro,62,SALUD,Alicante,agente,2021-06-21,,829.48,0,False
POL101762,AS21762,Herberto Pedro,58,VIDA,Vizcaya,correduria,2024-05-18,,307.39,0,False
POL101763,AS21763,Ciro Pino Llabrés,40,AUTO,Sevilla,online,2023-01-02,,393.85,450,False
POL101764,AS21764,Ascensión Fabiana Corbacho Alberola,66,AUTO,Lleida,online,2021-01-13,,451.02,150,False
POL101765,AS21765,Remedios Juárez Rocha,30,VIDA,Tarragona,online,2021-11-16,,360.29,0,False
POL101766,AS21766,Lara Rodríguez Pereira,77,AUTO,Madrid,online,2023-06-19,,302.24,150,False
POL101767,AS21767,Cristian Aranda Olivé,64,AUTO,Asturias,online,2021-01-13,,420.22,150,False
POL101768,AS21768,Lalo Victorino Bayón Casanovas,43,AUTO,Sevilla,agente,2022-01-12,,484.78,600,False
POL101769,AS21769,Custodio del Querol,46,SALUD,Lleida,correduria,2023-02-19,,867.67,0,False
POL101770,AS21770,Desiderio Delgado-Requena,59,HOGAR,Tarragona,correduria,2023-11-27,,256.46,150,False
POL101771,AS21771,Jovita Rozas Guardia,79,AUTO,Lleida,agente,2023-05-16,2023-10-08,539.51,600,True
POL101772,AS21772,Teófilo Cifuentes Bastida,56,AUTO,Cantabria,agente,2022-10-17,,350.89,150,False
POL101773,AS21773,Baltasar Bautista Duque,83,AUTO,A Coruna,agente,2024-12-30,,510.63,150,False
POL101774,AS21774,Ale Ripoll-Amat,50,HOGAR,Alicante,agente,2023-03-24,,342.7,300,False
POL101775,AS21775,Maristela Bayón Bueno,31,AUTO,Baleares,agente,2024-11-07,,284.83,600,False
POL101776,AS21776,Crescencia Oller-Laguna,52,HOGAR,Baleares,online,2023-03-31,,299.31,0,False
POL101777,AS21777,Maite Barceló Guardia,39,SALUD,Cantabria,online,2023-05-07,,873.73,0,False
POL101778,AS21778,Dani Recio-Gil,34,HOGAR,A Coruna,agente,2023-09-26,,196.27,300,False
POL101779,AS21779,Isaura Vergara,42,AUTO,Vizcaya,correduria,2023-08-12,,456.88,150,False
POL101780,AS21780,Ulises Ruy Crespo Bayona,21,AUTO,Asturias,online,2024-08-10,,413.5,600,False
POL101781,AS21781,Lorenzo Soria-Serrano,43,AUTO,Tarragona,online,2024-04-14,,430.67,150,False
POL101782,AS21782,Bernardino Cardona Luján,58,HOGAR,A Coruna,online,2021-12-20,,288.06,150,False
POL101783,AS21783,Octavia Cuéllar Farré,53,AUTO,Madrid,online,2023-09-01,,403.97,600,False
POL101784,AS21784,Benito Manjón Feliu,65,AUTO,Tarragona,agente,2021-02-17,2021-10-16,430.13,600,True
POL101785,AS21785,Nilo Maldonado Ribera,83,VIDA,Girona,online,2021-01-06,,440.88,0,False
POL101786,AS21786,Calisto Olivares Dávila,64,HOGAR,Sevilla,online,2023-10-16,2026-09-07,356.52,150,True
POL101787,AS21787,Haydée Cruz Zorrilla,46,HOGAR,Tarragona,agente,2022-12-06,,304.98,0,False
POL101788,AS21788,Clementina Pujadas Salvà,46,AUTO,Cantabria,online,2021-03-28,,522.42,600,False
POL101789,AS21789,Sancho Solís Gallego,32,AUTO,Lleida,agente,2023-10-11,,460.28,300,False
POL101790,AS21790,Felisa Garmendia Múñiz,59,HOGAR,Asturias,correduria,2022-02-24,,305.01,0,False
POL101791,AS21791,Rosendo Reig-Canales,34,AUTO,Cantabria,agente,2022-12-09,,450.24,300,False
POL101792,AS21792,Saturnino Llobet Valero,23,AUTO,Sevilla,online,2022-08-12,,522.6,450,False
POL101793,AS21793,Augusto Caballero Ribas,65,VIDA,Asturias,agente,2023-05-03,,283.63,0,False
POL101794,AS21794,Olimpia Gallo,26,SALUD,Cantabria,online,2023-12-02,,772.66,0,False
POL101795,AS21795,Sigfrido Cózar Tejedor,22,VIDA,Madrid,agente,2024-12-12,,326.88,0,False
POL101796,AS21796,Quirino Viñas Vilaplana,50,VIDA,Vizcaya,correduria,2022-09-03,,405.39,0,False
POL101797,AS21797,Oriana Batalla Lastra,71,HOGAR,Vizcaya,agente,2022-05-20,,360.21,300,False
POL101798,AS21798,Fortunato Zurita Calzada,45,AUTO,Malaga,correduria,2022-10-17,,419.92,150,False
POL101799,AS21799,Maximino Manzanares Ricart,66,VIDA,A Coruna,online,2021-06-11,,370.34,0,False
POL101800,AS21800,Cleto Narváez Quero,58,HOGAR,Barcelona,agente,2023-10-08,,347.13,0,False
POL101801,AS21801,Narcisa Barrios-Nebot,31,AUTO,Barcelona,agente,2022-05-24,,502.73,150,False
POL101802,AS21802,Azeneth Cisneros Cabezas,50,SALUD,Alicante,online,2022-02-04,,775.71,0,False
POL101803,AS21803,Cayetana Itziar Ibañez Rosa,42,SALUD,Asturias,correduria,2021-06-30,,796.15,0,False
POL101804,AS21804,Maximiliano Torre Rozas,49,AUTO,Vizcaya,online,2021-04-23,,510.39,300,False
POL101805,AS21805,Pastor Barreda Bejarano,35,AUTO,Cantabria,agente,2021-08-15,,496.25,150,False
POL101806,AS21806,Lorenzo Manso Valle,77,AUTO,A Coruna,correduria,2021-10-16,2022-01-22,516.12,150,True
POL101807,AS21807,Sofía Anguita Goicoechea,69,HOGAR,Zaragoza,agente,2024-01-27,,289.17,300,False
POL101808,AS21808,Gabino Busquets-Guijarro,44,AUTO,Zaragoza,telefono,2023-06-11,,527.47,450,False
POL101809,AS21809,Josep Ildefonso Herranz Pino,55,AUTO,Valencia,agente,2023-10-18,2026-01-28,533.58,450,True
POL101810,AS21810,Luna Hierro Borrell,55,SALUD,Asturias,correduria,2024-01-29,,612.55,0,False
POL101811,AS21811,Abilio Heras Benavides,82,HOGAR,Cantabria,online,2022-05-18,,286.07,150,False
POL101812,AS21812,Dulce Merche Larrañaga Pineda,64,SALUD,Girona,agente,2024-10-25,,729.59,0,False
POL101813,AS21813,Baudelio Armando Alarcón Lluch,60,HOGAR,Alicante,correduria,2023-12-04,,264.96,0,False
POL101814,AS21814,Corona Beltrán Castejón,74,AUTO,Vizcaya,online,2022-08-17,,375.25,300,False
POL101815,AS21815,María Jesús Serra Vilanova,27,VIDA,Zaragoza,correduria,2024-12-17,2026-10-06,323.43,0,True
POL101816,AS21816,María Del Carmen Pulido Carballo,26,AUTO,Baleares,online,2022-01-22,,370.79,300,False
POL101817,AS21817,Rosario Cal Ripoll,31,SALUD,Madrid,online,2024-11-02,,772.82,0,False
POL101818,AS21818,Abigaíl Carrillo Angulo,20,AUTO,Madrid,online,2021-11-08,,402.25,600,False
POL101819,AS21819,Roberta Batalla Guillén,38,AUTO,Asturias,agente,2023-03-25,,542.56,150,False
POL101820,AS21820,Luz Carolina Pou Ordóñez,30,HOGAR,Sevilla,agente,2022-05-13,2024-11-21,225.53,150,True
POL101821,AS21821,Gabriela Rocha,56,AUTO,Madrid,agente,2022-10-22,,359.36,450,False
POL101822,AS21822,Guadalupe Arranz Ortega,58,AUTO,Barcelona,correduria,2024-01-04,,432.2,150,False
POL101823,AS21823,Augusto Garcia Exposito,78,AUTO,Girona,correduria,2023-04-20,,383.6,300,False
POL101824,AS21824,Loreto Luis Ángel Franch Barba,44,AUTO,Girona,agente,2022-04-24,,300.19,600,False
POL101825,AS21825,Raquel Marcos Mulet,62,HOGAR,Valencia,correduria,2023-03-09,,250.98,300,False
POL101826,AS21826,Olivia Bauzà Casals,56,HOGAR,Asturias,agente,2022-09-12,,346.6,300,False
POL101827,AS21827,Nilo Montoya Ureña,79,AUTO,Zaragoza,online,2022-01-28,,564.44,450,False
POL101828,AS21828,Odalys Páez,71,AUTO,Alicante,correduria,2023-07-12,,492.88,300,False
POL101829,AS21829,Jaime Goicoechea Cuadrado,31,AUTO,Lleida,online,2024-02-05,,400.75,600,False
POL101830,AS21830,Néstor Mercader Cuenca,46,AUTO,Zaragoza,correduria,2023-04-27,,368.62,300,False
POL101831,AS21831,Narciso Otero Artigas,37,HOGAR,Lleida,agente,2024-03-09,2025-10-08,250.8,0,True
POL101832,AS21832,Nieves Guardia Valbuena,42,HOGAR,Madrid,online,2022-05-17,,279.63,300,False
POL101833,AS21833,Buenaventura del Novoa,58,AUTO,Sevilla,correduria,2023-05-07,,521.92,600,False
POL101834,AS21834,Fabián Acosta Gelabert,19,AUTO,Lleida,agente,2023-05-29,2024-09-20,509.0,150,True
POL101835,AS21835,Hilda Boada-Español,26,HOGAR,Sevilla,correduria,2023-04-12,,250.1,0,False
POL101836,AS21836,Toño de Rozas,78,HOGAR,A Coruna,agente,2024-05-09,,282.59,0,False
POL101837,AS21837,Soledad Hierro Fajardo,61,HOGAR,Zaragoza,online,2024-06-06,,269.45,150,False
POL101838,AS21838,Macarena Marti-Peral,64,HOGAR,A Coruna,online,2024-12-22,,257.99,300,False
POL101839,AS21839,Cecilia Abascal Otero,77,AUTO,Vizcaya,online,2021-06-29,,506.87,150,False
POL101840,AS21840,Luis Montoya,67,AUTO,Sevilla,online,2022-04-04,,428.75,450,False
POL101841,AS21841,Montserrat Contreras Abad,73,AUTO,A Coruna,agente,2021-08-25,,417.15,300,False
POL101842,AS21842,Águeda Castillo Alfonso,23,HOGAR,Girona,agente,2022-11-02,,253.3,150,False
POL101843,AS21843,Clímaco de Álamo,64,AUTO,Tarragona,correduria,2022-11-19,,274.9,300,False
POL101844,AS21844,Trinidad Bernad Nadal,79,HOGAR,Cantabria,agente,2022-04-04,,295.31,150,False
POL101845,AS21845,Albino Pareja Arévalo,65,VIDA,Madrid,online,2023-09-04,2025-07-16,366.67,0,True
POL101846,AS21846,Candelas de Navas,43,AUTO,Vizcaya,online,2023-12-22,,365.63,300,False
POL101847,AS21847,Felipa Carreras-Tenorio,48,AUTO,Girona,correduria,2024-09-26,,312.61,450,False
POL101848,AS21848,Sabas Sigfrido Téllez Valenzuela,75,HOGAR,Valencia,online,2023-05-19,2026-03-09,327.68,300,True
POL101849,AS21849,Salvador del Tudela,20,HOGAR,Valencia,online,2023-10-03,,249.56,150,False
POL101850,AS21850,Priscila Requena Marín,36,VIDA,Vizcaya,telefono,2023-02-19,,273.92,0,False
POL101851,AS21851,Raimundo Batalla-Sanjuan,72,AUTO,Sevilla,agente,2022-08-05,,641.2,450,False
POL101852,AS21852,Valerio Castell Manzano,82,HOGAR,Cantabria,telefono,2024-11-20,,240.94,150,False
POL101853,AS21853,Chus Villalobos Osorio,48,AUTO,Barcelona,agente,2021-06-08,,321.31,300,False
POL101854,AS21854,Porfirio España,32,AUTO,Malaga,online,2021-02-14,,336.58,150,False
POL101855,AS21855,Marcial Iglesias-Galiano,49,HOGAR,Barcelona,online,2021-12-05,,342.75,300,False
POL101856,AS21856,Martin Baena Goicoechea,39,HOGAR,Sevilla,correduria,2024-08-03,,189.21,150,False
POL101857,AS21857,Noé Porcel Llano,47,VIDA,Alicante,correduria,2022-04-11,,274.65,0,False
POL101858,AS21858,Arturo Belda Martí,71,AUTO,Malaga,agente,2021-06-02,,377.87,150,False
POL101859,AS21859,Samanta Salas Román,52,AUTO,Alicante,agente,2024-11-14,,517.69,600,False
POL101860,AS21860,Rosendo Balaguer Miró,41,AUTO,Barcelona,correduria,2024-01-06,,367.25,150,False
POL101861,AS21861,Gonzalo Perea-Ballesteros,61,HOGAR,Sevilla,agente,2024-09-12,2025-10-14,295.93,150,True
POL101862,AS21862,Hilda Piñol Tejero,65,HOGAR,Tarragona,agente,2021-02-11,,352.98,150,False
POL101863,AS21863,Luz Bueno Pedraza,50,AUTO,Cantabria,agente,2023-09-09,,414.93,600,False
POL101864,AS21864,Domitila del Martin,60,SALUD,Asturias,correduria,2024-03-29,2024-05-02,533.17,0,True
POL101865,AS21865,Trinidad Ortega Giner,47,VIDA,Asturias,agente,2024-07-08,,323.74,0,False
POL101866,AS21866,Claudia Jover Salazar,84,VIDA,Girona,online,2024-08-11,,486.87,0,False
POL101867,AS21867,María Jesús Escudero Aguirre,53,HOGAR,Girona,online,2024-10-22,,272.91,150,False
POL101868,AS21868,Ángeles Jordán Colom,57,AUTO,Baleares,correduria,2024-11-28,,490.39,150,False
POL101869,AS21869,Alejandra de Campillo,43,HOGAR,Valencia,correduria,2024-03-07,,298.7,300,False
POL101870,AS21870,Agapito Alcides Tormo Calvo,60,SALUD,Madrid,online,2023-08-12,,855.61,0,False
POL101871,AS21871,Gervasio Clavero Mayoral,71,VIDA,Malaga,correduria,2023-03-20,,439.13,0,False
POL101872,AS21872,Eutropio Rodrigo Vicente,84,AUTO,Valencia,agente,2023-05-16,,363.12,300,False
POL101873,AS21873,Teo Melero Daza,73,VIDA,A Coruna,agente,2024-08-02,,357.48,0,False
POL101874,AS21874,Brígida Campo Palomares,84,HOGAR,A Coruna,online,2022-11-09,,294.31,150,False
POL101875,AS21875,Paz Cisneros Amores,25,AUTO,Barcelona,agente,2023-02-19,2023-10-16,368.66,150,True
POL101876,AS21876,Elisabet Millán Gutiérrez,81,AUTO,A Coruna,online,2021-12-17,,661.34,450,False
POL101877,AS21877,Mariana Vallejo Pinedo,59,SALUD,Zaragoza,telefono,2021-02-11,2022-04-06,844.17,0,True
POL101878,AS21878,Hipólito Moliner Ordóñez,28,HOGAR,Valencia,online,2023-03-20,,321.32,0,False
POL101879,AS21879,Elpidio Antón Baró,30,HOGAR,Sevilla,agente,2022-12-28,,246.13,150,False
POL101880,AS21880,Ani Garrido-Arnaiz,75,AUTO,Sevilla,correduria,2021-01-09,,551.07,450,False
POL101881,AS21881,Sol Carreño Prat,28,AUTO,Barcelona,online,2024-02-14,,336.09,600,False
POL101882,AS21882,Hilario Cobos Bilbao,33,HOGAR,Alicante,online,2023-03-29,,194.33,150,False
POL101883,AS21883,Fabián Montalbán Pascual,38,AUTO,Alicante,correduria,2023-05-03,,337.93,300,False
POL101884,AS21884,Marc Santamaria Pazos,68,AUTO,Sevilla,agente,2023-03-11,,585.38,450,False
POL101885,AS21885,Josefina Figueroa Catalá,45,HOGAR,Asturias,agente,2023-11-08,,212.67,300,False
POL101886,AS21886,Guiomar Galván Pareja,33,HOGAR,Zaragoza,correduria,2022-08-30,,151.87,0,False
POL101887,AS21887,Ulises Manrique-Giner,19,AUTO,Malaga,online,2024-07-21,,325.94,600,False
POL101888,AS21888,Eligio de Millán,31,AUTO,Valencia,online,2024-12-21,,603.94,300,False
POL101889,AS21889,Ale Solsona Chamorro,33,VIDA,Lleida,telefono,2021-04-27,2022-12-01,354.78,0,True
POL101890,AS21890,Tania Ricart Arnau,69,HOGAR,Vizcaya,agente,2024-06-18,,270.87,0,False
POL101891,AS21891,Cristian Carrasco Segura,23,AUTO,Tarragona,correduria,2021-04-08,,516.12,150,False
POL101892,AS21892,Arturo Prats Cruz,77,VIDA,Barcelona,correduria,2023-12-13,,335.04,0,False
POL101893,AS21893,Margarita del Guillen,28,AUTO,A Coruna,correduria,2023-04-11,,332.69,450,False
POL101894,AS21894,Montserrat Enríquez-Palacios,42,VIDA,Sevilla,agente,2022-04-24,,193.04,0,False
POL101895,AS21895,Moisés Simó Iborra,40,VIDA,Alicante,agente,2022-09-03,,337.4,0,False
POL101896,AS21896,Tania Chamorro Adadia,74,AUTO,Lleida,online,2022-07-14,,396.48,150,False
POL101897,AS21897,Apolonia Cárdenas Portero,54,HOGAR,Zaragoza,telefono,2022-07-13,,413.64,0,False
POL101898,AS21898,Teresita Palmira Toro Sarmiento,51,VIDA,Madrid,agente,2023-06-15,,335.78,0,False
POL101899,AS21899,Prudencia Cañellas-Bonilla,76,SALUD,Lleida,agente,2022-01-10,,737.33,0,False
POL101900,AS21900,Lupe Puga Calvo,42,HOGAR,A Coruna,agente,2024-02-10,,291.85,0,False
POL101901,AS21901,Geraldo Tamarit,76,HOGAR,Zaragoza,agente,2024-07-09,,294.98,150,False
POL101902,AS21902,Susanita Barragán Benavente,36,SALUD,Baleares,agente,2023-07-11,,765.05,0,False
POL101903,AS21903,Adela Paz Segarra,83,AUTO,Barcelona,online,2024-10-31,,447.66,300,False
POL101904,AS21904,Aarón Daza Flores,63,HOGAR,Sevilla,online,2024-03-07,,321.43,300,False
POL101905,AS21905,Benita de Sevillano,73,HOGAR,Girona,online,2022-10-03,,339.07,150,False
POL101906,AS21906,Jordi Iriarte Aramburu,49,AUTO,Asturias,agente,2024-03-19,,451.04,300,False
POL101907,AS21907,Camilo Asensio Barriga,20,HOGAR,Cantabria,agente,2022-12-19,,137.38,150,False
POL101908,AS21908,Ámbar Abella Cózar,47,AUTO,Barcelona,online,2024-07-04,,482.9,600,False
POL101909,AS21909,Eugenia Corominas Céspedes,80,AUTO,Tarragona,agente,2022-07-05,2024-06-01,495.94,300,True
POL101910,AS21910,Baltasar del Quero,24,AUTO,A Coruna,agente,2024-06-17,2025-04-14,197.7,450,True
POL101911,AS21911,Emilia Gomis,44,AUTO,Alicante,online,2021-06-30,,367.34,300,False
POL101912,AS21912,Chuy Gallardo Castro,82,HOGAR,A Coruna,online,2023-01-15,,285.94,150,False
POL101913,AS21913,Emiliana Rodríguez-Varela,76,VIDA,Baleares,correduria,2023-05-21,,315.91,0,False
POL101914,AS21914,Adora Tena Pera,34,AUTO,Barcelona,online,2021-05-11,,457.69,300,False
POL101915,AS21915,Ámbar Mayo Chacón,76,VIDA,Baleares,correduria,2022-08-29,,367.18,0,False
POL101916,AS21916,Francisco Jose Ros Villalonga,38,AUTO,A Coruna,correduria,2023-09-25,,353.76,150,False
POL101917,AS21917,Benito Arcos Sanchez,19,AUTO,Vizcaya,agente,2024-06-30,,373.58,600,False
POL101918,AS21918,Aarón Jaume Montenegro,25,AUTO,Girona,agente,2021-06-13,,399.53,600,False
POL101919,AS21919,Francisco Olivera Guillén,51,AUTO,Malaga,online,2021-05-04,,488.1,150,False
POL101920,AS21920,Miguel Posada Batlle,52,VIDA,Barcelona,agente,2021-10-28,,420.24,0,False
POL101921,AS21921,Leoncio Julián Manso Ballester,78,HOGAR,Valencia,agente,2023-08-18,2026-07-24,412.79,150,True
POL101922,AS21922,Febe Lerma Caro,70,AUTO,Baleares,agente,2023-05-26,,522.12,150,False
POL101923,AS21923,Evita Fabregat-Pérez,63,AUTO,Tarragona,correduria,2021-04-04,,476.03,600,False
POL101924,AS21924,Reyna Tapia Ríos,78,HOGAR,Barcelona,agente,2021-03-07,2022-05-15,267.15,0,True
POL101925,AS21925,Marciano Castañeda Losada,51,HOGAR,Valencia,agente,2023-06-10,,335.47,300,False
POL101926,AS21926,Ibán Mosquera Donoso,34,HOGAR,Baleares,online,2024-04-16,,238.64,300,False
POL101927,AS21927,Natalio Vázquez-Plana,21,AUTO,Sevilla,agente,2023-08-26,,469.9,450,False
POL101928,AS21928,Guiomar Merino Bosch,61,HOGAR,Baleares,agente,2023-12-27,,358.1,0,False
POL101929,AS21929,Eugenio del Herrero,66,AUTO,Girona,correduria,2022-02-03,,329.86,300,False
POL101930,AS21930,Leocadia Cerdá Oller,35,AUTO,Tarragona,online,2021-06-09,,379.15,300,False
POL101931,AS21931,Luna Roselló Fuertes,34,AUTO,Girona,agente,2021-08-15,,409.65,300,False
POL101932,AS21932,Adora Rosa María Olmedo Tejero,55,HOGAR,Vizcaya,online,2023-09-05,,270.89,0,False
POL101933,AS21933,Luz Lobato,78,HOGAR,Cantabria,online,2022-04-01,,326.69,0,False
POL101934,AS21934,Rogelio Calleja Ángel,23,AUTO,Cantabria,correduria,2021-11-22,,422.52,150,False
POL101935,AS21935,Marisela Alcaraz Cámara,47,HOGAR,Madrid,agente,2022-06-06,,177.76,0,False
POL101936,AS21936,Jose Antonio Daza-Gallego,82,AUTO,Alicante,online,2022-07-17,,561.15,600,False
POL101937,AS21937,Graciano Corbacho Sánchez,36,HOGAR,Girona,agente,2024-05-30,2027-01-24,267.13,300,True
POL101938,AS21938,Nicolasa Jaume,55,VIDA,Valencia,correduria,2024-08-09,2024-10-31,317.01,0,True
POL101939,AS21939,Tania Débora Sacristán Padilla,82,HOGAR,Girona,agente,2021-12-05,,318.72,150,False
POL101940,AS21940,Jorge Bauzà Cervera,45,AUTO,Barcelona,correduria,2023-12-26,,325.46,600,False
POL101941,AS21941,Eleuterio Ropero Guzmán,64,AUTO,Vizcaya,correduria,2022-12-20,,564.51,150,False
POL101942,AS21942,Hilario Zamora Juliá,56,AUTO,Malaga,correduria,2024-07-28,2027-04-12,489.95,300,True
POL101943,AS21943,Francisco Raúl Aramburu Guzman,28,VIDA,A Coruna,online,2024-10-25,,302.94,0,False
POL101944,AS21944,Carolina del Ochoa,75,AUTO,Zaragoza,online,2021-03-22,,482.13,600,False
POL101945,AS21945,Martina Mayte Oliveras Macías,36,HOGAR,Girona,correduria,2023-08-15,,349.94,300,False
POL101946,AS21946,Micaela Serra Salamanca,75,AUTO,A Coruna,agente,2023-03-27,2024-08-17,510.21,150,True
POL101947,AS21947,Onofre Alberto Codina,37,AUTO,Cantabria,agente,2024-02-15,,439.12,450,False
POL101948,AS21948,Bárbara Octavia Tello Diez,55,VIDA,Lleida,online,2024-05-18,,319.72,0,False
POL101949,AS21949,Joaquina Toro Nadal,24,HOGAR,Alicante,agente,2021-01-09,,246.51,0,False
POL101950,AS21950,Angelita Madrid-Fernandez,68,AUTO,Girona,agente,2024-10-19,2026-08-07,465.99,600,True
POL101951,AS21951,Dominga de Escalona,43,SALUD,Zaragoza,online,2022-08-27,,640.28,0,False
POL101952,AS21952,Marcelo Abel Gutierrez Cano,59,VIDA,Vizcaya,online,2024-05-05,,330.53,0,False
POL101953,AS21953,Xiomara Marisol García Portero,31,HOGAR,Sevilla,correduria,2021-03-13,,261.68,0,False
POL101954,AS21954,Santos Jafet Ariza Herrera,76,AUTO,Girona,telefono,2022-11-01,,466.14,450,False
POL101955,AS21955,Gilberto Campos,69,AUTO,Madrid,correduria,2023-10-06,,446.52,450,False
POL101956,AS21956,Clímaco Quirós Roma,66,AUTO,A Coruna,online,2024-12-13,2027-08-08,468.0,450,True
POL101957,AS21957,Macaria Gelabert Ferrera,34,HOGAR,Lleida,correduria,2024-11-24,2026-09-22,202.33,150,True
POL101958,AS21958,Jacinta Bosch Gomila,54,AUTO,Alicante,agente,2024-10-06,,524.35,600,False
POL101959,AS21959,María Teresa Palomino Requena,84,VIDA,Zaragoza,online,2021-03-19,,294.8,0,False
POL101960,AS21960,Lidia Salvà-Cabañas,60,SALUD,A Coruna,agente,2023-10-22,2024-06-01,972.55,0,True
POL101961,AS21961,Eric Garriga,46,HOGAR,A Coruna,telefono,2023-08-28,,264.35,0,False
POL101962,AS21962,Zacarías Sureda Escalona,25,AUTO,Madrid,agente,2022-07-01,,422.46,300,False
POL101963,AS21963,América Mas-Grande,39,AUTO,Girona,agente,2023-06-18,,356.38,450,False
POL101964,AS21964,Dimas Escrivá Contreras,31,AUTO,Zaragoza,correduria,2021-05-09,,351.93,300,False
POL101965,AS21965,Ezequiel Bello Sobrino,81,HOGAR,Zaragoza,online,2021-09-14,,363.77,300,False
POL101966,AS21966,Ricardo Alcaraz,50,AUTO,Tarragona,correduria,2023-10-14,,430.75,600,False
POL101967,AS21967,Gilberto Luz Pont,73,AUTO,A Coruna,correduria,2024-09-10,,396.55,450,False
POL101968,AS21968,Alondra Mur Monreal,23,AUTO,Girona,agente,2022-04-05,,375.2,150,False
POL101969,AS21969,Alondra Armas Cózar,52,HOGAR,Vizcaya,online,2024-09-22,,264.17,300,False
POL101970,AS21970,Severo Lucio Sáez Vizcaíno,41,HOGAR,Asturias,telefono,2021-07-31,,261.36,0,False
POL101971,AS21971,Paco Rojas Rey,39,HOGAR,Sevilla,agente,2021-10-01,,283.0,300,False
POL101972,AS21972,Fortunato Pintor Paredes,59,AUTO,Baleares,online,2024-11-21,,409.14,300,False
POL101973,AS21973,Victoriano Sandoval Aguiló,81,HOGAR,Sevilla,agente,2022-09-02,,407.67,150,False
POL101974,AS21974,Agapito de Aranda,60,SALUD,Baleares,online,2022-08-09,,928.04,0,False
POL101975,AS21975,Eligio Alcolea Nogués,47,SALUD,Baleares,agente,2023-05-22,,591.44,0,False
POL101976,AS21976,Noé Martinez Lucena,33,SALUD,Barcelona,agente,2022-09-23,,645.66,0,False
POL101977,AS21977,Nazaret Bertrán Botella,60,VIDA,A Coruna,agente,2024-08-02,,258.69,0,False
POL101978,AS21978,Nadia Farré Amaya,68,HOGAR,Vizcaya,online,2021-11-18,,261.43,0,False
POL101979,AS21979,Eloísa Rius-Barbero,29,AUTO,Alicante,agente,2023-05-30,,342.29,150,False
POL101980,AS21980,Tamara Baquero Gargallo,51,SALUD,Sevilla,agente,2023-08-09,2026-07-25,977.04,0,True
POL101981,AS21981,Dolores Bermúdez Cardona,74,AUTO,Madrid,agente,2021-03-16,2022-02-20,473.43,600,True
POL101982,AS21982,Graciano Mena López,21,AUTO,Sevilla,agente,2024-07-26,,537.6,150,False
POL101983,AS21983,Jessica Isaura Montesinos Garzón,42,SALUD,Madrid,correduria,2021-01-09,,712.21,0,False
POL101984,AS21984,Maximiliano Monreal Jover,69,SALUD,Baleares,telefono,2024-10-01,,630.82,0,False
POL101985,AS21985,Chus Carbó,73,AUTO,Malaga,correduria,2024-10-03,,480.0,450,False
POL101986,AS21986,Bonifacio García Casanovas,62,SALUD,Alicante,correduria,2022-11-09,,1021.08,0,False
POL101987,AS21987,Pablo Aarón Feijoo Coello,34,AUTO,Girona,agente,2024-12-13,,340.13,600,False
POL101988,AS21988,Faustino Pepe Olivares Salmerón,20,AUTO,Girona,correduria,2021-03-28,,303.18,150,False
POL101989,AS21989,Alonso Uriarte Polo,28,AUTO,Madrid,telefono,2024-03-07,,451.28,600,False
POL101990,AS21990,Graciela Larrañaga Solís,55,HOGAR,Cantabria,telefono,2024-12-08,,275.74,0,False
POL101991,AS21991,Milagros Arroyo Baró,33,AUTO,Tarragona,agente,2023-05-26,2024-04-22,442.12,300,True
POL101992,AS21992,Apolinar Amador Garzón Gutierrez,73,HOGAR,Girona,agente,2024-09-23,2024-12-13,248.16,150,True
POL101993,AS21993,Toni Peral,79,AUTO,Barcelona,online,2022-05-27,,463.28,450,False
POL101994,AS21994,Andrés Felipe Juan Llanos,67,AUTO,Baleares,agente,2022-05-19,,507.84,450,False
POL101995,AS21995,Andrea Cordero Benitez,58,HOGAR,A Coruna,telefono,2021-01-24,,301.55,300,False
POL101996,AS21996,Máxima Salas Cid,34,HOGAR,Girona,agente,2024-07-15,,274.6,150,False
POL101997,AS21997,Ignacio Heredia Abad,54,AUTO,Malaga,online,2022-08-18,2025-03-15,513.29,300,True
POL101998,AS21998,Ainara Díaz Quero,70,AUTO,Girona,telefono,2021-11-03,,448.52,600,False
POL101999,AS21999,Gil Dionisio Luque Alfonso,31,VIDA,Barcelona,telefono,2023-08-21,,238.26,0,False
POL102000,AS22000,Soledad Rivera Adán,74,HOGAR,Sevilla,online,2024-04-20,,197.38,0,False
POL102001,AS22001,Gertrudis Guardiola Fiol,79,SALUD,Baleares,agente,2022-02-17,,765.58,0,False
POL102002,AS22002,Paco Comas Toro,36,AUTO,A Coruna,online,2021-01-04,,419.56,300,False
POL102003,AS22003,Amando Roselló-Lumbreras,71,SALUD,Zaragoza,agente,2023-04-24,,826.67,0,False
POL102004,AS22004,Julián Villalobos,75,SALUD,Lleida,agente,2023-08-20,,843.79,0,False
POL102005,AS22005,Hilda Piquer Mayol,52,SALUD,Cantabria,correduria,2021-01-22,,771.82,0,False
POL102006,AS22006,Joan Ceferino Echeverría Aller,61,AUTO,Girona,agente,2021-09-25,,344.99,300,False
POL102007,AS22007,Cristian Rozas Alcaraz,64,VIDA,Barcelona,agente,2021-03-11,,446.05,0,False
POL102008,AS22008,Custodia España Montesinos,34,HOGAR,Tarragona,telefono,2021-05-06,,290.02,150,False
POL102009,AS22009,Jerónimo Alberto Briones Diaz,25,VIDA,Lleida,agente,2021-03-30,,294.21,0,False
POL102010,AS22010,Cipriano Solera-Vives,61,AUTO,A Coruna,correduria,2023-02-14,,423.12,300,False
POL102011,AS22011,Heriberto Pelayo Ordóñez,72,VIDA,Cantabria,agente,2023-08-23,,346.02,0,False
POL102012,AS22012,Nicolasa Velázquez Manzano,51,AUTO,Girona,online,2022-03-23,,520.75,600,False
POL102013,AS22013,Elvira Luque Oliveras,65,AUTO,Alicante,agente,2023-02-20,,410.69,450,False
POL102014,AS22014,Belen Maricela Luz Pablo,47,AUTO,Malaga,online,2022-05-03,,446.04,150,False
POL102015,AS22015,Jennifer Becerra Vilar,26,AUTO,A Coruna,online,2021-08-21,,377.75,450,False
POL102016,AS22016,Claudio Mármol Vendrell,56,AUTO,Madrid,correduria,2022-12-08,,344.2,300,False
POL102017,AS22017,Tristán Ruben Pizarro Cuéllar,49,HOGAR,Girona,agente,2024-05-15,,236.93,0,False
POL102018,AS22018,Heraclio Lluch Tomas,43,HOGAR,A Coruna,correduria,2021-11-21,,214.0,300,False
POL102019,AS22019,Dionisio Julián Vidal,82,VIDA,Sevilla,online,2023-10-31,,385.14,0,False
POL102020,AS22020,Omar Campo Piquer,28,SALUD,Malaga,correduria,2021-06-01,,781.68,0,False
POL102021,AS22021,Maxi Flores Manzanares,47,AUTO,Lleida,telefono,2021-10-16,,297.57,600,False
POL102022,AS22022,Hugo Primitivo Casanova Baños,41,HOGAR,A Coruna,correduria,2024-01-12,,265.22,0,False
POL102023,AS22023,Luciana Dueñas-Cuéllar,78,AUTO,Baleares,online,2022-01-17,,448.64,300,False
POL102024,AS22024,Jacobo Rodríguez Reig,45,HOGAR,Baleares,agente,2024-05-12,,269.99,0,False
POL102025,AS22025,José Mari Calvet Palomares,67,AUTO,Asturias,online,2024-04-25,,437.06,600,False
POL102026,AS22026,Zacarías Federico Arteaga Segura,60,AUTO,Alicante,telefono,2022-04-13,,548.22,300,False
POL102027,AS22027,Gonzalo Cerro Pacheco,70,VIDA,Tarragona,correduria,2021-08-20,,413.0,0,False
POL102028,AS22028,Prudencio del Hoz,70,HOGAR,Malaga,online,2023-05-27,,319.57,0,False
POL102029,AS22029,Jacinto Rey,83,AUTO,Valencia,online,2021-02-19,,401.81,450,False
POL102030,AS22030,Purificación Bou,73,HOGAR,Lleida,correduria,2023-11-06,2023-12-31,432.04,150,True
POL102031,AS22031,Rómulo Lobo Lobato,73,AUTO,Madrid,correduria,2022-03-21,,515.08,150,False
POL102032,AS22032,Josué del Tejera,71,HOGAR,Vizcaya,agente,2021-01-18,,343.77,150,False
POL102033,AS22033,Eloísa de Zaragoza,70,VIDA,Malaga,agente,2021-06-25,,363.19,0,False
POL102034,AS22034,María Belén Flor Rivas,81,AUTO,Lleida,online,2021-01-06,,489.5,600,False
POL102035,AS22035,Estefanía Fonseca Roma,58,AUTO,Girona,telefono,2023-07-30,2025-06-17,523.96,450,True
POL102036,AS22036,Apolonia Comas Herrero,24,AUTO,Cantabria,agente,2023-07-03,,465.31,300,False
POL102037,AS22037,Amado Barroso-Cámara,77,HOGAR,Sevilla,online,2022-04-09,,389.94,150,False
POL102038,AS22038,Marcia Sáez Milla,19,AUTO,Valencia,telefono,2022-06-03,,527.43,300,False
POL102039,AS22039,Alejandra de Bautista,18,HOGAR,Tarragona,online,2023-05-25,,230.89,300,False
POL102040,AS22040,Lara de Figuerola,34,VIDA,Sevilla,agente,2022-08-17,,244.26,0,False
POL102041,AS22041,Tere Quintanilla,37,AUTO,A Coruna,online,2024-01-29,,413.29,300,False
POL102042,AS22042,Zaira Villaverde,49,AUTO,Tarragona,agente,2024-07-01,,426.63,600,False
POL102043,AS22043,Casandra de Iñiguez,34,AUTO,A Coruna,correduria,2022-04-18,,361.62,600,False
POL102044,AS22044,Lidia Arnau-Luz,27,HOGAR,Zaragoza,online,2023-12-28,,157.84,0,False
POL102045,AS22045,Armida de Soto,71,HOGAR,Girona,correduria,2024-09-11,,364.49,300,False
POL102046,AS22046,Plinio Alvarado-Ros,71,HOGAR,Valencia,agente,2024-01-08,,346.99,150,False
POL102047,AS22047,Oriana Almansa Puente,18,HOGAR,Baleares,correduria,2024-12-03,,199.28,300,False
POL102048,AS22048,Gervasio Martin Castelló,39,VIDA,Alicante,online,2021-10-30,,341.55,0,False
POL102049,AS22049,Nilo Capdevila Domingo,83,VIDA,Cantabria,correduria,2023-04-29,,368.73,0,False
POL102050,AS22050,Casemiro Aragón Delgado,46,AUTO,Vizcaya,online,2024-02-05,,410.54,150,False
POL102051,AS22051,Adelaida Anselma Somoza Estevez,32,HOGAR,Madrid,correduria,2023-01-01,,349.58,150,False
POL102052,AS22052,Francisco Jose Pi Tormo,70,HOGAR,Alicante,correduria,2022-06-02,,389.52,150,False
POL102053,AS22053,Consuela Donoso,53,HOGAR,Asturias,agente,2021-04-26,,278.14,300,False
POL102054,AS22054,Abel Otero-Urrutia,52,AUTO,Girona,correduria,2024-01-25,,418.75,600,False
POL102055,AS22055,Brunilda Sacristán Valbuena,23,AUTO,Cantabria,agente,2023-08-13,,410.08,150,False
POL102056,AS22056,Amalia Pardo Valera,19,VIDA,Barcelona,agente,2024-01-01,,340.5,0,False
POL102057,AS22057,Herminia Ibáñez Prieto,27,AUTO,Sevilla,online,2024-12-29,,310.44,150,False
POL102058,AS22058,Eva María Guerra Hervia,84,HOGAR,Alicante,online,2023-10-30,,346.71,0,False
POL102059,AS22059,Federico Tamayo Agustín,36,SALUD,Madrid,online,2023-03-11,,921.62,0,False
POL102060,AS22060,Conrado Molins,26,HOGAR,Barcelona,agente,2024-01-30,,244.37,150,False
POL102061,AS22061,Tania Elorza-Uría,64,AUTO,Sevilla,correduria,2022-01-04,,479.31,450,False
POL102062,AS22062,Amada Delgado Carbó,39,VIDA,Tarragona,agente,2022-06-17,,218.15,0,False
POL102063,AS22063,Alberto Plana-Viana,20,HOGAR,Malaga,agente,2021-08-13,,280.66,0,False
POL102064,AS22064,Ángel Ferrero Tamarit,25,VIDA,Barcelona,online,2021-04-17,,240.39,0,False
POL102065,AS22065,Rosendo Alfaro Iñiguez,69,AUTO,Girona,agente,2023-05-03,,306.59,600,False
POL102066,AS22066,Sebastián Arteaga Carrera,42,SALUD,Malaga,correduria,2021-10-12,,484.86,0,False
POL102067,AS22067,Consuela Huertas-Posada,46,HOGAR,Vizcaya,online,2021-01-05,,250.95,300,False
POL102068,AS22068,Fanny Gil Casado,19,AUTO,Alicante,agente,2022-10-30,2024-02-25,414.47,300,True
POL102069,AS22069,Teófila del Bernal,47,AUTO,Sevilla,agente,2021-08-22,,406.49,450,False
POL102070,AS22070,Fidela Riera Carrión,72,AUTO,Tarragona,correduria,2021-01-21,,618.76,150,False
POL102071,AS22071,Ruy Vélez Bermúdez,45,AUTO,Madrid,correduria,2021-08-04,,388.44,300,False
POL102072,AS22072,Olalla Becerra Polo,47,AUTO,Malaga,agente,2022-09-03,,305.98,450,False
POL102073,AS22073,Alejandra Marí-Sarmiento,20,AUTO,Barcelona,telefono,2024-08-30,,290.66,300,False
POL102074,AS22074,Guadalupe Clavero Albero,58,VIDA,A Coruna,correduria,2024-02-14,2024-10-25,446.72,0,True
POL102075,AS22075,Leticia Pineda Hernández,49,HOGAR,Tarragona,agente,2023-11-10,,276.13,0,False
POL102076,AS22076,Gerónimo de Peláez,49,AUTO,Madrid,correduria,2021-06-16,,427.38,150,False
POL102077,AS22077,Timoteo Quesada Alfaro,80,HOGAR,Vizcaya,correduria,2024-02-07,,338.32,0,False
POL102078,AS22078,Felisa Rubio Jimenez,63,SALUD,Girona,agente,2024-01-04,,712.09,0,False
POL102079,AS22079,Jose Ramón Bayón,61,AUTO,Zaragoza,online,2023-01-03,,470.92,450,False
POL102080,AS22080,Demetrio Ugarte-Arévalo,79,AUTO,Madrid,correduria,2021-12-14,,406.18,150,False
POL102081,AS22081,Adrián Pazos Machado,55,AUTO,Vizcaya,agente,2023-11-03,,282.16,300,False
POL102082,AS22082,Jonatan Duque Salmerón,80,AUTO,Baleares,agente,2024-03-20,,421.52,450,False
POL102083,AS22083,Cipriano Tormo Sedano,58,AUTO,Valencia,online,2023-01-02,,610.91,300,False
POL102084,AS22084,Viviana Román Gallego,25,HOGAR,Asturias,agente,2023-12-03,,235.34,300,False
POL102085,AS22085,Graciano Albero Galán,42,HOGAR,Tarragona,correduria,2022-08-08,,312.01,150,False
POL102086,AS22086,Lola del Carlos,73,HOGAR,Valencia,agente,2023-09-19,,165.49,0,False
POL102087,AS22087,Severo Naranjo,25,HOGAR,Malaga,agente,2021-07-30,,225.9,300,False
POL102088,AS22088,Ricarda Adán Yuste,19,AUTO,Zaragoza,correduria,2022-04-02,,477.4,450,False
POL102089,AS22089,Angelita Mamen Boix Olivares,62,HOGAR,A Coruna,agente,2023-06-09,,340.28,150,False
POL102090,AS22090,Marisa de Valle,48,SALUD,Asturias,correduria,2021-04-15,,550.78,0,False
POL102091,AS22091,Jeremías Ramirez Falcó,29,HOGAR,Zaragoza,online,2022-11-19,2024-02-25,180.22,300,True
POL102092,AS22092,Eulalia Nicolás Benavente,21,VIDA,Zaragoza,online,2022-11-24,,230.0,0,False
POL102093,AS22093,Santos Bermejo-Chacón,77,HOGAR,Lleida,online,2022-12-19,,247.55,0,False
POL102094,AS22094,Epifanio Iker Madrid Delgado,73,AUTO,Madrid,correduria,2022-06-23,,484.08,300,False
POL102095,AS22095,Adelina Aramburu Mata,76,SALUD,Asturias,correduria,2024-08-17,2026-08-23,816.33,0,True
POL102096,AS22096,Loida Fuente Sanjuan,72,AUTO,Lleida,online,2023-01-31,,548.74,150,False
POL102097,AS22097,Consuelo Casanovas Guijarro,23,AUTO,Alicante,correduria,2024-08-31,,434.43,150,False
POL102098,AS22098,Poncio de Zapata,60,HOGAR,Madrid,telefono,2024-11-10,,248.66,150,False
POL102099,AS22099,Eusebio Beltran-Mariño,27,AUTO,Tarragona,correduria,2022-08-12,2022-11-09,379.81,600,True
POL102100,AS22100,Dolores de Méndez,27,AUTO,Barcelona,online,2022-11-08,,339.45,450,False
POL102101,AS22101,Luisa Sol Viana Comas,68,HOGAR,Zaragoza,agente,2022-06-29,,336.17,150,False
POL102102,AS22102,Jimena Pinedo Alvarado,28,AUTO,A Coruna,agente,2022-07-02,2024-04-14,390.01,150,True
POL102103,AS22103,Benigno Conde Gargallo,72,VIDA,Sevilla,online,2022-12-03,,297.36,0,False
POL102104,AS22104,Sigfrido Saura Llorens,81,AUTO,Barcelona,agente,2023-11-08,,349.69,600,False
POL102105,AS22105,Guadalupe Riba Mur,82,HOGAR,Madrid,online,2022-06-18,,311.65,150,False
POL102106,AS22106,Consuelo Pomares,71,HOGAR,Valencia,agente,2022-09-22,,267.25,0,False
POL102107,AS22107,Severino Cózar Olmedo,68,AUTO,Tarragona,online,2022-10-02,,578.8,150,False
POL102108,AS22108,Reina Huertas Zurita,82,SALUD,A Coruna,agente,2021-11-29,,754.99,0,False
POL102109,AS22109,Clementina Querol Casanova,49,VIDA,Asturias,online,2021-06-23,,289.26,0,False
POL102110,AS22110,María José Vázquez Losada,34,HOGAR,Madrid,agente,2021-02-27,,337.19,0,False
POL102111,AS22111,Estefanía Tur Campo,39,HOGAR,Zaragoza,online,2021-01-23,,299.6,0,False
POL102112,AS22112,Joel Victor Ibáñez Marí,34,VIDA,Lleida,agente,2023-08-30,,342.98,0,False
POL102113,AS22113,Jose Luis Blasco Castellanos,27,AUTO,Alicante,telefono,2023-08-31,,483.6,300,False
POL102114,AS22114,Fidela Moliner Soria,38,VIDA,Lleida,online,2022-05-30,,255.24,0,False
POL102115,AS22115,Nélida Alejandra Núñez Benítez,35,AUTO,Vizcaya,agente,2022-12-20,,388.26,600,False
POL102116,AS22116,Xiomara Gómez Daza,67,AUTO,Asturias,online,2021-01-27,,301.9,450,False
POL102117,AS22117,Ramona Arrieta Calderón,71,AUTO,Sevilla,agente,2022-10-15,,532.0,300,False
POL102118,AS22118,Aristides Nuñez Céspedes,64,AUTO,A Coruna,online,2024-09-06,,491.22,450,False
POL102119,AS22119,Martin Ferrándiz Fábregas,82,SALUD,Asturias,agente,2023-06-25,,812.25,0,False
POL102120,AS22120,María Jesús Ariño,23,AUTO,Cantabria,correduria,2022-01-28,,407.28,600,False
POL102121,AS22121,Evita Leyre Mendez Arellano,56,AUTO,Girona,agente,2021-08-03,,488.24,300,False
POL102122,AS22122,Herberto Martinez Polo,77,VIDA,Valencia,online,2022-03-11,,337.16,0,False
POL102123,AS22123,Dominga Uriarte Pagès,40,VIDA,Lleida,agente,2024-07-06,,337.01,0,False
POL102124,AS22124,Elvira Perla Reguera Castro,66,HOGAR,Sevilla,agente,2022-10-08,,235.67,150,False
POL102125,AS22125,Paula Fuentes Villalobos,23,VIDA,A Coruna,telefono,2021-04-14,,201.1,0,False
POL102126,AS22126,María José Cañellas Santamaría,73,AUTO,Valencia,agente,2021-04-15,,499.33,450,False
POL102127,AS22127,Angélica Polo Guardia,69,HOGAR,A Coruna,correduria,2023-06-29,2025-05-01,236.7,300,True
POL102128,AS22128,Elba Morcillo Plaza,61,AUTO,Tarragona,online,2024-06-03,2025-03-20,508.9,150,True
POL102129,AS22129,Roberto Campos Canals,23,AUTO,Tarragona,correduria,2021-08-03,2022-03-28,423.67,150,True
POL102130,AS22130,Timoteo Castells Melero,19,SALUD,Girona,agente,2021-06-30,,892.66,0,False
POL102131,AS22131,Enrique Coronado,36,SALUD,Cantabria,correduria,2024-07-04,2027-01-23,745.41,0,True
POL102132,AS22132,Candelas Ledesma Peña,34,HOGAR,Cantabria,online,2024-12-06,,295.32,150,False
POL102133,AS22133,Diana Fuster Cobos,34,AUTO,Baleares,agente,2024-11-20,,527.44,150,False
POL102134,AS22134,Jordán Tejada Fuentes,80,VIDA,A Coruna,telefono,2023-04-29,,452.53,0,False
POL102135,AS22135,Vilma Jover Aliaga,52,AUTO,Tarragona,correduria,2022-06-22,,506.5,150,False
POL102136,AS22136,Aránzazu Álvaro Rivero,81,HOGAR,Valencia,correduria,2023-09-28,,281.64,150,False
POL102137,AS22137,Buenaventura Vicente Caro,23,AUTO,Lleida,agente,2022-01-25,,327.88,450,False
POL102138,AS22138,Antonia Quesada Arnau,66,HOGAR,Sevilla,correduria,2023-08-03,,350.02,150,False
POL102139,AS22139,Abigaíl Montes Cid,34,AUTO,Alicante,online,2024-08-23,,307.8,150,False
POL102140,AS22140,Custodio Rufino Martínez Gonzalez,31,AUTO,Girona,online,2024-07-25,,361.66,450,False
POL102141,AS22141,Chus Peñas Manzano,80,AUTO,Asturias,agente,2024-12-10,,392.15,450,False
POL102142,AS22142,Andrea Mora,69,HOGAR,Madrid,agente,2024-01-21,,250.23,0,False
POL102143,AS22143,Asunción Gárate Cervantes,73,HOGAR,Sevilla,telefono,2024-02-26,,359.59,300,False
POL102144,AS22144,Araceli Calderón Izquierdo,69,VIDA,Cantabria,agente,2022-07-17,,402.71,0,False
POL102145,AS22145,Emilio Gisbert Alvarado,33,VIDA,A Coruna,agente,2022-05-21,,269.22,0,False
POL102146,AS22146,Irene Cantón-Hernández,77,AUTO,Cantabria,agente,2022-11-11,2025-09-17,496.43,150,True
POL102147,AS22147,Macarena Torres-Tur,75,SALUD,Asturias,online,2021-11-04,,925.16,0,False
POL102148,AS22148,Leyre Roura Ruiz,71,VIDA,Tarragona,agente,2024-02-17,,330.49,0,False
POL102149,AS22149,Bernardo Querol Requena,20,AUTO,Madrid,agente,2023-12-03,,374.15,300,False
POL102150,AS22150,Cruz Río Montesinos,84,HOGAR,Valencia,agente,2021-08-24,,245.28,150,False
POL102151,AS22151,Che Gascón Benitez,78,AUTO,Sevilla,online,2024-01-07,,354.46,150,False
POL102152,AS22152,Norberto Torrijos Lladó,65,AUTO,Cantabria,correduria,2021-01-15,,410.64,450,False
POL102153,AS22153,Heriberto Barragán Leal,64,AUTO,Alicante,telefono,2021-05-19,,387.6,150,False
POL102154,AS22154,Jonatan Sarabia Olivares,52,HOGAR,Tarragona,agente,2021-03-18,,277.21,0,False
POL102155,AS22155,Cristian Santamaria,37,AUTO,Asturias,online,2023-03-21,,458.43,300,False
POL102156,AS22156,Amor Sáez Ribes,71,SALUD,Madrid,correduria,2024-01-22,2024-05-26,1130.38,0,True
POL102157,AS22157,Aarón Cobos-Padilla,31,SALUD,Malaga,agente,2022-11-14,,473.49,0,False
POL102158,AS22158,Encarnita Carbonell Mascaró,42,AUTO,Barcelona,correduria,2023-02-12,,267.63,150,False
POL102159,AS22159,Eligio Company,45,VIDA,Alicante,telefono,2023-01-10,,371.03,0,False
POL102160,AS22160,Marisela Saez Mariscal,60,HOGAR,Sevilla,agente,2021-09-19,2023-12-05,229.77,0,True
POL102161,AS22161,Domitila Flor Casanova,38,AUTO,Madrid,telefono,2023-03-30,,497.79,450,False
POL102162,AS22162,Perla Paredes Escrivá,44,HOGAR,Sevilla,online,2021-02-03,,256.8,150,False
POL102163,AS22163,Amparo Cabanillas-Marquez,80,AUTO,Cantabria,agente,2023-03-20,,569.11,150,False
POL102164,AS22164,Belén Tejada Sacristán,83,HOGAR,Valencia,agente,2022-10-20,,362.31,0,False
POL102165,AS22165,Remedios del Portero,51,VIDA,Lleida,correduria,2023-03-25,,332.6,0,False
POL102166,AS22166,Azeneth Saez Rodríguez,63,AUTO,Zaragoza,online,2021-06-16,,349.23,150,False
POL102167,AS22167,Graciela del Losa,44,AUTO,Girona,agente,2023-05-14,,420.1,150,False
POL102168,AS22168,Gloria Baró Cámara,71,AUTO,Sevilla,correduria,2022-10-01,,330.62,300,False
POL102169,AS22169,Mariana Ramón Buendía,66,AUTO,Girona,online,2021-06-21,,455.09,450,False
POL102170,AS22170,José Manuel Haro Esteban,20,AUTO,Valencia,correduria,2024-01-03,,553.31,450,False
POL102171,AS22171,Julie Echeverría Azcona,39,VIDA,Girona,online,2022-11-14,,254.78,0,False
POL102172,AS22172,Nazario Ayala-Pazos,49,AUTO,Asturias,agente,2024-04-18,,355.16,450,False
POL102173,AS22173,Asunción Farré Pino,51,HOGAR,Baleares,agente,2023-09-29,2026-01-07,167.31,150,True
POL102174,AS22174,Gil Bilbao Juliá,28,AUTO,Tarragona,correduria,2023-04-18,,431.69,450,False
POL102175,AS22175,Delia Bayo Ferrer,67,AUTO,Alicante,correduria,2023-08-01,,427.34,450,False
POL102176,AS22176,Tere Prat Palma,28,HOGAR,Barcelona,agente,2021-05-05,,274.92,0,False
POL102177,AS22177,Jovita Cobo,39,SALUD,Asturias,agente,2024-04-25,2025-02-09,663.54,0,True
POL102178,AS22178,Édgar Montaña Arias,28,HOGAR,Madrid,agente,2023-07-10,,175.05,0,False
POL102179,AS22179,Herminia Arteaga Novoa,38,AUTO,Sevilla,agente,2022-08-17,,459.35,300,False
POL102180,AS22180,Inés Jennifer Cid Salgado,58,HOGAR,Sevilla,online,2022-03-11,,293.94,300,False
POL102181,AS22181,Bienvenida Tenorio Torrents,63,AUTO,Sevilla,online,2023-03-12,,433.36,150,False
POL102182,AS22182,Fidela Santamaría Tirado,71,AUTO,Barcelona,online,2022-03-20,,579.56,450,False
POL102183,AS22183,Hernán Maldonado Toledo,51,AUTO,Baleares,agente,2021-04-01,,499.16,300,False
POL102184,AS22184,Laura Saura Martí,30,AUTO,Girona,online,2021-07-12,,470.2,450,False
POL102185,AS22185,Desiderio Cobo Villegas,40,HOGAR,Malaga,correduria,2022-06-12,,198.77,150,False
POL102186,AS22186,Gisela Sevillano Escrivá,84,HOGAR,Cantabria,correduria,2024-05-04,,421.91,0,False
POL102187,AS22187,Cipriano Bru Paniagua,69,SALUD,Zaragoza,correduria,2023-07-04,,605.13,0,False
POL102188,AS22188,Marcela Montenegro,32,AUTO,Tarragona,telefono,2021-05-14,,543.09,300,False
POL102189,AS22189,Nidia Palomo Clemente,27,HOGAR,Valencia,correduria,2024-04-14,,190.21,300,False
POL102190,AS22190,Edu Palmer Salas,63,HOGAR,Zaragoza,agente,2023-03-10,,282.17,300,False
POL102191,AS22191,Jennifer Llorens Guillén,31,SALUD,Baleares,telefono,2022-08-01,,457.84,0,False
POL102192,AS22192,Constanza Fuentes,63,SALUD,A Coruna,correduria,2022-03-15,,795.27,0,False
POL102193,AS22193,Sebastián Gimenez Bertrán,41,HOGAR,Baleares,correduria,2022-12-21,,179.63,150,False
POL102194,AS22194,Erasmo Fausto Asenjo Dalmau,24,AUTO,Cantabria,correduria,2023-06-12,,379.55,600,False
POL102195,AS22195,Ainara Infante Ayuso,64,VIDA,Tarragona,telefono,2021-06-09,,372.55,0,False
POL102196,AS22196,Trinidad Lourdes Díez Casal,63,AUTO,A Coruna,online,2024-09-16,2027-07-23,592.05,600,True
POL102197,AS22197,Sergio Guzman Buendía,26,HOGAR,Baleares,agente,2021-04-03,2023-05-18,316.64,150,True
POL102198,AS22198,Cipriano Salazar Ropero,70,VIDA,Sevilla,correduria,2022-12-23,,390.69,0,False
POL102199,AS22199,Constanza Pera Figuerola,36,VIDA,Baleares,correduria,2021-04-14,,315.51,0,False
POL102200,AS22200,Genoveva Corbacho Ibañez,50,AUTO,Baleares,agente,2022-06-18,,425.0,150,False
POL102201,AS22201,Berto Valderrama Lladó,55,HOGAR,Barcelona,agente,2021-11-21,,332.35,300,False
POL102202,AS22202,Candelario Aznar Suárez,20,AUTO,Alicante,agente,2024-01-22,,407.91,450,False
POL102203,AS22203,Ruperto de Cuevas,18,AUTO,A Coruna,online,2021-05-02,,336.61,150,False
POL102204,AS22204,Natividad del Pou,40,VIDA,Sevilla,telefono,2021-01-19,,363.02,0,False
POL102205,AS22205,Federico Benavente-Arregui,60,AUTO,Lleida,agente,2022-09-07,,472.27,300,False
POL102206,AS22206,Encarna Ríos Pomares,19,HOGAR,Valencia,correduria,2024-01-27,,199.77,300,False
POL102207,AS22207,Apolinar Espejo Hurtado,46,AUTO,Baleares,online,2021-12-11,,367.9,150,False
POL102208,AS22208,Ricardo Duarte,27,AUTO,Tarragona,online,2021-08-23,,393.17,300,False
POL102209,AS22209,Consuelo Zaida Cardona Bastida,67,VIDA,Girona,correduria,2021-06-05,,321.36,0,False
POL102210,AS22210,Rufina Galan Rivera,62,VIDA,Girona,telefono,2024-02-14,,300.58,0,False
POL102211,AS22211,Araceli Falcó Pardo,72,AUTO,Malaga,telefono,2022-03-09,,486.04,600,False
POL102212,AS22212,Lucila Lumbreras Osorio,75,HOGAR,Zaragoza,correduria,2023-10-12,,344.96,0,False
POL102213,AS22213,Ciríaco Heras,74,AUTO,Tarragona,agente,2023-01-28,,473.19,150,False
POL102214,AS22214,Quique Cisneros-Barragán,23,AUTO,Vizcaya,telefono,2022-02-04,2024-07-12,581.29,150,True
POL102215,AS22215,Chuy Mariano Campillo Sosa,63,AUTO,Tarragona,correduria,2022-09-01,,555.48,450,False
POL102216,AS22216,Borja Prats Maldonado,30,VIDA,Cantabria,telefono,2021-10-09,,307.28,0,False
POL102217,AS22217,Narcisa Espejo Vallejo,41,VIDA,Valencia,agente,2024-04-29,,262.21,0,False
POL102218,AS22218,Wilfredo Rocamora,84,AUTO,Baleares,correduria,2023-06-18,,428.68,600,False
POL102219,AS22219,Dan de Salamanca,47,AUTO,Sevilla,telefono,2021-10-19,,538.65,450,False
POL102220,AS22220,Ibán Molins Peñas,64,AUTO,Sevilla,agente,2023-05-25,,447.55,450,False
POL102221,AS22221,José María Raya Carrillo,82,AUTO,Alicante,online,2021-02-12,,515.22,150,False
POL102222,AS22222,Manu Balaguer,76,SALUD,Tarragona,agente,2021-11-10,,1043.98,0,False
POL102223,AS22223,Isaac Revilla Quesada,50,AUTO,Asturias,agente,2023-07-14,,366.74,600,False
POL102224,AS22224,Kike Laguna-Pérez,32,AUTO,Valencia,agente,2023-08-20,,377.87,150,False
POL102225,AS22225,Gastón del Gargallo,70,SALUD,Malaga,online,2024-07-15,,752.87,0,False
POL102226,AS22226,Desiderio Camacho Santamaria,47,SALUD,Barcelona,online,2021-10-14,2024-02-10,713.92,0,True
POL102227,AS22227,Vinicio Sergio Llobet Carrera,53,AUTO,Alicante,online,2022-03-09,,339.15,150,False
POL102228,AS22228,Nacio Palacio Pedro,73,AUTO,Vizcaya,online,2022-06-17,,402.41,600,False
POL102229,AS22229,Ana Belén Pujadas Arco,62,AUTO,Girona,online,2022-04-04,,412.47,150,False
POL102230,AS22230,Ruben del Manzanares,76,HOGAR,Alicante,agente,2024-04-17,,282.27,150,False
POL102231,AS22231,Eduardo del Alsina,61,AUTO,Tarragona,online,2023-05-05,,386.87,450,False
POL102232,AS22232,Apolonia Sales-Pombo,48,AUTO,Lleida,telefono,2023-11-06,,549.58,600,False
POL102233,AS22233,Heriberto Tadeo Nebot Iñiguez,44,SALUD,Zaragoza,online,2021-04-11,,840.34,0,False
POL102234,AS22234,Salud Garcés Ballester,35,AUTO,Valencia,telefono,2021-06-27,,333.92,300,False
POL102235,AS22235,Alex Sobrino,41,AUTO,Madrid,correduria,2023-04-17,,461.05,300,False
POL102236,AS22236,Hernán Pont-Ávila,32,AUTO,Malaga,telefono,2024-09-08,,408.5,600,False
POL102237,AS22237,Emiliano Ochoa Iborra,66,AUTO,Asturias,online,2024-09-27,2025-07-10,351.97,450,True
POL102238,AS22238,Vilma del Ferrán,52,AUTO,Alicante,correduria,2024-07-10,2026-12-21,520.93,150,True
POL102239,AS22239,Rocío Tur,25,SALUD,Barcelona,online,2023-09-02,,826.71,0,False
POL102240,AS22240,Narcisa Gargallo Leal,52,SALUD,Barcelona,online,2021-01-01,,799.2,0,False
POL102241,AS22241,Xiomara Ugarte Gomez,76,SALUD,Cantabria,agente,2022-05-23,,915.5,0,False
POL102242,AS22242,Amanda Marti Llano,32,AUTO,Lleida,correduria,2024-01-05,2024-02-29,520.6,450,True
POL102243,AS22243,Custodia Escribano Jove,22,SALUD,Zaragoza,agente,2021-10-07,,1125.56,0,False
POL102244,AS22244,Ricarda Morera Salom,83,SALUD,Cantabria,correduria,2024-04-03,,765.05,0,False
POL102245,AS22245,Noé de Salom,54,AUTO,Zaragoza,correduria,2022-11-19,,582.14,150,False
POL102246,AS22246,Hugo Cisneros Bernal,62,HOGAR,Barcelona,correduria,2024-06-02,,301.47,150,False
POL102247,AS22247,Maxi del Grande,61,HOGAR,Malaga,agente,2023-07-09,,323.0,300,False
POL102248,AS22248,Anna María Pilar Montoya Zamorano,25,AUTO,Valencia,telefono,2022-07-02,,386.74,150,False
POL102249,AS22249,Claudia Donaire Carlos,36,VIDA,Barcelona,online,2021-01-12,,390.86,0,False
POL102250,AS22250,Teresa Medina Gutierrez,56,HOGAR,Sevilla,online,2024-01-02,,239.95,300,False
POL102251,AS22251,Concepción Salas Llobet,39,AUTO,Tarragona,correduria,2023-09-29,,484.91,600,False
POL102252,AS22252,Trini Borrás Nieto,56,HOGAR,Tarragona,agente,2022-11-09,,332.27,150,False
POL102253,AS22253,Odalis Carranza Alemán,55,HOGAR,Girona,online,2022-03-20,,298.39,150,False
POL102254,AS22254,Nicanor Castilla Puente,35,AUTO,Alicante,online,2023-03-19,,375.05,450,False
POL102255,AS22255,Manolo Mur Alsina,40,AUTO,Valencia,agente,2021-05-19,,566.94,300,False
POL102256,AS22256,Matilde Rodrigo-Olmo,53,AUTO,Lleida,correduria,2022-08-13,,411.96,300,False
POL102257,AS22257,Rufina Andrade Delgado,52,AUTO,Valencia,online,2024-06-11,,497.76,600,False
POL102258,AS22258,Marco Simó Arellano,24,AUTO,Zaragoza,agente,2023-02-27,,401.59,300,False
POL102259,AS22259,Reinaldo Barroso Llopis,30,AUTO,Tarragona,agente,2022-03-27,,358.81,300,False
POL102260,AS22260,Blas Heras-Osuna,19,AUTO,Asturias,telefono,2022-04-15,2023-04-01,504.03,600,True
POL102261,AS22261,Cristina Gutierrez Avilés,21,AUTO,Asturias,agente,2023-01-26,,369.22,300,False
POL102262,AS22262,Leocadia Villalobos Menendez,68,HOGAR,Zaragoza,online,2024-01-22,,247.86,0,False
POL102263,AS22263,Pilar Ruiz Molins,46,VIDA,Malaga,agente,2022-07-13,,348.8,0,False
POL102264,AS22264,Elodia Salazar Luz,65,AUTO,Baleares,agente,2024-10-20,,325.58,600,False
POL102265,AS22265,Carmen Jover-Pellicer,82,AUTO,Lleida,correduria,2024-12-04,,409.39,150,False
POL102266,AS22266,Pili Zamora Otero,22,VIDA,Baleares,correduria,2023-03-23,2024-04-28,299.86,0,True
POL102267,AS22267,Ismael de Pizarro,39,AUTO,Vizcaya,online,2023-12-23,,432.17,600,False
POL102268,AS22268,Alfonso Elías Corral Rincón,63,HOGAR,Malaga,telefono,2021-05-27,,263.66,150,False
POL102269,AS22269,Ildefonso Bas Amores,33,HOGAR,Madrid,correduria,2021-10-06,,303.7,0,False
POL102270,AS22270,Itziar Vila Agustín,38,HOGAR,Malaga,agente,2021-05-22,2021-11-04,283.83,300,True
POL102271,AS22271,María Ángeles María Jesús Frías Girona,31,SALUD,Barcelona,online,2021-03-31,2023-11-16,541.45,0,True
POL102272,AS22272,Saturnino Jordá Suarez,34,AUTO,Lleida,correduria,2022-01-15,,334.13,150,False
POL102273,AS22273,Adelia Pintor Ruano,32,AUTO,Lleida,online,2023-04-13,,573.82,300,False
POL102274,AS22274,Begoña Rivera Ballester,55,SALUD,Asturias,telefono,2021-10-06,,683.07,0,False
POL102275,AS22275,Reinaldo Belmonte Belda,81,HOGAR,Baleares,telefono,2023-07-16,,377.37,300,False
POL102276,AS22276,Teresita Dolores Carbó Gracia,82,AUTO,Vizcaya,online,2021-01-18,,503.06,300,False
POL102277,AS22277,Ernesto Donaire Viña,69,SALUD,Vizcaya,agente,2023-12-26,,999.85,0,False
POL102278,AS22278,Vicenta Barba Arias,77,SALUD,Madrid,correduria,2022-12-21,,692.32,0,False
POL102279,AS22279,Delfina Sierra Mora,39,VIDA,A Coruna,online,2023-05-18,,327.39,0,False
POL102280,AS22280,Pepita Valentina Cabrera Jerez,44,AUTO,Baleares,agente,2023-05-28,,399.51,300,False
POL102281,AS22281,Joaquina Aranda Barrena,22,AUTO,Vizcaya,online,2023-07-03,,399.91,150,False
POL102282,AS22282,Geraldo Estévez Cañellas,52,VIDA,Lleida,correduria,2022-07-04,,353.5,0,False
POL102283,AS22283,Jose Antonio de Torrecilla,20,AUTO,Sevilla,correduria,2024-02-11,,434.48,300,False
POL102284,AS22284,Baldomero del Perez,18,HOGAR,Girona,online,2022-12-19,,192.62,150,False
POL102285,AS22285,Gustavo Moll Porcel,29,VIDA,Girona,agente,2021-05-31,,277.87,0,False
POL102286,AS22286,Débora Gallart Sevillano,65,HOGAR,Girona,correduria,2022-03-21,,248.78,0,False
POL102287,AS22287,Francisco Jose Pavón Meléndez,80,AUTO,Malaga,agente,2021-03-13,,517.04,600,False
POL102288,AS22288,Juanita Cabrero Escolano,72,HOGAR,Girona,agente,2021-09-05,2022-01-28,315.02,0,True
POL102289,AS22289,Ramiro Valderrama Barrena,19,SALUD,Valencia,correduria,2024-10-16,,699.27,0,False
POL102290,AS22290,Ana Belén Crespo Moreno,76,AUTO,Vizcaya,correduria,2023-03-22,2024-06-11,534.82,150,True
POL102291,AS22291,Paloma Pelayo Gil,42,AUTO,Malaga,agente,2024-01-09,,567.46,150,False
POL102292,AS22292,Nilo Vergara Olivares,49,HOGAR,Vizcaya,correduria,2023-11-30,,208.63,0,False
POL102293,AS22293,Gastón Segura Hernando,24,AUTO,Girona,correduria,2021-06-29,,494.46,300,False
POL102294,AS22294,María Ángeles Torres Vallejo,73,AUTO,Vizcaya,online,2023-08-21,,389.96,450,False
POL102295,AS22295,Aurelio Luna Barragán,37,AUTO,Barcelona,agente,2023-11-16,,546.92,300,False
POL102296,AS22296,Manu Catalán-Sevillano,56,VIDA,Sevilla,agente,2022-09-20,,299.73,0,False
POL102297,AS22297,Amor Alonso Figueras,70,HOGAR,Cantabria,online,2021-09-21,,311.18,300,False
POL102298,AS22298,Juan Francisco Baudelio Villanueva Anguita,38,VIDA,Cantabria,online,2021-01-19,,421.36,0,False
POL102299,AS22299,Merche Segura Carrión,39,AUTO,Alicante,agente,2021-02-02,,365.66,600,False
POL102300,AS22300,Tomasa Neira,65,AUTO,Barcelona,online,2022-07-10,,551.62,300,False
POL102301,AS22301,Ruperto del Rodrigo,35,SALUD,Vizcaya,agente,2022-11-15,,766.3,0,False
POL102302,AS22302,Laura Infante Estevez,50,HOGAR,Girona,correduria,2022-03-31,,324.79,150,False
POL102303,AS22303,Candelas Cornejo Español,57,SALUD,Vizcaya,correduria,2022-02-22,2024-09-07,896.67,0,True
POL102304,AS22304,Eustaquio del Amo,27,AUTO,Tarragona,correduria,2023-04-30,,391.58,150,False
POL102305,AS22305,María Dolores Prat Ferrero,62,AUTO,Sevilla,agente,2024-10-18,,314.79,450,False
POL102306,AS22306,Baudelio Nazario Gimenez Lasa,21,HOGAR,Barcelona,agente,2024-09-25,,241.45,0,False
POL102307,AS22307,Marcelino Sales Santamaría,33,AUTO,Vizcaya,online,2021-01-29,,439.24,150,False
POL102308,AS22308,Clementina Ana Belén Alemany Llano,29,AUTO,Lleida,online,2021-10-24,,452.48,450,False
POL102309,AS22309,Catalina Jordá Borrego,31,AUTO,Malaga,online,2022-07-21,,416.65,600,False
POL102310,AS22310,Trinidad Solano Torres,28,VIDA,Malaga,online,2021-12-25,,266.93,0,False
POL102311,AS22311,Melisa Elisa Marin Téllez,56,HOGAR,Zaragoza,online,2021-05-04,,248.88,150,False
POL102312,AS22312,Candela Crespi Ribera,29,HOGAR,Lleida,agente,2023-08-15,,190.45,150,False
POL102313,AS22313,Nayara Luís Doménech,59,HOGAR,Girona,agente,2021-12-06,2022-05-25,222.1,300,True
POL102314,AS22314,Jose Antonio Ramirez Arco,62,SALUD,Zaragoza,online,2023-05-31,,899.29,0,False
POL102315,AS22315,Flora Muñoz,25,SALUD,Girona,agente,2021-02-24,,762.06,0,False
POL102316,AS22316,Loreto Luján-Calatayud,22,HOGAR,Cantabria,correduria,2022-05-20,,172.08,150,False
POL102317,AS22317,María Fernanda Campillo Checa,64,HOGAR,Vizcaya,agente,2021-06-15,,355.74,300,False
POL102318,AS22318,Paula de Saez,63,AUTO,Madrid,online,2023-04-19,2024-07-30,390.49,600,True
POL102319,AS22319,Marcelino Barral Martin,28,VIDA,Baleares,online,2024-08-13,,321.76,0,False
POL102320,AS22320,Nerea Zabala Villena,57,HOGAR,Cantabria,agente,2023-08-08,,313.09,0,False
POL102321,AS22321,Dafne Ribera Ramón,24,AUTO,Vizcaya,agente,2022-02-25,,486.89,600,False
POL102322,AS22322,Martina Amor Elías Marquez,45,AUTO,Sevilla,correduria,2021-11-20,,492.46,450,False
POL102323,AS22323,Sonia Nicolasa Maestre Lara,67,AUTO,Lleida,online,2024-08-10,,442.02,150,False
POL102324,AS22324,Nacho Alemán-Madrid,45,AUTO,Valencia,agente,2023-10-15,,383.8,450,False
POL102325,AS22325,Victoria Celia Boada Hervás,58,HOGAR,Vizcaya,correduria,2022-03-20,,270.38,300,False
POL102326,AS22326,Ámbar Castell Sobrino,75,AUTO,Madrid,online,2023-12-30,,608.47,450,False
POL102327,AS22327,Elodia Morán Agudo,38,SALUD,Alicante,agente,2023-01-08,,597.99,0,False
POL102328,AS22328,Cristian Celso Pla Pérez,65,AUTO,Barcelona,online,2021-01-14,,420.69,150,False
POL102329,AS22329,José Ángel Mesa Verdú,18,AUTO,Lleida,telefono,2022-03-07,,451.33,300,False
POL102330,AS22330,Lidia del Carretero,61,VIDA,Sevilla,online,2023-12-16,,259.79,0,False
POL102331,AS22331,Juan Luis de Benitez,37,HOGAR,A Coruna,agente,2024-08-31,,209.52,0,False
POL102332,AS22332,Kike Rivas Cáceres,46,VIDA,Asturias,correduria,2022-12-23,,232.74,0,False
POL102333,AS22333,Gabriel Chico,64,SALUD,Cantabria,online,2024-12-04,,880.22,0,False
POL102334,AS22334,Maristela de Casanovas,29,SALUD,Asturias,agente,2024-12-30,,558.48,0,False
POL102335,AS22335,Julián Font Salmerón,20,HOGAR,Tarragona,online,2021-05-24,,167.59,0,False
POL102336,AS22336,Fabiana Palomino Contreras,53,HOGAR,A Coruna,correduria,2023-04-14,,331.28,300,False
POL102337,AS22337,María Cristina Coronado,82,AUTO,Asturias,correduria,2024-07-21,,327.65,600,False
POL102338,AS22338,Merche Bautista Mate,49,HOGAR,Sevilla,online,2021-10-27,,249.55,150,False
POL102339,AS22339,Delfina Crespi Solana,53,AUTO,Tarragona,telefono,2022-08-18,,435.59,150,False
POL102340,AS22340,Casemiro de Rubio,63,AUTO,Zaragoza,online,2023-03-20,,403.76,600,False
POL102341,AS22341,Ester Aragón Gámez,65,HOGAR,Tarragona,correduria,2021-12-26,,272.0,0,False
POL102342,AS22342,Luisa Carballo Perea,45,AUTO,Lleida,correduria,2021-08-06,,467.06,600,False
POL102343,AS22343,Cayetana Riquelme Camacho,36,HOGAR,Malaga,telefono,2023-02-19,,206.92,300,False
POL102344,AS22344,Reyes Sastre Ríos,73,SALUD,Lleida,correduria,2024-04-15,,915.65,0,False
POL102345,AS22345,José María del Delgado,45,AUTO,Baleares,telefono,2021-12-14,,458.69,450,False
POL102346,AS22346,Nico Tejero Romeu,52,HOGAR,Malaga,agente,2023-07-10,,248.43,300,False
POL102347,AS22347,Marcelo Jara Porta,31,AUTO,Asturias,agente,2021-06-11,,462.31,300,False
POL102348,AS22348,Elisabet Giménez Raya,19,AUTO,Asturias,online,2024-10-25,2027-03-05,336.34,600,True
POL102349,AS22349,Vera Heras-Aroca,53,AUTO,Zaragoza,correduria,2021-06-09,,416.73,450,False
POL102350,AS22350,Rafael Mendizábal-Coca,25,AUTO,Baleares,online,2023-03-29,,355.52,600,False
POL102351,AS22351,Cristian Comas Ayllón,84,AUTO,Madrid,correduria,2021-06-24,,419.44,600,False
POL102352,AS22352,África Cánovas Blasco,80,HOGAR,Asturias,agente,2023-06-28,,307.08,0,False
POL102353,AS22353,Ximena Mulet Fábregas,32,VIDA,Barcelona,online,2021-08-14,,183.42,0,False
POL102354,AS22354,Desiderio Alcides Cano Galán,78,HOGAR,Barcelona,agente,2022-11-01,,285.39,150,False
POL102355,AS22355,Zacarías Segovia-Valcárcel,32,SALUD,Valencia,online,2023-10-20,,703.96,0,False
POL102356,AS22356,Charo Barrena Aragonés,74,SALUD,Malaga,telefono,2021-08-15,,921.76,0,False
POL102357,AS22357,María Mayoral Plana,18,HOGAR,Malaga,agente,2021-03-02,,242.2,0,False
POL102358,AS22358,Fátima Múgica,35,VIDA,Valencia,online,2022-06-13,,282.34,0,False
POL102359,AS22359,Vidal Salinas Barberá,59,HOGAR,Valencia,telefono,2023-09-18,,366.87,150,False
POL102360,AS22360,Jose Antonio Aznar Borrás,46,AUTO,Sevilla,correduria,2024-01-13,,322.98,300,False
POL102361,AS22361,Leocadia Garmendia-Ferrero,31,VIDA,Zaragoza,agente,2021-05-07,,286.78,0,False
POL102362,AS22362,Renata Roma Corbacho,48,HOGAR,Cantabria,online,2024-08-04,,276.36,300,False
POL102363,AS22363,Yésica Eva Lozano Barrios,28,SALUD,Girona,correduria,2022-03-20,2023-06-13,589.34,0,True
POL102364,AS22364,Ruperto Sáenz Serna,74,AUTO,Tarragona,agente,2024-03-23,,369.16,300,False
POL102365,AS22365,Anselmo Bautista Bou,35,SALUD,Madrid,agente,2022-08-29,,804.18,0,False
POL102366,AS22366,Marisa Pardo,70,AUTO,Tarragona,correduria,2023-03-30,,460.33,300,False
POL102367,AS22367,Régulo Gisbert,47,AUTO,Vizcaya,telefono,2024-08-12,,504.43,150,False
POL102368,AS22368,Salomé Lucena Echeverría,70,HOGAR,Lleida,agente,2022-03-12,,289.14,0,False
POL102369,AS22369,Venceslás Huerta Serna,37,AUTO,Asturias,agente,2021-11-17,,386.17,300,False
POL102370,AS22370,Edelmira Fernandez,26,HOGAR,Tarragona,agente,2021-01-16,,295.25,150,False
POL102371,AS22371,María Teresa Linares Losada,23,AUTO,Valencia,correduria,2024-09-15,,303.03,450,False
POL102372,AS22372,Fermín Cayetano Salom Silva,22,AUTO,Zaragoza,online,2023-03-27,,394.92,600,False
POL102373,AS22373,Noemí Ainara Solís Barrena,50,VIDA,Barcelona,agente,2024-05-16,,390.21,0,False
POL102374,AS22374,Dora Virginia Aparicio Vazquez,64,VIDA,Baleares,agente,2023-01-29,,373.49,0,False
POL102375,AS22375,Marco Ferrando,76,AUTO,Tarragona,agente,2022-11-11,,444.28,300,False
POL102376,AS22376,Pelayo Solís Gomila,43,AUTO,Girona,telefono,2023-11-20,,496.53,300,False
POL102377,AS22377,Corona Juárez Abascal,70,VIDA,Barcelona,correduria,2022-12-16,,246.76,0,False
POL102378,AS22378,Filomena Carbajo Crespi,73,HOGAR,Girona,online,2022-05-29,,322.22,300,False
POL102379,AS22379,Santiago Izquierdo Gonzalez,60,HOGAR,Tarragona,correduria,2022-03-12,,250.21,300,False
POL102380,AS22380,Reyna Leal,61,SALUD,Asturias,telefono,2023-04-19,2026-03-14,823.22,0,True
POL102381,AS22381,Virginia Valderrama Carreño,43,VIDA,Girona,online,2022-01-18,,294.5,0,False
POL102382,AS22382,Manola Salom Castañeda,67,HOGAR,Zaragoza,online,2024-09-10,2026-03-07,257.06,0,True
POL102383,AS22383,Haydée del Amigó,73,VIDA,Barcelona,agente,2021-04-25,,406.79,0,False
POL102384,AS22384,Maximiano Reinaldo Vázquez Porras,58,AUTO,Baleares,agente,2022-03-13,,455.2,600,False
POL102385,AS22385,Emma Sala Catalán,60,VIDA,Tarragona,agente,2021-02-21,,366.44,0,False
POL102386,AS22386,Julio César Soria Rodríguez,20,AUTO,Sevilla,online,2022-04-01,2023-06-05,431.23,600,True
POL102387,AS22387,Manuelita Puente Montenegro,25,AUTO,Tarragona,correduria,2022-06-09,,270.86,150,False
POL102388,AS22388,Ibán Castro Roma,55,HOGAR,Malaga,online,2021-12-13,,274.33,300,False
POL102389,AS22389,Alejandro Ros Quintana,71,AUTO,Vizcaya,online,2024-05-19,,432.67,300,False
POL102390,AS22390,Ale Carranza,48,VIDA,Sevilla,correduria,2022-02-08,,360.54,0,False
POL102391,AS22391,Eugenio Gaya,50,HOGAR,Cantabria,correduria,2021-10-29,,175.55,150,False
POL102392,AS22392,Narcisa Martínez Mariscal,41,SALUD,Girona,telefono,2022-03-03,,843.34,0,False
POL102393,AS22393,Inmaculada Torrents Dalmau,49,AUTO,Valencia,online,2024-01-10,,517.92,600,False
POL102394,AS22394,Otilia Bermudez Valenciano,72,HOGAR,Girona,online,2023-05-03,,301.13,300,False
POL102395,AS22395,Diego Rosell Rodrigo,20,AUTO,Baleares,agente,2021-03-05,,433.8,600,False
POL102396,AS22396,Cirino Gracia Font,57,AUTO,Alicante,correduria,2023-02-23,,448.62,450,False
POL102397,AS22397,Narcisa Carlos-Acosta,23,HOGAR,Girona,telefono,2023-03-24,,262.55,150,False
POL102398,AS22398,Dionisia Guillén Bravo,40,SALUD,Barcelona,agente,2021-06-05,,920.72,0,False
POL102399,AS22399,Rodrigo de Fabra,76,HOGAR,Barcelona,agente,2023-05-29,,343.31,0,False
POL102400,AS22400,Primitiva del Anglada,53,HOGAR,Valencia,online,2023-03-05,,361.33,300,False
POL102401,AS22401,Roldán Fabra-Uriarte,42,SALUD,Baleares,correduria,2023-08-11,,678.49,0,False
POL102402,AS22402,Luis Miguel Frías Soria,53,AUTO,Baleares,telefono,2024-05-06,2025-09-24,511.5,300,True
POL102403,AS22403,Marc Roldán-Lago,33,VIDA,A Coruna,correduria,2022-06-27,,431.9,0,False
POL102404,AS22404,Lupe Osuna Guerra,40,VIDA,Baleares,agente,2021-04-16,,295.54,0,False
POL102405,AS22405,Pelayo Alemany Rojas,51,HOGAR,Sevilla,online,2023-06-26,,254.6,0,False
POL102406,AS22406,Eutropio Chuy Palomares Ayala,49,AUTO,Madrid,agente,2023-06-03,,411.65,150,False
POL102407,AS22407,Belen Saez Ortiz,66,VIDA,Cantabria,telefono,2022-01-06,,321.42,0,False
POL102408,AS22408,Candela de Gual,74,SALUD,Barcelona,online,2022-11-30,,645.03,0,False
POL102409,AS22409,Alberto Baquero Isern,32,AUTO,Girona,agente,2023-11-10,,561.07,300,False
POL102410,AS22410,Isabel Sobrino Bonet,43,AUTO,Madrid,correduria,2022-12-30,,386.44,300,False
POL102411,AS22411,Loreto Grande Manzano,32,HOGAR,Alicante,online,2023-04-06,,300.02,0,False
POL102412,AS22412,Gema Benet Alegria,70,HOGAR,Cantabria,correduria,2023-05-11,,353.79,150,False
POL102413,AS22413,Jordán Alemany Alberto,75,AUTO,Lleida,correduria,2022-09-16,,560.74,450,False
POL102414,AS22414,Román Ibarra Guerrero,80,VIDA,Zaragoza,agente,2023-07-26,,270.82,0,False
POL102415,AS22415,Andrés Felipe Moraleda,54,HOGAR,A Coruna,online,2022-12-20,,237.3,300,False
POL102416,AS22416,Claudia Ferrando Zorrilla,72,AUTO,Malaga,agente,2024-05-01,,506.95,450,False
POL102417,AS22417,Glauco Aguiló Ariza,40,AUTO,Tarragona,agente,2024-09-01,,427.54,150,False
POL102418,AS22418,Adelardo Adadia Vidal,20,HOGAR,Alicante,agente,2021-08-17,2024-01-05,225.08,150,True
POL102419,AS22419,Plinio Bru Hervia,39,AUTO,Asturias,correduria,2022-04-23,,398.76,600,False
POL102420,AS22420,Juan Pablo Roldán Andrade Llorens,30,HOGAR,Barcelona,telefono,2024-08-26,,197.14,150,False
POL102421,AS22421,Delia Lobo Bustamante,64,AUTO,Asturias,telefono,2022-05-10,,472.7,600,False
POL102422,AS22422,Diana de Juan,44,AUTO,Alicante,correduria,2023-07-30,,394.36,150,False
POL102423,AS22423,Asdrubal Rodríguez Lobato,35,VIDA,Valencia,online,2022-04-21,,202.07,0,False
POL102424,AS22424,Luciano Frías Ramirez,44,AUTO,Alicante,agente,2021-07-01,,406.44,150,False
POL102425,AS22425,Antonio Hidalgo-Santamaria,37,HOGAR,A Coruna,online,2021-02-24,,210.49,0,False
POL102426,AS22426,Gisela Tello Vidal,80,HOGAR,Vizcaya,online,2023-08-21,,354.74,300,False
POL102427,AS22427,Encarna Boix Córdoba,21,HOGAR,Malaga,correduria,2021-04-01,,143.45,0,False
POL102428,AS22428,Olalla Alcázar Catalán,66,AUTO,Girona,online,2023-11-17,,407.31,600,False
POL102429,AS22429,Irma Coca-Sánchez,47,VIDA,Alicante,agente,2021-02-09,,344.37,0,False
POL102430,AS22430,Anabel Bravo Andreu,82,AUTO,Zaragoza,online,2023-05-21,,400.14,300,False
POL102431,AS22431,Cristóbal Galo Agullo Tena,42,AUTO,Barcelona,agente,2023-07-16,,553.29,300,False
POL102432,AS22432,Pancho Meléndez Quevedo,65,AUTO,Girona,agente,2024-03-26,,471.5,450,False
POL102433,AS22433,Chuy Campo,28,HOGAR,Madrid,agente,2022-02-19,2025-01-28,244.41,300,True
POL102434,AS22434,Amelia Julián-Pera,40,HOGAR,Barcelona,telefono,2021-07-12,,281.63,150,False
POL102435,AS22435,Tristán Cerdá-Llobet,64,HOGAR,Baleares,agente,2022-10-03,,397.4,0,False
POL102436,AS22436,Juan Carlos Gomis Campillo,34,SALUD,Valencia,telefono,2023-04-26,,835.95,0,False
POL102437,AS22437,Emperatriz Cantero Jara,25,AUTO,Lleida,correduria,2024-06-29,,447.69,150,False
POL102438,AS22438,Xavier Carvajal Canals,62,AUTO,Cantabria,telefono,2021-04-05,,476.81,150,False
POL102439,AS22439,Josefina Mateo Losa,35,AUTO,Valencia,correduria,2022-08-17,,395.58,150,False
POL102440,AS22440,Macarena Otilia Aguilera Solé,65,AUTO,Baleares,online,2021-11-11,,565.57,150,False
POL102441,AS22441,Nerea Infante Rico,30,HOGAR,Tarragona,correduria,2024-03-19,,271.01,300,False
POL102442,AS22442,Genoveva Canals,81,VIDA,A Coruna,telefono,2023-04-29,,338.29,0,False
POL102443,AS22443,Nayara Cózar López,65,HOGAR,Vizcaya,correduria,2022-11-15,,248.81,300,False
POL102444,AS22444,Lino Tudela Martínez,58,AUTO,Alicante,agente,2024-06-25,,463.41,150,False
POL102445,AS22445,Encarna Feliu Bernad,18,HOGAR,Asturias,online,2022-08-30,,234.89,150,False
POL102446,AS22446,Valeria Alfaro Navarro,60,HOGAR,Malaga,telefono,2021-10-26,,217.68,150,False
POL102447,AS22447,Marcela Iniesta Quero,69,AUTO,Malaga,agente,2022-02-22,,370.42,150,False
POL102448,AS22448,Consuelo Llorente Corominas,55,HOGAR,Alicante,agente,2024-04-01,,218.43,150,False
POL102449,AS22449,Samu Valenciano,42,AUTO,Zaragoza,online,2024-04-17,,476.77,600,False
POL102450,AS22450,Carmelita Mulet,65,VIDA,Alicante,agente,2022-08-08,,345.78,0,False
POL102451,AS22451,Pancho Terrón Carrión,50,HOGAR,Barcelona,online,2022-07-07,,206.37,300,False
POL102452,AS22452,Jerónimo Hurtado Barrera,73,HOGAR,Zaragoza,agente,2023-07-24,,261.74,300,False
POL102453,AS22453,América del Ramos,54,HOGAR,Sevilla,online,2023-11-16,,298.66,0,False
POL102454,AS22454,Trini Brunilda Tello Vaquero,71,AUTO,Sevilla,agente,2021-08-29,2024-02-01,399.87,600,True
POL102455,AS22455,Amelia Amalia Carbonell Juan,39,VIDA,Barcelona,online,2021-05-07,,254.67,0,False
POL102456,AS22456,Espiridión Leonardo Villalba Cabrera,82,AUTO,Zaragoza,correduria,2022-11-09,,426.64,300,False
POL102457,AS22457,Leocadio Bonilla Gimenez,61,AUTO,Vizcaya,agente,2021-10-21,,452.78,150,False
POL102458,AS22458,Paola Arnaiz Tello,79,AUTO,Sevilla,agente,2022-03-11,,379.22,300,False
POL102459,AS22459,Jose Antonio Arenas-Navarro,56,AUTO,Zaragoza,agente,2024-09-22,,303.64,300,False
POL102460,AS22460,Bibiana Villegas Castrillo,32,HOGAR,Baleares,telefono,2022-11-16,,301.8,150,False
POL102461,AS22461,Jose Ignacio Mateos Llobet,66,AUTO,Alicante,agente,2024-12-28,,445.52,300,False
POL102462,AS22462,Carlos Cerro Jover,56,HOGAR,A Coruna,telefono,2022-03-13,,314.76,150,False
POL102463,AS22463,Alexandra Carmela Bastida Espinosa,48,HOGAR,Valencia,agente,2022-10-08,,266.07,300,False
POL102464,AS22464,Loreto Emilia Real Calvet,82,AUTO,Lleida,online,2023-08-19,,497.41,300,False
POL102465,AS22465,Marita Iriarte Pagès,52,AUTO,Vizcaya,correduria,2024-09-03,,464.12,450,False
POL102466,AS22466,Hermenegildo Valero Mulet,67,HOGAR,Alicante,agente,2024-01-02,2024-05-24,311.54,300,True
POL102467,AS22467,Reina Hervia,81,AUTO,Girona,agente,2023-05-08,,523.25,300,False
POL102468,AS22468,Miriam Bartolomé Galvez,75,AUTO,Tarragona,correduria,2024-05-23,,543.82,300,False
POL102469,AS22469,Anastasia Mancebo Cañizares,77,HOGAR,Malaga,agente,2024-08-22,,285.12,0,False
POL102470,AS22470,Dimas Comas Galiano,70,AUTO,Valencia,agente,2021-12-28,,460.33,150,False
POL102471,AS22471,Áurea Eva Moles Baños,80,HOGAR,Sevilla,correduria,2024-04-21,,285.31,150,False
POL102472,AS22472,Heriberto Herrera Vicente,55,AUTO,Malaga,agente,2023-04-01,2023-05-05,401.45,450,True
POL102473,AS22473,Chita Santamaría-Galvez,48,VIDA,Tarragona,online,2024-11-26,,179.4,0,False
POL102474,AS22474,Hernán Vendrell Gallardo,79,SALUD,Tarragona,agente,2022-12-31,,576.31,0,False
POL102475,AS22475,Hugo Baeza Casals,68,HOGAR,Baleares,online,2023-02-27,,353.94,300,False
POL102476,AS22476,Brunilda Font Moraleda,28,AUTO,Lleida,correduria,2021-06-08,,308.83,150,False
POL102477,AS22477,Visitación Carreras Jover,49,HOGAR,Malaga,agente,2024-10-07,,237.02,150,False
POL102478,AS22478,Seve del Plana,72,VIDA,A Coruna,online,2021-12-29,,379.86,0,False
POL102479,AS22479,Consuela Díez,29,AUTO,Tarragona,agente,2022-04-15,,297.53,300,False
POL102480,AS22480,Dalila Guerrero Sancho,55,HOGAR,Sevilla,online,2024-01-14,,378.57,0,False
POL102481,AS22481,Jeremías Calderón-Dueñas,30,AUTO,Cantabria,online,2024-05-24,,517.5,450,False
POL102482,AS22482,Gastón Cayetano Arregui Valero,61,HOGAR,Tarragona,telefono,2023-05-16,,170.48,150,False
POL102483,AS22483,Isidora Pérez Ferrer,56,AUTO,Girona,correduria,2023-04-24,,523.27,150,False
POL102484,AS22484,Maribel Frías,36,AUTO,Malaga,correduria,2021-03-14,2023-02-23,477.32,150,True
POL102485,AS22485,Chita Osorio Serrano,25,AUTO,Baleares,correduria,2024-06-01,,456.7,600,False
POL102486,AS22486,Nacio Miranda Téllez,83,AUTO,Valencia,agente,2022-07-13,2025-05-29,373.02,150,True
POL102487,AS22487,Leopoldo Leal,33,AUTO,Cantabria,correduria,2023-09-10,,384.95,600,False
POL102488,AS22488,Maximiliano Guerrero Gimeno,76,AUTO,Vizcaya,agente,2024-04-01,,483.64,150,False
POL102489,AS22489,Evangelina Marcos,23,AUTO,Vizcaya,telefono,2022-03-11,,386.01,450,False
POL102490,AS22490,Bernardo Pinto Muro,52,SALUD,Baleares,agente,2023-05-21,2023-12-02,837.9,0,True
POL102491,AS22491,Alba Olivares-Elorza,24,AUTO,Cantabria,telefono,2023-12-11,,399.72,450,False
POL102492,AS22492,Gema Escrivá Oliva,36,AUTO,Girona,agente,2023-01-20,,504.47,300,False
POL102493,AS22493,Trinidad Beltran Segura,73,SALUD,Valencia,correduria,2022-10-09,,580.89,0,False
POL102494,AS22494,Eutimio del Araujo,78,AUTO,Baleares,telefono,2021-07-10,,538.47,600,False
POL102495,AS22495,Paz Beltrán Peláez,61,VIDA,A Coruna,online,2021-01-01,,381.03,0,False
POL102496,AS22496,Espiridión Nilo Mayo Aguilar,81,AUTO,Girona,correduria,2024-08-20,2025-12-11,575.1,300,True
POL102497,AS22497,Albano Bilbao Cobos,46,SALUD,Vizcaya,agente,2024-10-31,,499.35,0,False
POL102498,AS22498,Regina Yuste Buendía,74,AUTO,Alicante,online,2024-05-19,2025-11-17,319.74,300,True
POL102499,AS22499,José Ángel Mulet Fuente,33,HOGAR,Vizcaya,online,2024-11-16,,217.22,300,False
POL102500,AS22500,Saturnina Domínguez Ojeda,49,AUTO,Malaga,telefono,2022-08-18,,482.09,450,False
POL102501,AS22501,Olivia Palmira Coca Diez,81,AUTO,Barcelona,online,2021-02-26,,417.79,450,False
POL102502,AS22502,Judith Muro-Ariza,20,AUTO,Sevilla,agente,2022-10-02,,513.38,450,False
POL102503,AS22503,Alicia de Franch,18,AUTO,Cantabria,online,2021-02-22,,314.83,150,False
POL102504,AS22504,Ana Belén Blanch Huertas,79,HOGAR,Tarragona,agente,2023-04-23,,357.7,0,False
POL102505,AS22505,Socorro Conde Herranz,83,HOGAR,Madrid,correduria,2021-07-24,2023-08-17,332.37,150,True
POL102506,AS22506,Lino Saura Ariza,24,HOGAR,Valencia,online,2024-02-29,,274.91,150,False
POL102507,AS22507,Paca Figueras Romeu,56,AUTO,Madrid,correduria,2023-08-11,,476.29,600,False
POL102508,AS22508,Conrado Hernandez Tejera,39,AUTO,Zaragoza,online,2023-05-15,,366.21,600,False
POL102509,AS22509,Carmelo Molina-Esteve,52,HOGAR,Lleida,online,2022-05-29,,165.62,150,False
POL102510,AS22510,Rafaela Aragón,81,AUTO,Zaragoza,telefono,2023-07-25,,450.85,300,False
POL102511,AS22511,María Calatayud Gómez,51,SALUD,Baleares,agente,2022-11-09,,1078.15,0,False
POL102512,AS22512,Lupe Baquero Solana,59,VIDA,Sevilla,agente,2024-08-11,,316.11,0,False
POL102513,AS22513,Alex Cesar Gutiérrez Jove,56,HOGAR,Malaga,agente,2021-06-21,2022-11-10,268.67,150,True
POL102514,AS22514,Anselmo Serna Tejera,38,AUTO,Malaga,correduria,2024-02-05,,483.25,300,False
POL102515,AS22515,Haroldo Ramis Araujo,55,HOGAR,A Coruna,agente,2022-03-18,,229.29,150,False
POL102516,AS22516,Eulalia Cano-Chico,80,AUTO,Baleares,agente,2022-03-28,2023-02-04,527.51,150,True
POL102517,AS22517,Carmen Peralta Pujadas,80,SALUD,Lleida,agente,2024-11-28,,923.45,0,False
POL102518,AS22518,Rufino Roura Córdoba,74,AUTO,Malaga,telefono,2024-09-17,,423.95,600,False
POL102519,AS22519,Clara del Gomis,56,HOGAR,Asturias,online,2022-10-05,,307.01,0,False
POL102520,AS22520,Sebastián Asensio,19,AUTO,Malaga,agente,2024-02-15,,394.34,300,False
POL102521,AS22521,Mercedes Valcárcel Herrero,51,AUTO,Valencia,agente,2024-01-14,,424.33,450,False
POL102522,AS22522,Modesta Coloma Palau,22,AUTO,Girona,correduria,2024-09-29,,451.46,450,False
POL102523,AS22523,Macario Campoy Iriarte,38,HOGAR,Tarragona,online,2023-06-14,,140.15,150,False
POL102524,AS22524,Hernán Ojeda Solana,48,SALUD,A Coruna,online,2023-12-10,2024-11-12,773.71,0,True
POL102525,AS22525,Paz Fuentes Vendrell,36,AUTO,Vizcaya,agente,2024-10-13,,502.1,600,False
POL102526,AS22526,Marisa Sainz Gallardo,46,HOGAR,Madrid,agente,2021-02-06,,320.36,150,False
POL102527,AS22527,Manuela de Bello,30,AUTO,Asturias,agente,2021-05-26,,412.24,150,False
POL102528,AS22528,Teodoro Gaya-Conesa,71,AUTO,Tarragona,telefono,2021-07-22,,542.57,450,False
POL102529,AS22529,Ricardo Aguilar,37,AUTO,Vizcaya,agente,2021-04-06,,522.83,600,False
POL102530,AS22530,Josep del Navarro,24,AUTO,Asturias,agente,2022-07-19,,325.49,600,False
POL102531,AS22531,Sosimo Martín Roca,74,AUTO,Madrid,online,2024-03-04,,594.45,150,False
POL102532,AS22532,Carlito Calzada Madrigal,35,HOGAR,Tarragona,online,2024-05-19,,243.88,150,False
POL102533,AS22533,Adora Blazquez Pardo,21,HOGAR,Cantabria,agente,2021-09-26,,268.6,300,False
POL102534,AS22534,Teo Abascal,50,HOGAR,Alicante,online,2023-04-26,,241.13,150,False
POL102535,AS22535,Remigio Pi Amorós,72,HOGAR,Cantabria,correduria,2021-07-29,,364.78,300,False
POL102536,AS22536,Hilda Blázquez Cruz,78,AUTO,Barcelona,correduria,2024-11-10,,305.23,600,False
POL102537,AS22537,Prudencio Ponce Galiano,35,VIDA,Madrid,correduria,2022-11-28,,246.62,0,False
POL102538,AS22538,Noemí Pineda Alvarez,49,HOGAR,Alicante,telefono,2023-11-06,,290.7,300,False
POL102539,AS22539,Félix Oliver Narváez,35,VIDA,Valencia,agente,2023-01-08,,434.52,0,False
POL102540,AS22540,Curro Conesa Agudo,42,VIDA,Malaga,agente,2024-05-30,,326.26,0,False
POL102541,AS22541,Onofre Monreal,41,HOGAR,Madrid,agente,2022-02-25,,322.66,300,False
POL102542,AS22542,Porfirio Mena Céspedes,23,HOGAR,Lleida,agente,2023-02-26,,269.98,300,False
POL102543,AS22543,Rodrigo Rico Perea,68,VIDA,Vizcaya,correduria,2023-08-28,,381.34,0,False
POL102544,AS22544,Adriana López Peláez,68,HOGAR,A Coruna,telefono,2024-06-09,,312.48,150,False
POL102545,AS22545,Oriana Herrero Pinto,73,HOGAR,Madrid,online,2024-03-03,,261.95,0,False
POL102546,AS22546,Elías Heras Vizcaíno,63,AUTO,Lleida,telefono,2022-08-06,,274.77,450,False
POL102547,AS22547,María Cristina Recio Pastor,60,AUTO,Baleares,correduria,2021-03-13,,576.13,300,False
POL102548,AS22548,Gerónimo Navas Camps,78,HOGAR,Asturias,agente,2024-06-12,,298.93,150,False
POL102549,AS22549,Abraham Campoy Ordóñez,76,AUTO,Malaga,agente,2024-04-10,,605.29,300,False
POL102550,AS22550,Seve Carlos Berenguer Solana,84,HOGAR,Malaga,agente,2022-07-10,,283.55,150,False
POL102551,AS22551,Mohamed Renato Grau Mínguez,63,HOGAR,Girona,correduria,2024-05-05,,277.18,300,False
POL102552,AS22552,Eladio Arribas Querol,39,AUTO,Cantabria,agente,2023-03-27,,330.55,450,False
POL102553,AS22553,Rafaela Noguera-Patiño,78,AUTO,A Coruna,online,2023-10-03,,394.91,450,False
POL102554,AS22554,Jafet de Sanchez,77,HOGAR,Girona,agente,2022-12-10,,227.5,300,False
POL102555,AS22555,Daniel Rosendo Cantero Solana,79,AUTO,Cantabria,online,2023-10-12,,529.94,450,False
POL102556,AS22556,Cirino Lozano Recio,33,AUTO,Baleares,agente,2023-11-12,,456.7,450,False
POL102557,AS22557,Noé Barral Echeverría,80,SALUD,Baleares,agente,2021-09-22,,648.77,0,False
POL102558,AS22558,Rafaela Priego-Arias,47,HOGAR,Zaragoza,online,2021-10-27,,334.97,0,False
POL102559,AS22559,Fabián Aliaga Cabanillas,54,HOGAR,Lleida,correduria,2024-11-10,2025-07-16,277.2,0,True
POL102560,AS22560,Octavia Barrios-Fiol,42,VIDA,Vizcaya,telefono,2023-10-14,,304.39,0,False
POL102561,AS22561,Che Alvarado Oliveras,35,AUTO,Barcelona,agente,2024-11-21,,316.27,600,False
POL102562,AS22562,Vasco Morillo Álvaro,71,HOGAR,Valencia,agente,2024-09-03,,314.24,150,False
POL102563,AS22563,Piedad Fabregat Luís,53,HOGAR,Alicante,agente,2022-08-27,,317.46,0,False
POL102564,AS22564,Custodio de Roman,50,AUTO,Zaragoza,correduria,2021-02-05,,494.42,450,False
POL102565,AS22565,Martin Rocha Gómez,79,AUTO,Girona,agente,2023-03-03,,369.1,150,False
POL102566,AS22566,Antonio Lerma-Portero,64,HOGAR,Asturias,agente,2021-12-05,,342.93,150,False
POL102567,AS22567,Baudelio Hidalgo Alcolea,32,AUTO,Alicante,online,2024-03-03,,533.42,300,False
POL102568,AS22568,África Mateu,83,HOGAR,Alicante,agente,2024-02-25,,308.75,150,False
POL102569,AS22569,Miguela de Blanes,60,SALUD,Madrid,telefono,2024-02-19,,976.46,0,False
POL102570,AS22570,Sebastian Jódar-Cárdenas,55,SALUD,Baleares,online,2022-01-29,,607.4,0,False
POL102571,AS22571,Héctor Amaya,47,HOGAR,Valencia,online,2023-09-27,2024-10-10,257.98,150,True
POL102572,AS22572,Cristian Calleja Cuenca,32,AUTO,Alicante,agente,2023-06-21,,419.01,450,False
POL102573,AS22573,Urbano Carrera Paz,35,AUTO,Girona,agente,2022-01-13,,531.8,150,False
POL102574,AS22574,Pacífica Izquierdo Fernández,41,HOGAR,Cantabria,online,2022-10-22,,256.99,0,False
POL102575,AS22575,Lázaro Donaire Andrade,32,AUTO,Barcelona,correduria,2021-01-22,,325.55,600,False
POL102576,AS22576,Eleuterio de Guijarro,34,AUTO,Malaga,correduria,2023-09-10,,300.66,600,False
POL102577,AS22577,Ángela del Solís,71,HOGAR,Vizcaya,online,2024-08-05,,270.72,0,False
POL102578,AS22578,Etelvina Rosales Segura,30,AUTO,Zaragoza,online,2021-05-15,,447.93,450,False
POL102579,AS22579,Rico Jordán Tapia,61,HOGAR,Malaga,correduria,2022-02-09,,350.98,0,False
POL102580,AS22580,Basilio Quesada Pintor,65,HOGAR,Sevilla,correduria,2021-06-18,,306.01,0,False
POL102581,AS22581,Kike José Luis Boada Hierro,36,AUTO,Madrid,correduria,2021-11-30,,325.23,150,False
POL102582,AS22582,Juana Florentina Rincón Sales,66,HOGAR,Zaragoza,agente,2023-03-14,,410.11,300,False
POL102583,AS22583,Jennifer Bertrán Ramirez,66,HOGAR,Lleida,correduria,2022-11-28,,353.81,150,False
POL102584,AS22584,Cayetano Arroyo Franco,34,AUTO,A Coruna,agente,2023-01-27,,397.86,450,False
POL102585,AS22585,Javiera Amada Sebastián Roig,78,AUTO,Girona,online,2022-11-18,,475.15,600,False
POL102586,AS22586,Eli Charo Alba Olmo,41,AUTO,Madrid,agente,2023-05-28,,484.0,450,False
POL102587,AS22587,Remigio Olivares Leiva,35,SALUD,Asturias,online,2024-02-06,,633.73,0,False
POL102588,AS22588,Angelino Ferrán Coronado,66,AUTO,Lleida,online,2024-06-02,,428.4,300,False
POL102589,AS22589,María Luisa Cano Carpio,66,AUTO,Tarragona,online,2021-10-10,,408.06,450,False
POL102590,AS22590,Felicia Leiva Bernal,84,AUTO,Baleares,agente,2024-05-06,,372.16,600,False
POL102591,AS22591,Artemio Guzman Salas,76,AUTO,Baleares,online,2024-03-31,,362.14,600,False
POL102592,AS22592,Luisina Gaya Colom,78,VIDA,Asturias,correduria,2024-03-10,,356.27,0,False
POL102593,AS22593,Evaristo Sevilla-Marco,40,AUTO,Lleida,agente,2024-03-20,,453.38,450,False
POL102594,AS22594,Ester Múgica,83,HOGAR,Vizcaya,correduria,2022-06-24,,320.73,150,False
POL102595,AS22595,Samuel Diéguez-Pou,22,SALUD,Zaragoza,online,2022-01-10,,775.85,0,False
POL102596,AS22596,Teófilo Zapata Segarra,74,AUTO,Cantabria,agente,2022-07-08,,517.8,300,False
POL102597,AS22597,Loreto Navarrete Briones,54,HOGAR,Girona,online,2023-01-20,,337.32,300,False
POL102598,AS22598,Natividad Guardiola Echevarría,65,AUTO,Barcelona,agente,2024-07-29,,513.41,150,False
POL102599,AS22599,Inmaculada Castejón Arellano,43,AUTO,Lleida,correduria,2024-07-26,,480.73,450,False
POL102600,AS20000,Jerónimo Gervasio Gomila Espejo,44,AUTO,A Coruna,agente,2021-04-06,,457.06,300,False
POL102601,AS20001,Florencio Chaparro Gonzalo,80,HOGAR,Tarragona,online,2022-11-19,2025-09-09,318.46,0,True
POL102602,AS20002,Josefina de Puga,26,HOGAR,Malaga,agente,2023-06-18,,223.84,300,False
POL102603,AS20003,Alfonso Iglesias Ruano,20,VIDA,Madrid,correduria,2022-04-04,,211.23,0,False
POL102604,AS20004,Julio César Alarcón Vilanova,22,HOGAR,Valencia,agente,2024-02-25,2026-08-29,258.49,300,True
POL102605,AS20005,Alberto Galán Bernal,34,HOGAR,Tarragona,telefono,2022-12-19,,225.1,150,False
POL102606,AS20006,Merche Urrutia Vélez,46,AUTO,Barcelona,agente,2024-11-03,2027-05-11,345.18,150,True
POL102607,AS20007,Paz Chamorro Hidalgo,34,HOGAR,Cantabria,online,2024-05-18,,260.38,300,False
POL102608,AS20008,Arsenio Mur Camino,33,AUTO,Zaragoza,agente,2021-08-20,,411.2,600,False
POL102609,AS20009,Adán Tamarit Sotelo,30,HOGAR,Vizcaya,online,2021-10-13,,337.6,150,False
POL102610,AS20010,Edgardo Llanos Poza,35,AUTO,Sevilla,correduria,2021-05-03,,396.54,300,False
POL102611,AS20011,Valentina Ropero,80,AUTO,Tarragona,agente,2023-05-20,2025-10-26,586.6,300,True
POL102612,AS20012,Rico Vargas-Sedano,43,SALUD,Cantabria,agente,2023-10-14,,907.06,0,False
POL102613,AS20013,Ale Mayo Vilalta,66,AUTO,Valencia,telefono,2024-02-27,,396.27,300,False
POL102614,AS20014,Candela Llopis Agudo,25,AUTO,Girona,agente,2023-02-07,,458.93,450,False
POL102615,AS20015,Amando Sanz Nuñez,66,AUTO,Zaragoza,correduria,2023-11-07,,384.04,450,False
POL102616,AS20016,Francisco Javier Mercader Alsina,37,AUTO,Valencia,online,2023-05-14,,385.95,150,False
POL102617,AS20017,Dimas de Paniagua,50,HOGAR,Baleares,correduria,2021-01-28,,246.83,0,False
POL102618,AS20018,Itziar Girón Pulido,80,AUTO,Baleares,agente,2021-06-25,,514.66,600,False
POL102619,AS20019,Montserrat Vazquez Vigil,72,HOGAR,Zaragoza,correduria,2021-10-01,,210.49,0,False
POL102620,AS20020,Sabas Palma Gallo,28,AUTO,Malaga,correduria,2021-03-28,,543.47,600,False
POL102621,AS20021,Rosendo Galindo Nieto,55,AUTO,Alicante,online,2023-03-24,,476.07,150,False
POL102622,AS20022,Eloísa Lorenza Sureda Gordillo,38,AUTO,Asturias,agente,2024-01-22,,254.34,150,False
POL102623,AS20023,Lilia Sanmiguel,48,AUTO,Madrid,agente,2023-03-09,,478.82,150,False
POL102624,AS20024,Florentina Collado Portero,82,HOGAR,Madrid,agente,2024-06-28,,410.54,0,False
POL102625,AS20025,Sara Miranda Cáceres,81,AUTO,A Coruna,agente,2021-01-09,,483.08,600,False
POL102626,AS20026,Ileana Rico Ibarra,79,AUTO,Barcelona,telefono,2023-07-13,2024-07-25,473.5,600,True
POL102627,AS20027,Victoriano Chaves Zabaleta,32,AUTO,Vizcaya,correduria,2023-01-27,,408.83,450,False
POL102628,AS20028,Chuy Chacón Asensio,45,AUTO,Valencia,online,2022-06-24,,363.9,450,False
POL102629,AS20029,Trinidad Armengol,74,AUTO,Girona,online,2022-04-24,,522.02,600,False
POL102630,AS20030,Berta Olga Priego Olmo,67,HOGAR,Asturias,agente,2021-08-02,2023-06-16,262.95,300,True
POL102631,AS20031,Nazario Salinas-Borrell,52,SALUD,Zaragoza,correduria,2022-02-02,,711.08,0,False
POL102632,AS20032,Fernanda Carreras Palmer,23,HOGAR,Asturias,online,2024-02-08,,211.38,0,False
POL102633,AS20033,Sol Lobo Varela,19,HOGAR,Vizcaya,online,2021-01-19,,319.83,150,False
POL102634,AS20034,Odalis Cañas Vilaplana,29,AUTO,Cantabria,agente,2024-02-07,,393.19,150,False
POL102635,AS20035,Cipriano Esteban Llobet,26,AUTO,Madrid,correduria,2023-05-30,,418.94,450,False
POL102636,AS20036,Concepción Corral Isern,75,VIDA,A Coruna,agente,2023-03-17,2024-03-27,300.06,0,True
POL102637,AS20037,Emperatriz Ballester,29,AUTO,Asturias,agente,2021-04-30,2023-11-14,384.47,150,True
POL102638,AS20038,Adelaida Díez-Abascal,62,HOGAR,Girona,online,2024-12-29,,273.89,150,False
POL102639,AS20039,Fortunata Checa,43,SALUD,Alicante,agente,2023-12-20,,615.17,0,False
POL102640,AS20040,Mónica Botella Coello,29,HOGAR,A Coruna,telefono,2024-07-20,,289.35,300,False
POL102641,AS20041,Ignacia Uría Morcillo,60,HOGAR,Valencia,correduria,2021-05-28,,258.2,0,False
POL102642,AS20042,Mercedes Múñiz,57,HOGAR,Vizcaya,correduria,2023-06-05,,328.82,300,False
POL102643,AS20043,Edmundo Otero Canet,32,AUTO,Girona,agente,2021-06-15,,438.72,450,False
POL102644,AS20044,Nerea Cabrero Casares,76,HOGAR,Lleida,online,2022-01-09,,257.74,0,False
POL102645,AS20045,Luciana Guerrero Gomez,38,AUTO,Lleida,agente,2024-08-25,,326.03,600,False
POL102646,AS20046,Maximiliano Iglesia Morata,66,AUTO,Baleares,agente,2022-07-07,,453.22,450,False
POL102647,AS20047,Gabriel Andreu Solera,38,AUTO,Vizcaya,agente,2023-08-09,,395.74,300,False
POL102648,AS20048,Jose Carlos Sans Bernal,48,HOGAR,Asturias,online,2023-01-07,2024-04-25,274.32,300,True
POL102649,AS20049,Adalberto Duarte-Acuña,70,HOGAR,Baleares,correduria,2023-01-08,,275.94,300,False
POL102650,AS20050,Baudelio Cabanillas,20,HOGAR,Girona,correduria,2021-01-08,,285.46,300,False
POL102651,AS20051,Clotilde Palomo Arteaga,51,AUTO,Madrid,online,2023-03-29,,420.23,300,False
POL102652,AS20052,Aurelia Hilda Frías Luís,70,HOGAR,Baleares,online,2023-10-05,2025-04-03,289.05,300,True
POL102653,AS20053,Nacho de Baena,37,HOGAR,Cantabria,telefono,2022-03-30,,329.29,150,False
POL102654,AS20054,Custodia Prada Fuertes,58,AUTO,Malaga,agente,2021-01-14,,602.11,150,False
POL102655,AS20055,Lidia Mármol-Tejera,62,HOGAR,Madrid,agente,2022-07-10,,329.02,150,False
POL102656,AS20056,Adelaida Jessica Zorrilla Riba,80,AUTO,Vizcaya,correduria,2021-10-31,2023-05-30,512.2,600,True
POL102657,AS20057,Obdulia Velasco Fiol,48,HOGAR,Vizcaya,agente,2023-11-23,2024-10-24,329.61,300,True
POL102658,AS20058,Jordana Polo Puig,22,SALUD,Asturias,agente,2022-06-07,,812.16,0,False
POL102659,AS20059,Álvaro Galindo,76,HOGAR,Tarragona,agente,2022-05-30,,264.19,300,False
POL102660,AS20060,José María Blanca-Vilar,48,HOGAR,Madrid,online,2023-07-23,,309.22,150,False
POL102661,AS20061,Dolores Cloe Catalá Iniesta,76,AUTO,A Coruna,correduria,2023-05-05,,530.8,450,False
POL102662,AS20062,Amando Cárdenas Río,52,AUTO,Tarragona,agente,2021-11-23,,416.5,150,False
POL102663,AS20063,Moisés Roma-Nicolau,72,AUTO,Alicante,agente,2023-10-03,,448.22,150,False
POL102664,AS20064,Calista del Esteve,49,HOGAR,Malaga,correduria,2022-11-11,,208.69,150,False
POL102665,AS20065,Telmo Linares Manzano,45,AUTO,Asturias,correduria,2022-05-12,,505.32,600,False
POL102666,AS20066,Ani Amat,56,AUTO,A Coruna,agente,2022-07-31,,297.92,450,False
POL102667,AS20067,Clímaco Valle Iñiguez,71,SALUD,Madrid,telefono,2023-07-18,2026-05-02,698.0,0,True
POL102668,AS20068,Narciso Villalba Miranda,26,AUTO,Sevilla,agente,2021-10-29,,224.7,300,False
POL102669,AS20069,Domitila del Verdejo,48,AUTO,Lleida,agente,2022-06-03,,471.2,300,False
POL102670,AS20070,Roberto Gomez Sainz,66,AUTO,Girona,correduria,2023-05-13,,564.5,450,False
POL102671,AS20071,Óscar Posada Fortuny,78,HOGAR,Valencia,telefono,2021-01-14,2022-02-07,359.97,300,True
POL102672,AS20072,José Manuel Toño Barrena Murcia,32,HOGAR,Cantabria,online,2024-03-28,,277.06,0,False
POL102673,AS20073,Ana Serra-Aguilera,73,HOGAR,Madrid,correduria,2021-09-17,,232.1,0,False
POL102674,AS20074,Victoriano Chaparro Bernad,61,AUTO,Cantabria,online,2021-12-17,,601.86,450,False
POL102675,AS20075,Maricruz Robledo Vila,69,SALUD,Valencia,online,2024-08-16,,812.33,0,False
POL102676,AS20076,Daniela de Puente,45,AUTO,Zaragoza,telefono,2024-09-11,2024-12-06,509.99,450,True
POL102677,AS20077,Narcisa Paz Carrera Velázquez,59,AUTO,Tarragona,agente,2022-05-21,,620.85,150,False
POL102678,AS20078,Mamen Marqués Pintor,70,HOGAR,Vizcaya,telefono,2021-12-23,,261.5,150,False
POL102679,AS20079,Emilio Plaza Llobet,19,SALUD,Barcelona,online,2023-02-01,2024-07-19,560.99,0,True
POL102680,AS20080,Macario Domingo Salvà Font,43,AUTO,Vizcaya,correduria,2022-05-05,,591.08,300,False
POL102681,AS20081,Chus Silvio Nuñez Robledo,26,AUTO,A Coruna,correduria,2024-03-27,,385.47,450,False
POL102682,AS20082,Pascual Campo Contreras,65,AUTO,Girona,online,2022-08-01,,490.47,450,False
POL102683,AS20083,Diana Solís,81,VIDA,Girona,agente,2024-03-04,,342.9,0,False
POL102684,AS20084,José Luis Valentín Cardona,30,HOGAR,Asturias,correduria,2023-03-17,,279.06,0,False
POL102685,AS20085,Dora Ainara Calzada Redondo,76,VIDA,A Coruna,online,2024-02-09,,336.35,0,False
POL102686,AS20086,Nadia del Roca,33,SALUD,Girona,agente,2024-07-20,,935.64,0,False
POL102687,AS20087,Herminio Saldaña Mayoral,29,VIDA,Zaragoza,agente,2022-03-17,2023-10-27,315.22,0,True
POL102688,AS20088,Efraín Cabrero Exposito,58,HOGAR,A Coruna,telefono,2022-11-20,,272.39,0,False
POL102689,AS20089,Julio César Arjona,67,AUTO,Valencia,telefono,2023-06-29,,456.59,600,False
POL102690,AS20090,Beatriz Canales-Aguirre,27,AUTO,Madrid,agente,2021-04-17,,410.79,450,False
POL102691,AS20091,Reinaldo Iriarte,60,AUTO,Malaga,correduria,2024-01-04,2024-08-17,523.92,600,True
POL102692,AS20092,Noemí Gual Alegria,45,AUTO,Valencia,agente,2022-08-30,,405.34,600,False
POL102693,AS20093,Dionisia Redondo Lobo,49,VIDA,Cantabria,telefono,2023-06-06,2024-04-01,359.88,0,True
POL102694,AS20094,Araceli Rocío Camps Lledó,75,VIDA,Baleares,agente,2022-12-30,,405.8,0,False
POL102695,AS20095,Camilo del Fuentes,19,HOGAR,Sevilla,correduria,2022-07-06,,260.72,150,False
POL102696,AS20096,Nazario Díez Gallardo,67,HOGAR,Madrid,agente,2021-07-25,,284.01,0,False
POL102697,AS20097,Bernabé Valentín Duque,30,HOGAR,Girona,telefono,2023-09-11,2024-03-11,241.66,0,True
POL102698,AS20098,Josep Echevarría Gabaldón,75,HOGAR,Tarragona,online,2021-01-13,,281.28,150,False
POL102699,AS20099,Aurelia Riquelme,82,AUTO,Valencia,agente,2022-03-08,,471.73,450,False
POL102700,AS20100,Segismundo Terrón Zapata,41,SALUD,Asturias,online,2021-08-16,,708.54,0,False
POL102701,AS20101,Ulises Manzano Salom,69,AUTO,Madrid,telefono,2023-05-04,,481.61,150,False
POL102702,AS20102,Ascensión Fabregat Armas,75,AUTO,Asturias,online,2023-07-25,,445.92,600,False
POL102703,AS20103,Morena del Gilabert,23,HOGAR,Alicante,correduria,2023-11-11,,171.16,300,False
POL102704,AS20104,Isaac Sancho Vall Fortuny,56,AUTO,Sevilla,online,2022-10-21,,359.91,600,False
POL102705,AS20105,Aitor Lladó,39,AUTO,Girona,agente,2023-02-13,2024-04-04,288.38,150,True
POL102706,AS20106,Lalo Pinilla Ruano,41,VIDA,Sevilla,online,2023-10-13,,305.32,0,False
POL102707,AS20107,Lilia Guitart Márquez,41,AUTO,Zaragoza,correduria,2024-02-23,,429.97,450,False
POL102708,AS20108,Roberto Guerrero Gimenez,28,AUTO,Tarragona,online,2022-11-13,,411.25,600,False
POL102709,AS20109,Caridad Capdevila Ribas,64,HOGAR,Asturias,correduria,2022-07-15,,254.07,300,False
POL102710,AS20110,José María Soria Robles,43,AUTO,Girona,online,2023-07-18,,399.17,150,False
POL102711,AS20111,Jose Francisco del Pablo,53,AUTO,Asturias,correduria,2023-04-18,,508.66,600,False
POL102712,AS20112,Laura Pagès-Menéndez,67,SALUD,Valencia,telefono,2023-05-07,,613.02,0,False
POL102713,AS20113,Ricarda Vergara Barrio,71,AUTO,Madrid,agente,2022-09-06,,521.7,600,False
POL102714,AS20114,Pili del Perelló,42,VIDA,Valencia,agente,2021-03-01,,324.53,0,False
POL102715,AS20115,Primitiva Ballester Llano,73,SALUD,Baleares,online,2024-11-06,,711.7,0,False
POL102716,AS20116,Bonifacio Verdú,23,SALUD,Asturias,correduria,2021-09-07,,811.45,0,False
POL102717,AS20117,Ani Rico Gallego,78,AUTO,Valencia,agente,2021-10-08,,557.57,150,False
POL102718,AS20118,Aurora Piñol,76,AUTO,Lleida,telefono,2023-11-05,,283.91,450,False
POL102719,AS20119,Baltasar Landa-Murcia,28,AUTO,Malaga,correduria,2022-07-21,,350.29,600,False
POL102720,AS20120,Feliciana Sancho Balaguer,28,HOGAR,Cantabria,correduria,2024-11-18,,270.5,300,False
POL102721,AS20121,Gilberto Pou,84,HOGAR,Tarragona,correduria,2023-10-20,2026-08-05,403.32,300,True
POL102722,AS20122,Raimundo Tello-Valero,18,VIDA,Asturias,telefono,2021-03-09,,195.66,0,False
POL102723,AS20123,Encarna Berenguer Baquero,82,AUTO,Malaga,agente,2024-04-23,,505.71,150,False
POL102724,AS20124,Martín Salcedo,42,HOGAR,Tarragona,correduria,2023-06-08,,250.17,0,False
POL102725,AS20125,Ruben Castejón Checa,37,VIDA,Lleida,online,2024-04-13,,336.03,0,False
POL102726,AS20126,Luis Ángel Ibarra Julián,63,HOGAR,Alicante,telefono,2024-07-13,,296.33,150,False
POL102727,AS20127,Aránzazu Palomares Diéguez,50,AUTO,A Coruna,agente,2021-12-18,,455.59,300,False
POL102728,AS20128,Carmelo Godoy-Gallego,46,AUTO,Sevilla,correduria,2021-03-31,,464.61,300,False
POL102729,AS20129,Andrés Felipe Arribas-Cobos,39,AUTO,Asturias,agente,2023-10-15,,446.65,300,False
POL102730,AS20130,Fabricio Duran Alfonso,19,AUTO,Cantabria,agente,2023-08-14,,487.69,450,False
POL102731,AS20131,Tomás Gras Soler,50,AUTO,Madrid,telefono,2021-02-19,,432.02,300,False
POL102732,AS20132,Alcides del Porcel,70,VIDA,Baleares,agente,2021-09-20,,339.61,0,False
POL102733,AS20133,Teresita Dominguez Ariza,41,AUTO,Asturias,online,2023-10-21,,455.48,600,False
POL102734,AS20134,Rebeca Álvaro Redondo,20,VIDA,Barcelona,correduria,2022-06-08,,399.95,0,False
POL102735,AS20135,Albino Riba Echeverría,62,AUTO,Baleares,agente,2022-11-24,,438.47,300,False
POL102736,AS20136,Patricio Castellanos Torrecilla,67,AUTO,Zaragoza,agente,2023-04-12,2026-04-03,514.61,600,True
POL102737,AS20137,Lorena Español-Ortega,20,AUTO,Tarragona,online,2024-01-16,,428.77,150,False
POL102738,AS20138,Nayara Mayoral Paniagua,62,AUTO,Asturias,online,2021-05-14,2022-07-30,492.67,600,True
POL102739,AS20139,Sol Álamo-Jerez,46,HOGAR,Lleida,correduria,2021-07-08,,207.17,150,False
POL102740,AS20140,Adán Dalmau,37,AUTO,Tarragona,agente,2024-07-23,,392.92,300,False
POL102741,AS20141,Asunción Clemente-Río,53,VIDA,Girona,online,2022-06-28,,366.15,0,False
POL102742,AS20142,Fito Amigó Tamayo,18,HOGAR,Vizcaya,online,2024-12-20,,227.49,150,False
POL102743,AS20143,Irma Galán Gascón,55,AUTO,Barcelona,correduria,2024-01-23,,608.74,150,False
POL102744,AS20144,Olimpia Chus Folch Mercader,45,AUTO,Madrid,telefono,2022-01-13,,409.32,450,False
POL102745,AS20145,Mar Rita Bayona Fonseca,32,AUTO,Valencia,correduria,2021-04-26,,314.79,150,False
POL102746,AS20146,Abel Quintero Navas,66,HOGAR,Tarragona,online,2023-02-15,,328.07,150,False
POL102747,AS20147,Ester Beltran Palomo,76,HOGAR,Vizcaya,correduria,2024-03-03,,269.84,0,False
POL102748,AS20148,Obdulia del Rosado,57,HOGAR,Vizcaya,agente,2021-01-17,,313.52,300,False
POL102749,AS20149,Lina Grau Bello,18,AUTO,Sevilla,correduria,2022-01-04,,380.54,600,False
POL102750,AS20150,Azucena Puente Balaguer,44,VIDA,Barcelona,online,2023-08-20,,273.21,0,False
POL102751,AS20151,Elisabet Borrell-Soria,75,VIDA,Malaga,online,2024-12-24,,359.87,0,False
POL102752,AS20152,Evita García Barbero,53,HOGAR,Tarragona,agente,2024-06-10,,224.31,150,False
POL102753,AS20153,Eli Gil Montserrat,18,AUTO,Madrid,agente,2024-03-15,,492.58,450,False
POL102754,AS20154,Loida Gallardo Leon,55,AUTO,Baleares,online,2021-01-23,,349.98,600,False
POL102755,AS20155,Rogelio Portillo-Gelabert,81,AUTO,A Coruna,online,2024-01-18,,475.38,450,False
POL102756,AS20156,Amor Ochoa Crespo,37,AUTO,Malaga,online,2024-03-18,,389.57,600,False
POL102757,AS20157,Paula Farré Caparrós,82,AUTO,Alicante,correduria,2021-04-03,,437.83,450,False
POL102758,AS20158,Carolina Valero García,40,AUTO,Baleares,telefono,2021-06-19,,315.63,450,False
POL102759,AS20159,Candelaria Ana Sofía Sánchez Pulido,57,AUTO,Tarragona,online,2022-05-07,,418.71,300,False
POL102760,AS20160,Teófila Salinas Roma,37,VIDA,Barcelona,agente,2021-08-02,,282.26,0,False
POL102761,AS20161,Viviana Rosado Caparrós,80,VIDA,Valencia,online,2023-11-05,,412.64,0,False
POL102762,AS20162,Espiridión Borrell Marín,39,HOGAR,A Coruna,agente,2023-12-16,,306.2,300,False
POL102763,AS20163,Fernando del Delgado,23,AUTO,Valencia,correduria,2021-09-10,,403.67,600,False
POL102764,AS20164,Andrés Quevedo Esparza,69,HOGAR,Girona,agente,2023-07-20,,234.21,300,False
POL102765,AS20165,Jacobo Ayuso Ballester,70,SALUD,Madrid,online,2024-07-16,,659.49,0,False
POL102766,AS20166,Rita Artigas Robles,64,AUTO,Girona,online,2024-06-28,,374.58,450,False
POL102767,AS20167,Lorenzo Rebollo Plana,51,AUTO,Asturias,online,2024-10-25,2026-09-11,466.0,150,True
POL102768,AS20168,María Jesús Ocaña Alemany,55,AUTO,Valencia,correduria,2023-10-12,,459.12,600,False
POL102769,AS20169,Juan Bautista del Ribera,41,AUTO,Tarragona,agente,2021-04-08,,365.97,300,False
POL102770,AS20170,Nilo Agudo,84,SALUD,Tarragona,online,2023-10-18,,875.73,0,False
POL102771,AS20171,Prudencio Alfredo Baños Torrens,49,SALUD,Asturias,agente,2023-09-09,,727.45,0,False
POL102772,AS20172,Plinio Díez Benavides,52,AUTO,Cantabria,correduria,2023-05-28,,439.16,300,False
POL102773,AS20173,Celestina Piedad Llabrés Gelabert,35,HOGAR,Valencia,online,2024-09-20,,248.65,0,False
POL102774,AS20174,Marcio Miralles,33,AUTO,Madrid,telefono,2024-05-29,,460.08,600,False
POL102775,AS20175,Eugenio Fuster Marcos,61,HOGAR,Zaragoza,agente,2021-09-21,,300.02,300,False
POL102776,AS20176,Pablo del Urrutia,18,VIDA,A Coruna,agente,2024-07-22,,291.33,0,False
POL102777,AS20177,Oriana Carro-Fernández,62,VIDA,Lleida,online,2022-04-16,,248.5,0,False
POL102778,AS20178,José Mari Sevilla Arnaiz,29,HOGAR,Barcelona,agente,2021-10-09,,197.72,0,False
POL102779,AS20179,Édgar del Mena,27,AUTO,Zaragoza,agente,2023-07-31,,387.59,150,False
POL102780,AS20180,Crescencia Lumbreras Múñiz,78,SALUD,Alicante,telefono,2022-07-07,,636.71,0,False
POL102781,AS20181,Albino Arévalo-Valverde,58,SALUD,Malaga,agente,2023-10-31,,837.04,0,False
POL102782,AS20182,Ainara Leonor Collado Donoso,23,HOGAR,Girona,online,2023-03-26,,362.84,0,False
POL102783,AS20183,Tomás Sotelo Giménez,72,VIDA,Alicante,agente,2023-12-31,,373.19,0,False
POL102784,AS20184,Delfina Aguirre Armas,63,AUTO,Alicante,online,2023-11-18,,477.42,300,False
POL102785,AS20185,Teodoro Falcón,58,AUTO,Vizcaya,agente,2022-08-30,,516.62,600,False
POL102786,AS20186,Cesar Teruel Lopez,59,SALUD,Girona,correduria,2021-05-04,2023-03-07,938.75,0,True
POL102787,AS20187,Marc Herrero Niño,20,AUTO,Valencia,correduria,2022-03-07,,497.77,450,False
POL102788,AS20188,Eugenia Ferrero Aguado,76,HOGAR,Zaragoza,online,2024-02-10,,302.09,0,False
POL102789,AS20189,Anabel Zabala Falcó,49,AUTO,Cantabria,correduria,2024-11-19,,432.57,300,False
POL102790,AS20190,Benigno Portero Aragón,75,AUTO,Asturias,telefono,2023-05-09,,483.28,300,False
POL102791,AS20191,María Cristina Ricart-Alemán,65,AUTO,Girona,agente,2021-06-21,,433.31,150,False
POL102792,AS20192,Urbano Colom Abella,25,VIDA,Alicante,online,2022-04-13,,272.91,0,False
POL102793,AS20193,Paola Rivero Garay,28,HOGAR,Asturias,agente,2023-01-26,,340.52,0,False
POL102794,AS20194,Carmelita Apolonia Coronado Saez,62,AUTO,Asturias,agente,2021-05-19,,481.85,150,False
POL102795,AS20195,Maxi Cervantes Anaya,48,AUTO,Girona,correduria,2023-05-01,,464.6,300,False
POL102796,AS20196,Teobaldo Anguita Fuente,52,VIDA,Vizcaya,agente,2024-01-11,,315.67,0,False
POL102797,AS20197,Reyna Ocaña Carro,81,VIDA,Valencia,agente,2023-08-29,,468.06,0,False
POL102798,AS20198,María Ángeles Torrijos Carpio,31,AUTO,Madrid,correduria,2024-08-19,2026-11-16,431.51,300,True
POL102799,AS20199,Brígida Luís Duque,47,VIDA,Cantabria,agente,2024-12-17,,243.75,0,False
POL102800,AS20200,Estela Tejada Alcalá,75,HOGAR,Tarragona,online,2024-12-02,,397.92,150,False
POL102801,AS20201,Carolina Canet Blanco,71,AUTO,Lleida,telefono,2023-09-11,,401.03,150,False
POL102802,AS20202,Lara Cardona Roman,58,HOGAR,Madrid,correduria,2024-09-07,,199.02,150,False
POL102803,AS20203,Camila Pizarro-Rueda,72,AUTO,Baleares,agente,2024-07-07,,468.38,150,False
POL102804,AS20204,Oriana del Camacho,49,AUTO,Sevilla,online,2021-03-01,,430.37,300,False
POL102805,AS20205,Geraldo Coronado Grau,40,AUTO,Tarragona,online,2023-07-29,2025-01-31,437.06,150,True
POL102806,AS20206,Amancio de Arana,55,HOGAR,Lleida,telefono,2024-12-12,,251.37,300,False
POL102807,AS20207,Toribio del Cabo,67,VIDA,Barcelona,correduria,2022-01-07,,376.93,0,False
POL102808,AS20208,Concepción Gabaldón Parejo,34,SALUD,Malaga,online,2022-01-07,2023-08-14,866.85,0,True
POL102809,AS20209,Jonatan Araujo Alfonso,27,VIDA,Cantabria,telefono,2021-11-21,,387.85,0,False
POL102810,AS20210,Sebastian Oller Sandoval,42,AUTO,Girona,online,2022-02-24,,574.09,150,False
POL102811,AS20211,Tamara Pelayo,36,VIDA,Barcelona,agente,2024-11-17,2026-03-18,211.0,0,True
POL102812,AS20212,Ariel Palacios Puga,32,AUTO,Madrid,online,2023-02-19,,315.34,300,False
POL102813,AS20213,Vidal Iglesias Amigó,61,AUTO,Barcelona,agente,2023-08-17,,576.18,450,False
POL102814,AS20214,Máximo Calzada Iborra,63,AUTO,Cantabria,online,2024-08-25,,421.39,450,False
POL102815,AS20215,Victoria Escalona Herranz,28,AUTO,Malaga,correduria,2021-11-06,,515.84,150,False
POL102816,AS20216,Edelmiro Francisco Javier Baquero Cid,42,VIDA,Tarragona,agente,2022-11-26,,321.55,0,False
POL102817,AS20217,Carlos Cueto,82,AUTO,Malaga,telefono,2022-08-07,,469.07,450,False
POL102818,AS20218,Mohamed Sarmiento Valderrama,58,AUTO,Sevilla,agente,2021-12-04,,445.79,450,False
POL102819,AS20219,Carmelo de Azorin,81,HOGAR,Vizcaya,agente,2024-03-09,2025-07-29,342.94,150,True
POL102820,AS20220,Violeta Trujillo Morcillo,77,SALUD,Zaragoza,agente,2021-02-17,,917.57,0,False
POL102821,AS20221,Tania Nebot Doménech,32,AUTO,Girona,telefono,2023-04-26,,357.71,150,False
POL102822,AS20222,Moreno Uriarte,42,VIDA,Baleares,correduria,2022-01-21,,353.28,0,False
POL102823,AS20223,Santos Pedraza,52,HOGAR,Baleares,agente,2022-01-21,,240.7,0,False
POL102824,AS20224,Emma Vega-Ureña,45,HOGAR,Tarragona,online,2023-10-13,,213.52,300,False
POL102825,AS20225,Emma Rosell Zorrilla,56,HOGAR,Cantabria,online,2024-02-22,,265.67,150,False
POL102826,AS20226,Pía del Gómez,41,HOGAR,Lleida,telefono,2021-11-17,2023-05-27,278.64,0,True
POL102827,AS20227,Gema Salcedo-Pallarès,71,HOGAR,Lleida,agente,2021-12-04,,409.39,150,False
POL102828,AS20228,Jafet Castilla-Borrás,40,AUTO,Tarragona,online,2023-02-03,2024-08-25,529.93,450,True
POL102829,AS20229,Alba de Doménech,35,HOGAR,Asturias,online,2022-07-25,2022-11-27,240.43,300,True
POL102830,AS20230,Manu Alcántara Jiménez,27,AUTO,Barcelona,online,2022-01-10,,369.08,150,False
POL102831,AS20231,María Manuela Hierro Ferrando,81,AUTO,Cantabria,online,2021-08-12,,463.92,300,False
POL102832,AS20232,Chita Porcel Sancho,63,SALUD,Lleida,telefono,2021-10-10,2023-03-28,674.5,0,True
POL102833,AS20233,Liliana Fabiola Priego Arnal,26,HOGAR,Girona,correduria,2022-04-20,,184.29,150,False
POL102834,AS20234,Florinda de Barbero,71,HOGAR,Barcelona,online,2022-02-09,,292.56,300,False
POL102835,AS20235,Georgina Vilalta-Verdú,71,AUTO,Zaragoza,agente,2024-03-07,,519.31,600,False
POL102836,AS20236,Chus Casado Barbero,41,HOGAR,Barcelona,agente,2022-05-19,,326.71,150,False
POL102837,AS20237,María Del Carmen Morata Bolaños,35,AUTO,Valencia,online,2023-12-17,,341.51,450,False
POL102838,AS20238,Aristides Galan Asenjo,72,AUTO,Girona,online,2024-02-21,,415.86,600,False
POL102839,AS20239,Máxima Cardona Millán,77,SALUD,Madrid,correduria,2024-05-07,,699.68,0,False
POL102840,AS20240,Ana del Malo,59,VIDA,Cantabria,correduria,2023-02-12,,367.94,0,False
POL102841,AS20241,Raquel Solsona Zurita,29,AUTO,Girona,agente,2021-06-23,,448.57,450,False
POL102842,AS20242,Piedad Hervia Hidalgo,70,HOGAR,Cantabria,correduria,2024-12-29,,235.08,0,False
POL102843,AS20243,Luciana de Requena,49,AUTO,Asturias,agente,2022-11-16,,519.93,450,False
POL102844,AS20244,Juan Antonio Ferrando Pallarès,75,HOGAR,Alicante,online,2022-03-27,,344.63,300,False
POL102845,AS20245,Marc Pujol Gaya,27,AUTO,Tarragona,agente,2021-09-22,2024-01-26,361.58,600,True
POL102846,AS20246,Matías del Noguera,64,VIDA,Valencia,online,2021-06-25,,397.66,0,False
POL102847,AS20247,Tristán Domingo,63,SALUD,A Coruna,agente,2021-10-06,,847.02,0,False
POL102848,AS20248,Josep Vaquero Flores,82,HOGAR,Tarragona,telefono,2022-01-31,2022-03-27,419.25,150,True
POL102849,AS20249,Dionisio Simón Suárez Palacio,44,AUTO,Asturias,agente,2022-07-28,2024-07-08,481.94,450,True
POL102850,AS20250,Zaira de Padilla,84,AUTO,Alicante,online,2023-11-10,,464.62,300,False
POL102851,AS20251,Eli Encarnacion Montenegro Cerdán,76,AUTO,Tarragona,online,2021-06-11,,510.04,450,False
POL102852,AS20252,Julia Mate Olivé,32,AUTO,Tarragona,agente,2022-02-06,2023-01-13,451.5,150,True
POL102853,AS20253,Azahara del Salom,82,AUTO,Vizcaya,online,2021-05-22,,527.78,450,False
POL102854,AS20254,Pilar Vázquez Coca,56,HOGAR,Asturias,telefono,2024-04-06,,233.08,0,False
POL102855,AS20255,Glauco Medina Vidal,75,AUTO,Baleares,online,2023-03-21,,502.64,150,False
POL102856,AS20256,Bautista Benigno Bastida Mayoral,37,AUTO,A Coruna,online,2021-02-19,,449.34,450,False
POL102857,AS20257,Sergio Mascaró Pozo,37,SALUD,Lleida,agente,2022-08-16,,649.73,0,False
POL102858,AS20258,Lara de Pineda,62,AUTO,Sevilla,agente,2021-05-23,,559.01,300,False
POL102859,AS20259,Adelaida Grande Ibañez,70,SALUD,Asturias,agente,2023-11-13,,634.48,0,False
POL102860,AS20260,Marisol Catalá,77,AUTO,Sevilla,agente,2021-03-30,,462.32,450,False
POL102861,AS20261,Olalla Colomer Quevedo,51,AUTO,Baleares,online,2022-10-14,,440.83,300,False
POL102862,AS20262,Abril Asensio Girona,51,HOGAR,Tarragona,correduria,2024-07-15,,259.28,300,False
POL102863,AS20263,Prudencia Ferrer Bonilla,44,HOGAR,Zaragoza,correduria,2022-10-10,,293.02,300,False
POL102864,AS20264,Matías Cervera Parejo,38,SALUD,Valencia,online,2023-09-03,,813.56,0,False
POL102865,AS20265,Bárbara Huguet Fortuny,43,AUTO,Cantabria,online,2023-06-23,,425.56,600,False
POL102866,AS20266,Macarena Ramis-Lladó,18,HOGAR,Tarragona,agente,2021-07-02,,148.86,300,False
POL102867,AS20267,Dani Aragón Galiano,41,AUTO,Vizcaya,telefono,2024-07-17,,363.65,450,False
POL102868,AS20268,Amor Baquero Mayol,71,AUTO,Barcelona,online,2021-09-10,2022-02-05,487.03,450,True
POL102869,AS20269,María Cristina Flor Bonilla,31,AUTO,Barcelona,agente,2023-10-12,,542.08,150,False
POL102870,AS20270,Marcelo Esparza Cornejo,68,AUTO,Vizcaya,agente,2023-02-13,,319.66,600,False
POL102871,AS20271,Ramón Páez Pinedo,38,AUTO,Tarragona,correduria,2024-12-10,,397.88,150,False
POL102872,AS20272,Jacobo Gálvez Larrea,56,AUTO,Valencia,online,2022-04-01,,463.85,450,False
POL102873,AS20273,Isaura Alarcón Garay,71,HOGAR,Alicante,agente,2024-01-20,,312.97,150,False
POL102874,AS20274,Renata Fuente Pinilla,54,AUTO,Cantabria,online,2021-06-30,,438.03,300,False
POL102875,AS20275,Mireia Julián Gálvez,18,AUTO,Vizcaya,agente,2023-04-13,,421.09,600,False
POL102876,AS20276,Cleto Jover Cortina,24,AUTO,Valencia,correduria,2024-06-09,,334.25,450,False
POL102877,AS20277,Socorro Cañas Contreras,74,SALUD,Lleida,agente,2022-07-10,,795.65,0,False
POL102878,AS20278,Palmira Noemí Duque Ferrándiz,31,AUTO,A Coruna,online,2022-05-09,,365.69,300,False
POL102879,AS20279,Mar de Fuente,75,AUTO,A Coruna,correduria,2022-03-25,,429.09,600,False
POL102880,AS20280,Lucía Cabrera Benítez,65,AUTO,Girona,agente,2023-11-06,,502.28,300,False
POL102881,AS20281,Jeremías Ferrer,79,HOGAR,Malaga,correduria,2022-03-21,,370.74,0,False
POL102882,AS20282,Lorenza Zabaleta,57,AUTO,Asturias,correduria,2023-12-31,,404.8,450,False
POL102883,AS20283,Angelita Verdugo Uriarte,18,HOGAR,Valencia,agente,2021-08-25,,232.86,0,False
POL102884,AS20284,Feliciana Zaragoza Carlos,79,HOGAR,Malaga,online,2021-06-20,,320.25,150,False
POL102885,AS20285,Anita Alvarado-Chaparro,84,AUTO,Girona,agente,2023-04-29,,464.54,300,False
POL102886,AS20286,Anabel Gomis España,84,VIDA,Cantabria,agente,2021-04-16,,366.32,0,False
POL102887,AS20287,Marisela Carrera-Ferrera,49,SALUD,A Coruna,online,2021-03-15,,1030.68,0,False
POL102888,AS20288,Virginia León Gordillo,41,AUTO,Cantabria,online,2024-08-18,,388.08,300,False
POL102889,AS20289,Rebeca Esteve Vicens,75,AUTO,Barcelona,agente,2022-10-23,,437.44,300,False
POL102890,AS20290,Amaya Aragón Bustos,25,HOGAR,Asturias,correduria,2021-12-22,,285.09,0,False
POL102891,AS20291,Albina del Rocamora,61,AUTO,Malaga,correduria,2021-08-06,2023-03-27,557.97,450,True
POL102892,AS20292,Reynaldo Romero Martin,63,VIDA,Vizcaya,agente,2023-01-20,,402.68,0,False
POL102893,AS20293,Javier Orozco,31,SALUD,Lleida,correduria,2021-08-10,2024-07-16,765.29,0,True
POL102894,AS20294,Cecilia Rodriguez Prieto,82,HOGAR,Baleares,agente,2023-09-18,,340.82,0,False
POL102895,AS20295,Macaria Paz-Rincón,22,HOGAR,Asturias,agente,2021-06-27,2021-10-21,262.68,300,True
POL102896,AS20296,Encarnacion España Pellicer,48,AUTO,Malaga,correduria,2021-07-01,,480.36,450,False
POL102897,AS20297,Genoveva Miralles Miró,56,HOGAR,Tarragona,correduria,2024-04-15,,272.19,300,False
POL102898,AS20298,Mayte Angulo Becerra,69,AUTO,Malaga,online,2022-05-22,,466.43,600,False
POL102899,AS20299,Enrique Pellicer-Anaya,19,AUTO,Lleida,online,2021-10-28,,442.28,600,False
POL102900,AS20300,Joaquina Andrés Clavero,63,SALUD,Lleida,correduria,2024-02-05,2026-01-31,934.45,0,True
POL102901,AS20301,Cristian Víctor Rico Valverde,77,AUTO,Alicante,online,2024-06-03,,283.32,600,False
POL102902,AS20302,Paloma Blasco Salinas,60,VIDA,Tarragona,telefono,2022-02-28,,356.62,0,False
POL102903,AS20303,Olga Reina Torre,55,AUTO,Sevilla,agente,2024-07-18,,384.85,600,False
POL102904,AS20304,Tiburcio Alfaro Ugarte,43,VIDA,Cantabria,correduria,2023-09-29,,297.79,0,False
POL102905,AS20305,Ricardo Abad Salas,77,AUTO,Malaga,online,2022-03-21,,373.59,300,False
POL102906,AS20306,Yaiza Lobo Frías,26,AUTO,A Coruna,online,2024-02-01,,279.56,300,False
POL102907,AS20307,Horacio Vila,69,AUTO,Malaga,correduria,2022-09-07,,466.58,450,False
POL102908,AS20308,Leoncio Carpio Espejo,81,HOGAR,Sevilla,telefono,2021-08-25,,411.78,0,False
POL102909,AS20309,Che Cerezo Montes,77,AUTO,Tarragona,agente,2023-03-19,,505.9,450,False
POL102910,AS20310,Clementina Villalba,36,AUTO,Madrid,agente,2021-04-21,,495.39,300,False
POL102911,AS20311,Sancho Elorza Cuéllar,63,HOGAR,Vizcaya,correduria,2021-12-08,,263.85,150,False
POL102912,AS20312,Iván Núñez Juan,30,HOGAR,Tarragona,agente,2021-09-26,,294.88,300,False
POL102913,AS20313,Custodia Alberola Lara,75,AUTO,Tarragona,online,2023-03-03,2024-03-30,443.93,600,True
POL102914,AS20314,Teresa Valencia Armas,60,HOGAR,Asturias,agente,2023-01-25,,323.4,300,False
POL102915,AS20315,Silvio del Mata,29,HOGAR,Lleida,agente,2024-07-29,,251.3,150,False
POL102916,AS20316,Teodora Jódar-Duque,26,VIDA,Malaga,agente,2023-04-27,,247.74,0,False
POL102917,AS20317,Hortensia Fátima Seguí Sanz,53,VIDA,Alicante,agente,2022-08-08,,365.92,0,False
POL102918,AS20318,Teresa Encarnacion Gomila Colom,56,AUTO,Zaragoza,agente,2024-09-02,,452.23,300,False
POL102919,AS20319,Constanza Román Torre,28,HOGAR,Madrid,agente,2024-09-18,,183.26,0,False
POL102920,AS20320,Eugenia Blázquez Landa,73,AUTO,A Coruna,correduria,2021-09-17,,512.58,600,False
POL102921,AS20321,Luis Maximiliano Rebollo Silva,21,AUTO,Baleares,online,2022-03-25,2024-02-10,395.09,150,True
POL102922,AS20322,León Cazorla Oller,22,HOGAR,Baleares,agente,2023-04-20,,226.3,150,False
POL102923,AS20323,Dolores José Hierro Moreno,22,HOGAR,Baleares,correduria,2024-12-01,,227.26,0,False
POL102924,AS20324,Mario Barral-Pujol,52,AUTO,Barcelona,telefono,2022-09-20,,221.45,150,False
POL102925,AS20325,Aroa Heredia Sanchez,43,VIDA,Zaragoza,correduria,2024-01-07,,318.95,0,False
POL102926,AS20326,Blanca Arteaga Bru,36,SALUD,Madrid,agente,2021-04-17,2022-02-22,576.64,0,True
POL102927,AS20327,Isaías de Redondo,63,AUTO,Alicante,agente,2024-08-30,,478.24,150,False
POL102928,AS20328,Gilberto Romeu Abellán,68,AUTO,Tarragona,online,2021-10-03,,391.97,600,False
POL102929,AS20329,Fito Terrón Juan,45,AUTO,A Coruna,correduria,2021-02-27,2022-11-25,499.21,600,True
POL102930,AS20330,Ildefonso Manrique Castañeda,41,VIDA,Girona,online,2021-06-20,,271.49,0,False
POL102931,AS20331,Dora Roberta Valencia Duque,40,AUTO,Barcelona,agente,2022-11-23,,546.34,300,False
POL102932,AS20332,Chuy Pujadas-Colom,60,VIDA,Alicante,telefono,2024-02-27,2027-01-30,389.48,0,True
POL102933,AS20333,Nidia Guardiola Sobrino,78,AUTO,Zaragoza,correduria,2023-03-02,,354.95,150,False
POL102934,AS20334,Sosimo Alba Artigas,52,AUTO,Sevilla,correduria,2024-07-12,,461.73,450,False
POL102935,AS20335,Cecilia Rivas Seguí,64,SALUD,Baleares,online,2024-07-19,,1022.49,0,False
POL102936,AS20336,Leopoldo Luján Río,59,VIDA,Cantabria,agente,2024-07-11,,361.37,0,False
POL102937,AS20337,Itziar Goicoechea-Girona,25,AUTO,Alicante,correduria,2024-03-22,,277.78,600,False
POL102938,AS20338,Raimundo Reina Ferreras,38,AUTO,Alicante,agente,2024-12-04,,405.96,450,False
POL102939,AS20339,Amílcar Eustaquio Escalona Pacheco,46,HOGAR,Tarragona,agente,2023-06-02,,290.74,0,False
POL102940,AS20340,Macario de Lara,82,HOGAR,Girona,agente,2021-03-03,,369.17,300,False
POL102941,AS20341,Abilio Lastra-Benavente,58,VIDA,Sevilla,agente,2024-07-14,2027-05-20,306.83,0,True
POL102942,AS20342,Jenaro Franco Clemente,59,HOGAR,Madrid,correduria,2021-09-19,,317.48,150,False
POL102943,AS20343,Lorenzo Valle-Pera,69,AUTO,Cantabria,correduria,2024-02-09,,487.73,450,False
POL102944,AS20344,Trinidad Robledo Campoy,40,AUTO,Zaragoza,agente,2022-06-05,,491.69,150,False
POL102945,AS20345,Jesús Llano,43,AUTO,Baleares,agente,2021-08-23,,519.6,450,False
POL102946,AS20346,Hilda Herranz Cerdán,50,AUTO,Madrid,online,2023-09-12,,452.37,600,False
POL102947,AS20347,Sebastián Toledo Domingo,57,AUTO,A Coruna,agente,2024-04-06,,521.23,450,False
POL102948,AS20348,Sandra Fuster Ros,56,HOGAR,Tarragona,agente,2024-07-11,,241.32,300,False
POL102949,AS20349,Paca Villegas Verdugo,58,SALUD,Asturias,agente,2021-08-21,,721.27,0,False
POL102950,AS20350,Belen Mata Reina,29,VIDA,Sevilla,agente,2023-11-11,,308.24,0,False
POL102951,AS20351,Olga del Saez,72,AUTO,Asturias,agente,2022-07-09,,402.55,300,False
POL102952,AS20352,Charo Galiano Mesa,57,VIDA,Vizcaya,correduria,2021-02-09,,277.88,0,False
POL102953,AS20353,Paulina Sainz Alfonso,28,AUTO,Girona,agente,2023-09-10,,377.1,300,False
POL102954,AS20354,Eliseo Rios Fuente,56,VIDA,Cantabria,agente,2022-09-08,,379.53,0,False
POL102955,AS20355,María Fernanda Sotelo Aparicio,31,AUTO,Lleida,online,2023-11-20,,368.76,450,False
POL102956,AS20356,Pascual Hurtado Oliva,31,HOGAR,A Coruna,online,2021-06-07,,318.53,0,False
POL102957,AS20357,Sonia Carnero,20,AUTO,Asturias,online,2024-03-19,2026-05-26,447.79,150,True
POL102958,AS20358,Olivia Palomo Llano,48,HOGAR,Barcelona,online,2023-11-12,,215.59,150,False
POL102959,AS20359,Isaac Mir Pavón,54,SALUD,Lleida,agente,2024-02-29,2025-10-11,756.6,0,True
POL102960,AS20360,Marciano del Chaves,55,VIDA,Tarragona,agente,2022-02-11,,333.6,0,False
POL102961,AS20361,Nazario Cañellas Casado,34,AUTO,Lleida,online,2024-08-23,,304.97,450,False
POL102962,AS20362,Cruz Suárez Poza,66,AUTO,Asturias,correduria,2022-01-16,,477.27,150,False
POL102963,AS20363,Chelo Pozuelo Juliá,59,HOGAR,Vizcaya,agente,2022-12-30,,265.69,0,False
POL102964,AS20364,Anunciación Agustí Lillo,74,HOGAR,Sevilla,telefono,2024-07-08,,273.14,0,False
POL102965,AS20365,Calista de Gual,78,SALUD,Girona,telefono,2023-09-21,,885.56,0,False
POL102966,AS20366,Benjamín Requena Fabregat,66,VIDA,Valencia,agente,2024-09-27,,344.79,0,False
POL102967,AS20367,Montserrat Ariño Amores,34,VIDA,Alicante,online,2024-11-17,,324.09,0,False
POL102968,AS20368,Ani Páez-Blazquez,49,HOGAR,A Coruna,telefono,2024-11-06,,308.22,300,False
POL102969,AS20369,Elena Manjón,82,AUTO,Alicante,online,2022-04-23,,478.29,300,False
POL102970,AS20370,Nieves Pareja Montero,24,SALUD,A Coruna,correduria,2022-04-06,,579.27,0,False
POL102971,AS20371,Abel Barriga Garrido,59,AUTO,Vizcaya,agente,2021-12-29,2024-10-17,460.89,450,True
POL102972,AS20372,Evaristo Fonseca,39,HOGAR,Madrid,agente,2024-04-28,,355.11,0,False
POL102973,AS20373,Encarna Acevedo,67,HOGAR,Sevilla,correduria,2022-02-01,,227.8,150,False
POL102974,AS20374,Anunciación Godoy Bautista,61,HOGAR,Valencia,agente,2024-05-22,,253.65,150,False
POL102975,AS20375,Amando Vito Verdugo Benitez,35,HOGAR,Barcelona,online,2023-11-04,,238.59,150,False
POL102976,AS20376,Diana Posada,81,HOGAR,Cantabria,agente,2024-01-19,2025-04-16,263.69,0,True
POL102977,AS20377,Araceli Juliana Lledó Ayala,70,AUTO,A Coruna,agente,2021-10-07,,522.8,150,False
POL102978,AS20378,Reinaldo Mateo,36,VIDA,Cantabria,correduria,2021-05-12,,287.97,0,False
POL102979,AS20379,Rufina Perea Hoz,18,HOGAR,Girona,online,2024-01-10,,256.97,0,False
POL102980,AS20380,Benjamín Cristóbal Tello Vélez,33,AUTO,Tarragona,agente,2023-10-31,,435.49,600,False
POL102981,AS20381,Juana Suárez-Marin,77,HOGAR,Baleares,telefono,2022-08-04,,349.53,300,False
POL102982,AS20382,Eligio Cózar Pou,46,AUTO,Zaragoza,agente,2024-10-03,,287.61,450,False
POL102983,AS20383,Santiago Lillo Macías,69,HOGAR,Tarragona,correduria,2024-11-12,,333.34,300,False
POL102984,AS20384,Soledad Roman Fuente,68,HOGAR,Malaga,online,2021-03-02,,306.5,150,False
POL102985,AS20385,Tristán Arrieta Fabra,35,AUTO,Malaga,telefono,2022-10-21,,385.12,600,False
POL102986,AS20386,Cosme Martorell Olivera,35,AUTO,Tarragona,correduria,2021-09-13,,458.61,300,False
POL102987,AS20387,Samuel Kike Morales Zamora,69,AUTO,A Coruna,agente,2021-03-29,2023-03-21,544.15,450,True
POL102988,AS20388,Jacinta Pedrero Coello,68,HOGAR,Valencia,telefono,2024-10-16,,268.25,300,False
POL102989,AS20389,Prudencio Ignacio Dueñas Checa,84,AUTO,Sevilla,agente,2021-11-24,,554.26,300,False
POL102990,AS20390,José Antonio Márquez Osuna,78,AUTO,Sevilla,agente,2021-08-27,,312.41,600,False
POL102991,AS20391,Adelia Piquer Leiva,67,AUTO,Valencia,agente,2023-11-06,2025-09-14,529.05,600,True
POL102992,AS20392,Felipa Chita Cardona Jimenez,45,HOGAR,Cantabria,online,2021-04-26,2021-10-17,254.23,300,True
POL102993,AS20393,Marcio Alcaraz Carrión,21,SALUD,Vizcaya,correduria,2021-11-30,,612.31,0,False
POL102994,AS20394,Mateo del Sanabria,18,HOGAR,Baleares,online,2024-09-07,,158.77,300,False
POL102995,AS20395,Guiomar Rojas-Barrera,49,SALUD,Asturias,online,2022-04-23,,677.96,0,False
POL102996,AS20396,Jose Manuel Font Galán,69,HOGAR,Asturias,agente,2022-11-01,,201.06,0,False
POL102997,AS20397,Fausto Chaves-Valero,84,VIDA,A Coruna,telefono,2021-10-28,,462.85,0,False
POL102998,AS20398,Patricia Emiliana Peñalver Vigil,39,HOGAR,Alicante,online,2023-04-22,,271.83,150,False
POL102999,AS20399,Sonia Zabaleta,72,VIDA,Barcelona,agente,2024-05-09,,260.64,0,False
