poliza_id,edad_conductor,antiguedad_carnet,tipo_vehiculo,antiguedad_vehiculo,potencia_cv,uso,km_anuales,provincia,canal_venta,forma_pago,num_siniestros_3_anios,antiguedad_poliza_meses,recibo_impagado_alguna_vez,prima_anual,anulada
AUTO304704,52,29,turismo,11,143.0,particular,17994,Sevilla,correduria,mensual,0,61,False,407.03,False
AUTO300525,57,39,turismo,6,203.0,particular,15379,Madrid,agente,mensual,0,139,False,474.23,False
AUTO302973,25,4,turismo,13,169.0,mixto,32391,Sevilla,online,anual,0,72,False,452.56,False
AUTO303230,71,47,furgoneta,17,199.0,particular,39756,Baleares,telefono,mensual,0,52,False,475.06,True
AUTO303183,55,36,moto,11,130.0,particular,16763,Malaga,online,mensual,0,48,False,392.69,False
AUTO300265,66,42,turismo,18,175.0,particular,14690,Alicante,correduria,anual,0,65,False,440.2,False
AUTO302600,64,42,moto,5,173.0,particular,32860,Vizcaya,telefono,mensual,0,143,False,354.12,False
AUTO302031,44,20,turismo,3,97.0,particular,2871,Valencia,agente,mensual,0,101,False,363.53,False
AUTO301021,42,23,turismo,16,216.0,particular,23658,Tarragona,online,mensual,1,67,False,621.95,False
AUTO303310,23,2,turismo,15,136.0,particular,29241,Malaga,telefono,mensual,1,93,False,527.2,False
AUTO300033,35,17,todoterreno,17,122.0,particular,27387,Madrid,telefono,anual,0,130,True,330.27,True
AUTO300849,79,61,turismo,3,133.0,particular,11095,Sevilla,correduria,anual,1,157,False,391.61,False
AUTO302567,18,0,turismo,8,206.0,particular,28546,Vizcaya,telefono,anual,1,165,True,601.45,False
AUTO300022,25,6,turismo,3,171.0,particular,9361,Baleares,online,mensual,0,166,False,437.65,False
AUTO303220,25,3,turismo,1,71.0,particular,6294,Madrid,agente,mensual,0,141,False,198.64,False
AUTO300071,29,5,turismo,4,217.0,particular,25835,Cantabria,correduria,mensual,0,151,False,482.88,False
AUTO301517,61,38,turismo,12,117.0,mixto,39891,Cantabria,agente,mensual,0,126,False,283.15,False
AUTO300796,53,32,turismo,6,212.0,particular,4612,Zaragoza,correduria,anual,0,39,False,448.02,False
AUTO301024,28,6,turismo,11,217.0,particular,8140,Madrid,online,anual,0,7,False,461.17,False
AUTO303829,49,25,turismo,16,229.0,particular,14062,Cantabria,telefono,anual,0,141,False,445.24,True
AUTO303605,38,18,turismo,19,276.0,particular,3036,Lleida,agente,mensual,2,11,False,792.66,False
AUTO304745,20,0,furgoneta,12,287.0,mixto,30937,Madrid,correduria,anual,0,34,False,573.2,False
AUTO304572,68,49,moto,7,74.0,particular,21412,Barcelona,online,mensual,0,30,False,224.25,False
AUTO302104,27,4,turismo,12,158.0,mixto,6133,Baleares,online,mensual,0,77,False,521.34,False
AUTO301716,20,2,turismo,13,184.0,particular,2702,Asturias,agente,anual,0,80,False,530.48,False
AUTO304684,52,33,moto,10,94.0,particular,35827,Tarragona,telefono,anual,0,69,False,345.08,False
AUTO300289,67,49,turismo,4,243.0,mixto,31963,Asturias,online,anual,0,33,True,432.11,False
AUTO302853,51,31,turismo,17,191.0,mixto,11993,Cantabria,telefono,mensual,1,112,False,487.2,False
AUTO304475,51,33,turismo,13,190.0,particular,15046,Alicante,agente,mensual,0,162,False,418.34,False
AUTO302388,19,0,moto,3,137.0,particular,18507,Baleares,telefono,anual,1,170,True,549.41,False
AUTO304605,23,2,turismo,18,60.0,particular,39699,Cantabria,agente,mensual,2,53,False,578.6,True
AUTO302792,52,34,turismo,3,105.0,mixto,6225,Cantabria,telefono,mensual,1,15,False,449.77,True
AUTO301183,49,25,turismo,12,147.0,mixto,32383,Tarragona,telefono,mensual,0,36,False,368.43,False
AUTO302662,21,1,turismo,1,197.0,particular,13697,Girona,online,mensual,0,137,False,402.45,False
AUTO303392,21,0,furgoneta,9,160.0,particular,33351,Sevilla,agente,mensual,1,132,True,555.84,False
AUTO301935,54,30,furgoneta,8,108.0,particular,4699,Baleares,correduria,mensual,0,15,False,348.77,False
AUTO304679,54,33,todoterreno,8,133.0,particular,38241,Baleares,agente,anual,1,175,False,383.68,False
AUTO300603,47,24,turismo,15,73.0,particular,6795,Valencia,telefono,mensual,0,175,False,308.07,False
AUTO300864,59,35,moto,13,129.0,particular,39021,Vizcaya,telefono,mensual,1,14,False,422.77,False
AUTO304842,24,5,turismo,11,244.0,particular,22709,Cantabria,telefono,mensual,0,150,False,525.09,False
AUTO302291,30,9,turismo,13,185.0,particular,33407,Tarragona,agente,mensual,0,11,False,461.96,False
AUTO304450,23,4,todoterreno,11,128.0,particular,21898,A Coruna,correduria,anual,0,170,False,322.39,False
AUTO303442,18,0,turismo,12,65.0,particular,9402,Zaragoza,online,mensual,1,107,False,377.23,False
AUTO301915,54,31,turismo,17,262.0,particular,27820,Valencia,correduria,mensual,2,12,False,717.83,False
AUTO300400,68,49,turismo,2,231.0,particular,30687,Sevilla,online,mensual,0,145,False,452.72,True
AUTO301292,22,0,turismo,11,226.0,mixto,7966,Tarragona,agente,anual,0,154,False,545.59,False
AUTO304391,60,40,moto,14,240.0,particular,5967,Asturias,online,mensual,0,69,False,422.29,False
AUTO301505,54,31,moto,2,285.0,particular,29498,Valencia,telefono,anual,0,115,False,528.92,True
AUTO304400,58,35,turismo,0,84.0,mixto,36303,Madrid,correduria,mensual,0,20,False,267.31,False
AUTO301174,53,32,moto,15,248.0,mixto,15020,Baleares,online,anual,0,71,False,547.91,False
AUTO301353,71,52,turismo,14,152.0,particular,9552,Sevilla,telefono,anual,1,34,False,437.49,False
AUTO303631,61,38,moto,18,63.0,particular,5480,Tarragona,correduria,mensual,1,23,False,373.23,False
AUTO303620,66,43,turismo,19,220.0,mixto,24147,Malaga,agente,mensual,1,75,False,567.01,False
AUTO302481,63,40,turismo,6,167.0,particular,32495,Lleida,correduria,mensual,0,18,False,390.14,False
AUTO301429,49,30,turismo,17,238.0,particular,19968,Zaragoza,telefono,mensual,0,159,False,419.91,False
AUTO303912,72,48,turismo,14,74.0,particular,8753,Cantabria,agente,anual,0,109,False,334.25,False
AUTO302076,65,41,turismo,11,96.0,particular,32205,Alicante,agente,mensual,0,114,False,313.55,True
AUTO301836,51,29,turismo,18,146.0,particular,3045,Zaragoza,telefono,anual,0,2,False,345.07,False
AUTO302891,62,38,turismo,18,271.0,particular,22814,Madrid,telefono,anual,0,134,False,473.92,False
AUTO302296,26,4,turismo,4,192.0,particular,14528,Zaragoza,online,mensual,0,83,False,442.32,False
AUTO301953,60,39,turismo,15,155.0,particular,15601,Alicante,online,mensual,0,10,False,434.0,False
AUTO303989,27,4,turismo,14,118.0,particular,16592,Barcelona,online,mensual,1,68,False,519.69,False
AUTO300346,53,32,turismo,1,93.0,mixto,3551,A Coruna,online,anual,1,16,False,435.83,False
AUTO304170,29,9,turismo,3,189.0,particular,39995,Asturias,correduria,mensual,0,147,False,380.96,False
AUTO300751,49,27,todoterreno,6,200.0,particular,3739,Lleida,correduria,mensual,0,67,False,517.7,False
AUTO300303,64,43,turismo,0,152.0,particular,6997,Vizcaya,agente,anual,0,164,False,414.56,False
AUTO300240,37,14,turismo,17,146.0,mixto,26312,Vizcaya,correduria,mensual,0,19,True,394.78,False
AUTO304138,36,17,turismo,0,121.0,particular,35834,Baleares,correduria,anual,1,178,False,391.63,False
AUTO304156,49,26,todoterreno,15,206.0,particular,36233,Sevilla,online,mensual,0,163,True,444.95,False
AUTO302834,23,1,furgoneta,4,171.0,particular,27989,Sevilla,online,mensual,1,2,False,555.47,False
AUTO301448,20,0,turismo,8,114.0,particular,7016,Zaragoza,agente,anual,1,132,True,550.98,True
AUTO300529,26,2,furgoneta,10,225.0,particular,18369,Vizcaya,telefono,anual,0,55,False,500.27,False
AUTO303510,54,35,turismo,3,83.0,mixto,25058,Tarragona,agente,mensual,0,70,False,303.47,False
AUTO300887,74,56,todoterreno,5,179.0,particular,25318,Alicante,telefono,mensual,0,46,False,348.06,False
AUTO301804,70,52,turismo,3,187.0,mixto,26595,Cantabria,telefono,anual,0,17,False,344.02,False
AUTO300220,55,33,furgoneta,17,217.0,particular,34191,Malaga,online,anual,0,76,False,461.42,False
AUTO302766,33,9,turismo,8,155.0,particular,27474,Barcelona,telefono,anual,0,147,False,438.97,False
AUTO300672,33,15,turismo,15,62.0,particular,24097,Valencia,correduria,anual,2,9,False,544.64,False
AUTO300426,59,38,turismo,2,82.0,particular,28517,Tarragona,telefono,anual,1,78,False,379.95,False
AUTO304601,59,40,turismo,19,141.0,particular,10643,Sevilla,agente,mensual,1,172,False,502.55,False
AUTO304208,70,47,todoterreno,19,163.0,particular,13737,Tarragona,agente,mensual,1,123,False,571.17,False
AUTO301965,40,18,turismo,16,,particular,28508,Cantabria,telefono,mensual,0,173,False,344.22,False
AUTO303275,53,31,turismo,4,279.0,particular,10058,Vizcaya,agente,anual,0,10,False,452.36,False
AUTO304190,38,16,turismo,5,233.0,particular,4303,Alicante,correduria,mensual,0,25,False,487.3,False
AUTO301045,55,31,turismo,6,223.0,particular,37317,Alicante,telefono,mensual,1,72,False,485.03,False
AUTO301216,59,35,turismo,1,250.0,particular,9030,Zaragoza,telefono,mensual,0,115,False,444.6,False
AUTO302094,48,25,moto,0,137.0,particular,15113,Girona,online,mensual,0,150,True,370.55,False
AUTO300292,43,24,moto,15,246.0,particular,35651,A Coruna,agente,mensual,1,100,False,621.15,False
AUTO303896,32,12,turismo,16,186.0,particular,39449,Lleida,agente,mensual,0,87,False,464.33,False
AUTO303657,62,39,turismo,16,167.0,mixto,17092,A Coruna,telefono,mensual,1,6,False,519.99,False
AUTO303982,33,10,todoterreno,13,196.0,particular,34237,Cantabria,telefono,mensual,1,171,False,575.95,False
AUTO302657,57,35,turismo,1,85.0,particular,20554,Barcelona,telefono,mensual,0,122,False,216.38,False
AUTO304435,53,35,turismo,5,238.0,particular,16513,Valencia,correduria,anual,0,46,False,471.81,False
AUTO304916,72,54,todoterreno,2,183.0,mixto,22357,Asturias,agente,anual,0,136,False,301.16,False
AUTO302573,66,46,turismo,12,85.0,particular,30642,A Coruna,correduria,mensual,0,130,False,293.62,False
AUTO302202,62,39,turismo,3,113.0,particular,34045,Cantabria,agente,mensual,2,76,False,461.52,False
AUTO303807,46,26,turismo,19,247.0,particular,11462,Alicante,agente,mensual,0,151,False,467.8,True
AUTO304445,64,44,turismo,13,98.0,particular,36791,Vizcaya,correduria,anual,1,28,False,429.61,False
AUTO300739,37,18,turismo,17,94.0,particular,16699,Tarragona,correduria,anual,0,73,False,407.48,False
AUTO301906,56,38,moto,4,135.0,particular,39598,Asturias,online,anual,0,106,False,301.73,False
AUTO304649,25,7,turismo,0,209.0,particular,4276,Barcelona,agente,anual,0,58,False,438.18,False
AUTO304258,52,29,turismo,6,159.0,particular,23342,Alicante,online,anual,1,15,False,607.15,True
AUTO304476,77,55,turismo,18,134.0,particular,7123,Tarragona,online,anual,1,2,True,431.46,False
AUTO300941,47,27,turismo,0,,mixto,24784,Valencia,online,mensual,0,121,False,389.25,False
AUTO301610,77,57,todoterreno,3,271.0,particular,26215,Lleida,correduria,mensual,0,150,False,468.86,False
AUTO300859,18,0,turismo,5,73.0,particular,31373,Zaragoza,correduria,mensual,0,133,False,362.72,False
AUTO303994,46,27,turismo,13,183.0,particular,25742,Malaga,telefono,mensual,0,153,False,462.97,False
AUTO300749,49,30,furgoneta,18,249.0,particular,36432,Alicante,correduria,mensual,0,86,False,543.8,True
AUTO303780,52,33,turismo,1,242.0,mixto,15762,Tarragona,telefono,mensual,1,37,False,586.24,False
AUTO303704,70,51,turismo,0,223.0,mixto,24763,Vizcaya,telefono,mensual,0,82,False,417.8,False
AUTO303551,39,18,turismo,18,283.0,particular,27539,Vizcaya,correduria,anual,0,128,False,614.28,False
AUTO302467,73,49,turismo,10,205.0,particular,24637,Barcelona,online,mensual,0,12,False,389.59,False
AUTO300060,72,48,furgoneta,18,134.0,mixto,14788,Barcelona,correduria,anual,0,73,False,346.31,False
AUTO300234,50,32,todoterreno,7,249.0,particular,30926,Malaga,telefono,anual,0,176,False,498.17,False
AUTO304883,21,1,turismo,8,180.0,particular,10539,Alicante,online,mensual,0,85,False,484.55,False
AUTO301725,24,2,todoterreno,9,69.0,particular,15745,Valencia,correduria,mensual,1,92,False,455.36,False
AUTO301638,39,20,moto,2,241.0,mixto,26922,Tarragona,online,mensual,0,5,False,541.99,False
AUTO304042,32,13,turismo,0,223.0,particular,27340,Barcelona,telefono,anual,0,68,False,496.5,True
AUTO303889,22,0,turismo,0,127.0,particular,2254,Cantabria,telefono,mensual,0,41,False,348.48,False
AUTO303295,36,15,moto,1,160.0,particular,20400,A Coruna,correduria,anual,1,116,False,529.21,False
AUTO300943,34,10,turismo,10,190.0,particular,35402,Alicante,telefono,anual,0,29,True,506.69,False
AUTO302038,75,57,turismo,18,273.0,mixto,12931,Tarragona,agente,mensual,0,125,True,553.29,False
AUTO304112,31,7,turismo,16,268.0,particular,27751,Alicante,telefono,mensual,0,55,False,600.15,False
AUTO300190,46,26,furgoneta,16,149.0,particular,37990,Barcelona,online,anual,0,52,False,466.96,False
AUTO302167,65,46,turismo,1,61.0,particular,13469,Madrid,agente,anual,1,2,False,338.01,False
AUTO300243,46,24,turismo,18,127.0,particular,2678,Zaragoza,online,anual,0,146,False,423.95,False
AUTO300738,27,8,furgoneta,14,274.0,particular,35654,Tarragona,online,anual,0,76,False,571.1,False
AUTO303644,43,20,turismo,14,127.0,particular,4655,Zaragoza,online,mensual,0,136,False,392.41,False
AUTO302197,65,47,todoterreno,5,132.0,particular,36448,Vizcaya,correduria,anual,1,165,False,434.44,False
AUTO301662,71,52,todoterreno,1,289.0,particular,12611,Barcelona,correduria,mensual,0,23,False,479.73,False
AUTO302621,71,52,furgoneta,15,293.0,mixto,19375,Madrid,telefono,mensual,2,68,False,726.44,True
AUTO301847,31,9,turismo,7,228.0,mixto,26152,Malaga,agente,mensual,0,51,False,465.93,False
AUTO304212,27,6,todoterreno,12,252.0,particular,9103,Vizcaya,telefono,anual,0,177,False,544.54,False
AUTO302844,77,53,moto,11,169.0,mixto,5911,Tarragona,online,mensual,0,79,False,456.71,False
AUTO300601,78,55,moto,3,63.0,particular,26096,Valencia,agente,mensual,0,74,False,252.58,False
AUTO303945,78,59,turismo,14,61.0,particular,9307,Baleares,agente,anual,0,24,False,247.17,False
AUTO301050,30,8,furgoneta,2,202.0,particular,33250,Cantabria,agente,anual,0,116,False,490.48,False
AUTO304998,38,19,todoterreno,1,255.0,mixto,21128,A Coruna,online,mensual,0,64,False,453.37,False
AUTO304463,66,42,moto,14,251.0,mixto,23647,Asturias,telefono,anual,1,129,False,586.36,False
AUTO300227,72,52,turismo,13,74.0,particular,19098,Alicante,agente,mensual,0,174,False,326.6,False
AUTO304976,28,6,turismo,0,287.0,mixto,34120,Malaga,online,mensual,0,54,True,518.66,False
AUTO304954,53,33,turismo,9,251.0,particular,20262,A Coruna,agente,mensual,0,27,False,520.58,False
AUTO303112,47,27,turismo,0,68.0,particular,2029,Vizcaya,telefono,anual,1,171,False,375.24,False
AUTO301889,32,8,todoterreno,16,68.0,particular,16332,Vizcaya,telefono,anual,2,141,False,526.27,False
AUTO304651,62,42,furgoneta,7,188.0,particular,25260,A Coruna,telefono,anual,1,22,False,494.32,True
AUTO300493,48,29,furgoneta,15,273.0,particular,33920,Alicante,correduria,anual,0,16,False,582.13,False
AUTO301009,78,57,turismo,2,92.0,particular,15232,Alicante,telefono,anual,1,79,False,299.11,False
AUTO300012,30,7,turismo,17,231.0,particular,29073,Malaga,agente,mensual,0,107,False,517.75,True
AUTO304984,69,49,turismo,17,265.0,mixto,2791,Valencia,online,mensual,0,92,False,526.7,False
AUTO300882,32,11,turismo,17,241.0,mixto,20001,Baleares,correduria,anual,0,131,False,503.54,False
AUTO303581,44,26,moto,10,216.0,particular,3245,Baleares,agente,anual,1,124,False,518.74,False
AUTO300631,33,14,turismo,7,231.0,mixto,22043,Lleida,agente,mensual,0,170,False,473.39,False
AUTO303418,59,40,turismo,3,62.0,particular,10476,A Coruna,agente,mensual,0,83,True,313.49,False
AUTO302231,30,11,turismo,13,282.0,particular,2357,Asturias,correduria,mensual,1,122,False,714.29,False
AUTO302182,46,25,todoterreno,18,248.0,particular,39229,Zaragoza,telefono,mensual,2,76,True,692.11,False
AUTO303053,73,50,turismo,12,189.0,particular,5071,Vizcaya,telefono,mensual,0,96,False,439.84,False
AUTO304404,56,36,turismo,11,233.0,mixto,35916,Girona,correduria,mensual,0,157,False,424.82,False
AUTO304098,32,9,turismo,13,136.0,particular,23027,Alicante,agente,mensual,0,30,False,413.88,False
AUTO302373,44,23,turismo,9,151.0,particular,16074,Lleida,online,mensual,0,49,True,420.0,False
AUTO304350,77,57,turismo,14,298.0,particular,18252,Girona,correduria,anual,0,31,False,516.45,False
AUTO300268,47,28,turismo,7,146.0,mixto,30030,Lleida,telefono,mensual,1,109,False,484.79,False
AUTO301307,42,21,turismo,5,293.0,mixto,17954,Girona,online,anual,0,110,False,619.67,False
AUTO300820,34,15,turismo,8,158.0,particular,5494,Valencia,agente,mensual,0,68,False,439.03,False
AUTO304581,58,38,turismo,16,214.0,particular,14700,Baleares,online,mensual,1,147,False,571.49,False
AUTO303921,49,25,turismo,5,253.0,particular,37598,Sevilla,telefono,anual,1,128,False,635.79,False
AUTO301758,71,49,todoterreno,3,168.0,particular,3578,Baleares,online,anual,0,80,False,326.3,False
AUTO301209,56,34,turismo,13,164.0,particular,27585,Barcelona,agente,anual,1,22,False,514.1,False
AUTO301729,67,45,turismo,16,186.0,mixto,31268,Valencia,correduria,mensual,1,134,True,489.17,False
AUTO301708,62,43,turismo,0,217.0,particular,37593,Zaragoza,correduria,mensual,0,120,False,457.69,False
AUTO301603,30,8,turismo,15,203.0,mixto,39754,Tarragona,telefono,anual,0,107,True,566.44,False
AUTO301001,70,47,turismo,6,256.0,mixto,4311,Baleares,agente,mensual,1,114,False,560.7,False
AUTO304356,25,6,moto,7,217.0,particular,24766,Malaga,online,anual,1,16,False,556.16,True
AUTO304050,49,27,furgoneta,11,263.0,particular,35457,Lleida,correduria,anual,1,124,False,639.2,False
AUTO301265,77,57,turismo,10,171.0,particular,7606,Zaragoza,correduria,mensual,0,167,False,328.03,False
AUTO300570,75,55,turismo,0,113.0,mixto,34111,Vizcaya,telefono,mensual,1,33,False,344.9,False
AUTO304049,63,44,turismo,6,187.0,particular,34118,Zaragoza,agente,anual,1,96,False,498.3,False
AUTO304292,63,40,turismo,5,295.0,particular,34307,Malaga,telefono,mensual,0,143,False,521.19,False
AUTO304399,75,56,turismo,15,139.0,mixto,8105,Madrid,agente,mensual,1,23,False,385.91,False
AUTO304668,74,52,moto,0,118.0,particular,4674,Girona,online,mensual,0,4,True,296.79,False
AUTO300029,55,31,moto,9,203.0,particular,27402,Baleares,correduria,anual,0,15,False,413.38,False
AUTO303911,36,12,furgoneta,6,241.0,particular,14054,Barcelona,online,anual,0,104,False,501.86,False
AUTO301233,78,55,turismo,18,171.0,particular,19581,Tarragona,agente,mensual,2,103,False,551.06,False
AUTO301614,67,43,moto,6,162.0,particular,27827,Madrid,online,anual,0,139,False,406.84,False
AUTO304346,38,17,moto,17,232.0,particular,34679,Alicante,telefono,mensual,0,111,False,528.76,False
AUTO304626,50,32,furgoneta,1,141.0,mixto,9934,Cantabria,correduria,mensual,1,11,False,384.47,False
AUTO300375,59,38,turismo,5,109.0,mixto,31482,Madrid,correduria,mensual,0,93,False,275.1,False
AUTO304608,66,46,turismo,6,102.0,particular,35556,Asturias,correduria,mensual,1,34,False,374.68,False
AUTO301688,39,19,todoterreno,16,270.0,mixto,31061,Girona,online,anual,0,24,False,564.02,False
AUTO304004,30,11,moto,7,242.0,particular,13317,Baleares,online,anual,0,149,False,575.42,False
AUTO302660,52,32,turismo,0,260.0,particular,27014,A Coruna,telefono,anual,0,50,False,475.46,False
AUTO301163,32,11,furgoneta,7,128.0,particular,12389,Alicante,agente,mensual,1,15,False,413.09,False
AUTO301734,76,53,turismo,19,263.0,particular,27638,Sevilla,telefono,mensual,1,174,True,584.34,True
AUTO304681,77,55,turismo,2,152.0,particular,7980,Sevilla,online,mensual,0,65,False,343.82,False
AUTO302406,73,51,furgoneta,7,202.0,particular,19768,Barcelona,agente,anual,0,56,False,336.76,False
AUTO300931,56,38,turismo,10,109.0,particular,34583,Asturias,agente,anual,1,100,False,340.46,False
AUTO303043,76,52,turismo,9,220.0,mixto,17357,Asturias,online,mensual,0,68,False,435.0,False
AUTO302924,50,32,turismo,13,278.0,particular,31866,Barcelona,correduria,mensual,2,97,False,745.61,False
AUTO301095,21,0,furgoneta,6,122.0,particular,39860,Barcelona,online,mensual,2,137,False,577.57,False
AUTO303086,71,47,turismo,5,287.0,particular,27726,A Coruna,agente,mensual,0,1,False,531.31,True
AUTO301420,58,37,turismo,12,138.0,particular,34476,Asturias,agente,anual,1,101,False,430.24,False
AUTO300298,52,30,turismo,5,131.0,particular,18840,Lleida,correduria,anual,1,26,False,388.54,False
AUTO300367,60,41,turismo,6,277.0,particular,5066,Tarragona,agente,mensual,0,101,True,519.05,False
AUTO302841,33,10,turismo,7,168.0,particular,31600,Lleida,correduria,mensual,1,63,False,544.65,False
AUTO302881,58,34,turismo,14,167.0,particular,27393,A Coruna,correduria,anual,0,5,False,425.86,False
AUTO302516,57,34,furgoneta,10,168.0,particular,10191,Madrid,correduria,mensual,0,92,False,371.99,False
AUTO301242,19,0,todoterreno,8,210.0,particular,5989,Girona,online,anual,0,31,False,465.28,False
AUTO302128,57,37,turismo,5,160.0,particular,33665,Baleares,telefono,mensual,0,58,False,444.52,False
AUTO303034,31,7,furgoneta,3,60.0,particular,12220,Tarragona,agente,anual,0,26,False,315.19,False
AUTO300877,31,13,turismo,5,216.0,particular,17408,Lleida,telefono,anual,0,13,False,481.79,False
AUTO304809,34,16,turismo,13,118.0,mixto,9785,Malaga,telefono,mensual,0,76,False,417.55,False
AUTO304522,41,19,furgoneta,17,129.0,particular,13802,Baleares,agente,mensual,0,136,False,368.87,False
AUTO301190,57,35,turismo,3,67.0,mixto,30817,Baleares,correduria,anual,0,97,False,309.91,False
AUTO303196,34,11,furgoneta,17,78.0,particular,27654,Cantabria,telefono,mensual,0,22,False,357.51,False
AUTO303479,33,11,todoterreno,9,,particular,6808,A Coruna,online,mensual,1,45,False,660.3,False
AUTO300001,42,18,turismo,2,229.0,particular,22567,Vizcaya,online,anual,0,5,False,428.69,False
AUTO303348,76,53,turismo,13,147.0,particular,25891,Sevilla,agente,mensual,0,143,False,326.58,False
AUTO302966,23,4,moto,17,104.0,particular,27958,Asturias,correduria,anual,0,46,False,353.63,False
AUTO302132,66,48,furgoneta,2,290.0,mixto,27044,Lleida,telefono,mensual,0,92,False,433.12,False
AUTO304474,33,14,moto,0,293.0,particular,31471,Tarragona,agente,mensual,0,10,False,587.31,False
AUTO303350,40,16,turismo,11,197.0,mixto,39173,Tarragona,correduria,anual,0,130,False,444.21,False
AUTO302162,52,33,furgoneta,16,149.0,mixto,37433,Madrid,agente,anual,0,44,False,439.22,False
AUTO303105,48,30,turismo,8,221.0,particular,14619,Sevilla,telefono,mensual,1,166,True,581.62,True
AUTO301062,48,28,turismo,18,190.0,mixto,19982,Zaragoza,telefono,mensual,0,138,False,477.63,False
AUTO303371,65,43,turismo,5,103.0,particular,34591,Cantabria,telefono,mensual,0,157,False,309.16,False
AUTO302632,53,33,moto,18,202.0,particular,2099,Baleares,online,mensual,0,1,False,525.92,False
AUTO303951,66,44,todoterreno,13,221.0,particular,33600,Cantabria,agente,mensual,0,63,False,398.09,False
AUTO301857,76,55,moto,3,144.0,mixto,28780,A Coruna,telefono,mensual,1,98,False,469.89,False
AUTO300665,47,26,turismo,8,93.0,particular,37966,Madrid,online,anual,0,73,False,333.16,False
AUTO300649,55,33,todoterreno,7,112.0,particular,28490,Lleida,correduria,mensual,0,80,False,366.01,False
AUTO302646,64,45,todoterreno,18,296.0,mixto,24088,Girona,telefono,anual,1,49,False,713.1,False
AUTO300014,20,0,todoterreno,5,110.0,particular,31464,Malaga,correduria,anual,0,65,True,411.29,False
AUTO300552,41,23,todoterreno,18,115.0,mixto,4147,Valencia,telefono,mensual,0,124,False,370.47,False
AUTO303285,55,32,todoterreno,17,202.0,mixto,4194,Valencia,online,anual,1,162,False,596.03,True
AUTO300878,75,52,turismo,16,173.0,particular,4794,Lleida,online,mensual,0,75,False,373.58,False
AUTO303476,35,12,turismo,8,286.0,particular,37288,Cantabria,telefono,mensual,0,125,True,577.8,False
AUTO303075,45,24,todoterreno,0,230.0,mixto,14479,Baleares,telefono,anual,0,97,False,471.02,False
AUTO302357,20,0,turismo,4,266.0,particular,28898,Barcelona,agente,mensual,0,55,True,579.63,False
AUTO300771,77,53,furgoneta,7,233.0,particular,35459,Tarragona,telefono,anual,1,46,False,550.81,False
AUTO302382,34,12,moto,14,299.0,particular,9775,Vizcaya,correduria,anual,0,8,False,562.01,False
AUTO300590,78,56,turismo,5,178.0,particular,33356,Lleida,online,mensual,1,82,False,395.92,False
AUTO301480,72,50,turismo,0,109.0,particular,11566,Valencia,agente,mensual,1,141,False,377.79,False
AUTO304282,66,43,turismo,5,211.0,mixto,30034,Girona,agente,mensual,0,62,True,313.21,False
AUTO303602,38,17,moto,8,71.0,particular,39255,Tarragona,agente,mensual,0,93,False,392.18,False
AUTO304130,61,42,turismo,6,299.0,mixto,16666,Vizcaya,telefono,mensual,0,118,False,499.08,False
AUTO304539,27,8,moto,16,214.0,particular,5943,Malaga,agente,mensual,1,176,False,690.09,False
AUTO304078,50,29,turismo,15,178.0,particular,24583,Madrid,correduria,anual,1,110,False,437.78,False
AUTO302593,73,51,turismo,1,120.0,particular,2189,Barcelona,agente,anual,1,163,False,438.06,True
AUTO302845,66,47,turismo,17,221.0,particular,9227,Barcelona,telefono,mensual,0,151,False,447.04,False
AUTO303767,50,27,turismo,1,258.0,particular,9336,Cantabria,online,mensual,0,26,False,485.78,False
AUTO303472,62,39,turismo,9,69.0,particular,31793,Valencia,correduria,anual,1,130,False,349.86,False
AUTO303346,32,14,turismo,17,248.0,particular,24908,Girona,telefono,mensual,2,82,False,772.22,False
AUTO300275,47,27,moto,11,261.0,mixto,10890,Malaga,correduria,anual,1,34,False,690.53,False
AUTO300567,47,28,moto,14,88.0,particular,20355,A Coruna,agente,mensual,0,96,True,363.81,False
AUTO302399,53,29,turismo,19,215.0,particular,4465,Cantabria,telefono,anual,0,170,False,486.59,False
AUTO301252,30,8,furgoneta,6,111.0,particular,24964,Baleares,online,anual,0,130,False,350.54,True
AUTO301620,71,48,furgoneta,19,288.0,particular,2710,Malaga,correduria,mensual,0,35,False,556.42,False
AUTO301838,60,36,todoterreno,11,215.0,particular,22507,Baleares,correduria,mensual,0,149,False,415.57,False
AUTO301991,53,31,todoterreno,13,132.0,particular,30029,Vizcaya,telefono,anual,0,173,False,368.76,False
AUTO304128,56,38,turismo,11,224.0,particular,26377,Sevilla,correduria,mensual,1,35,False,539.97,False
AUTO301567,49,31,turismo,7,215.0,particular,25236,Tarragona,agente,mensual,0,150,True,460.34,True
AUTO304299,69,51,turismo,19,293.0,particular,11188,Alicante,agente,anual,0,36,False,528.78,False
AUTO304136,23,2,moto,1,111.0,mixto,2189,Cantabria,online,mensual,0,65,False,334.57,False
AUTO304274,49,27,moto,1,180.0,particular,27702,Baleares,online,mensual,0,32,False,421.19,False
AUTO301377,36,17,turismo,0,249.0,particular,4805,Vizcaya,telefono,anual,0,158,False,468.81,False
AUTO302261,40,20,furgoneta,14,205.0,particular,8164,Girona,agente,mensual,0,9,False,415.77,False
AUTO300305,31,9,turismo,11,91.0,mixto,27299,Girona,correduria,anual,0,54,False,313.45,True
AUTO301871,59,39,turismo,15,285.0,particular,16287,Barcelona,agente,anual,0,109,True,530.57,False
AUTO302209,49,25,turismo,6,266.0,particular,23673,Valencia,telefono,mensual,1,73,False,614.23,False
AUTO302505,37,18,moto,1,66.0,particular,27217,Baleares,agente,anual,1,150,False,358.36,False
AUTO303790,43,20,moto,3,84.0,particular,38351,Madrid,agente,mensual,0,178,False,326.77,False
AUTO303958,68,48,turismo,18,134.0,particular,23121,A Coruna,agente,anual,0,69,False,316.44,False
AUTO300388,62,43,turismo,12,205.0,particular,10019,A Coruna,agente,mensual,0,151,False,443.38,False
AUTO304816,48,25,furgoneta,10,140.0,particular,39736,Asturias,correduria,anual,1,122,False,482.99,False
AUTO304955,41,23,turismo,18,112.0,particular,33668,Barcelona,correduria,mensual,0,72,False,385.93,False
AUTO302330,62,41,furgoneta,1,95.0,particular,3198,Madrid,telefono,mensual,0,166,False,326.5,False
AUTO300269,65,46,turismo,3,155.0,particular,32633,Girona,online,mensual,0,56,False,433.97,False
AUTO304877,50,31,turismo,5,118.0,particular,18373,Girona,online,anual,1,96,True,457.96,False
AUTO304734,21,3,turismo,9,80.0,particular,16675,Vizcaya,agente,anual,0,149,False,403.59,False
AUTO303280,44,24,furgoneta,5,216.0,particular,9718,Girona,correduria,mensual,1,168,False,599.91,False
AUTO304421,60,37,turismo,17,172.0,particular,7036,Baleares,correduria,mensual,0,159,False,447.5,False
AUTO304629,53,32,turismo,7,224.0,particular,34640,Madrid,online,anual,0,92,True,447.91,False
AUTO301447,50,26,turismo,1,89.0,particular,24418,Cantabria,online,anual,0,168,False,348.97,False
AUTO301176,77,54,turismo,11,182.0,particular,19925,Valencia,online,anual,0,165,False,382.1,False
AUTO304924,44,23,turismo,18,169.0,particular,34327,Asturias,correduria,anual,0,145,False,443.67,False
AUTO302288,68,44,turismo,9,247.0,particular,34986,Madrid,telefono,mensual,0,160,False,452.69,False
AUTO302739,34,11,turismo,1,,particular,7001,Tarragona,online,anual,0,89,False,456.29,False
AUTO304891,59,41,todoterreno,12,103.0,particular,36061,Sevilla,agente,anual,0,27,False,277.48,False
AUTO302121,68,44,todoterreno,5,223.0,mixto,37074,Asturias,online,anual,1,82,False,507.96,False
AUTO300094,74,53,todoterreno,9,297.0,particular,2876,Asturias,online,mensual,0,140,False,572.1,False
AUTO300253,33,11,turismo,2,294.0,particular,28868,Barcelona,agente,mensual,0,33,False,507.61,False
AUTO300630,32,13,turismo,7,165.0,particular,3413,Asturias,online,mensual,0,74,False,445.42,False
AUTO304300,28,10,turismo,5,86.0,particular,3892,Cantabria,online,mensual,0,57,False,316.11,False
AUTO303074,39,15,moto,12,116.0,particular,10941,Sevilla,agente,anual,0,31,False,350.66,False
AUTO301617,68,46,turismo,14,151.0,particular,5095,Girona,agente,mensual,1,28,False,471.31,False
AUTO303716,44,26,turismo,2,66.0,particular,17918,Malaga,online,mensual,0,45,False,268.64,False
AUTO300581,69,45,turismo,17,170.0,particular,8068,Alicante,online,mensual,1,57,False,515.07,False
AUTO300566,28,7,turismo,2,243.0,particular,34837,Cantabria,telefono,anual,0,147,False,497.2,False
AUTO301709,26,7,turismo,3,275.0,particular,11067,Asturias,telefono,anual,0,157,False,600.65,False
AUTO303569,28,7,todoterreno,13,122.0,particular,4522,Alicante,correduria,anual,1,61,False,427.01,False
AUTO304768,30,7,moto,8,131.0,particular,5545,Lleida,online,mensual,0,29,False,372.29,False
AUTO302519,64,46,turismo,5,97.0,particular,16376,Zaragoza,agente,anual,1,64,False,433.89,False
AUTO304426,69,50,turismo,13,84.0,mixto,14046,A Coruna,agente,anual,1,86,False,338.68,False
AUTO302462,60,39,turismo,2,98.0,particular,21450,Lleida,agente,mensual,0,121,False,318.34,False
AUTO300089,32,9,turismo,6,157.0,particular,3033,Alicante,telefono,anual,0,13,True,368.63,True
AUTO300635,18,0,turismo,13,203.0,particular,30410,Zaragoza,correduria,anual,0,137,False,538.71,False
AUTO303693,66,48,todoterreno,4,145.0,particular,11855,Sevilla,telefono,mensual,0,99,False,367.31,False
AUTO301276,66,42,turismo,12,258.0,particular,27201,Lleida,online,mensual,0,113,False,478.25,False
AUTO304546,48,28,turismo,9,141.0,particular,30017,Tarragona,online,anual,0,176,False,432.02,False
AUTO302337,74,54,turismo,13,197.0,particular,36509,Zaragoza,agente,anual,1,159,False,476.76,False
AUTO303072,36,17,furgoneta,15,192.0,mixto,27260,A Coruna,correduria,mensual,1,54,False,533.53,False
AUTO302354,36,16,turismo,11,280.0,mixto,37787,Alicante,agente,mensual,0,63,False,597.47,False
AUTO304154,40,16,moto,10,121.0,particular,32276,Madrid,correduria,anual,1,99,False,540.26,False
AUTO301219,65,43,turismo,4,107.0,particular,33825,A Coruna,telefono,anual,0,109,False,334.43,False
AUTO304870,18,0,todoterreno,7,250.0,particular,24830,Asturias,telefono,mensual,0,165,False,540.68,False
AUTO302610,44,24,moto,19,255.0,mixto,4172,Lleida,correduria,mensual,2,69,False,689.29,False
AUTO301375,33,11,turismo,17,172.0,particular,15178,Vizcaya,telefono,anual,0,31,False,478.4,False
AUTO300172,27,9,moto,10,131.0,mixto,23781,Malaga,online,anual,0,86,False,412.55,False
AUTO300421,69,47,todoterreno,1,101.0,particular,16207,Lleida,telefono,mensual,0,114,False,258.47,False
AUTO301987,34,12,turismo,16,74.0,particular,22828,Malaga,agente,mensual,0,146,False,291.97,False
AUTO304835,50,27,todoterreno,15,289.0,particular,4126,Sevilla,telefono,mensual,0,114,False,532.4,False
AUTO304570,59,37,turismo,8,137.0,particular,17570,Tarragona,online,mensual,1,118,False,426.63,False
AUTO300653,60,39,turismo,13,147.0,particular,36892,Madrid,telefono,anual,0,18,False,413.12,False
AUTO300360,46,23,turismo,5,248.0,particular,5518,Barcelona,telefono,mensual,1,23,False,650.67,True
AUTO302459,25,4,moto,0,242.0,particular,27348,Alicante,agente,mensual,0,26,True,494.22,False
AUTO304164,59,40,turismo,16,96.0,particular,14978,Valencia,agente,mensual,0,73,False,316.62,False
AUTO302586,43,19,todoterreno,6,229.0,particular,28402,Vizcaya,correduria,anual,0,105,False,428.73,False
AUTO304615,79,58,furgoneta,7,296.0,mixto,9322,Baleares,online,anual,0,156,False,454.36,False
AUTO300123,44,21,turismo,3,239.0,particular,8467,Girona,agente,anual,1,10,False,622.63,False
AUTO304137,60,38,moto,15,154.0,particular,32804,Girona,agente,mensual,0,65,False,448.22,False
AUTO303296,79,56,moto,17,294.0,particular,18843,Barcelona,correduria,anual,0,170,False,527.46,False
AUTO304653,35,15,turismo,11,102.0,mixto,35473,Sevilla,agente,anual,0,173,False,331.38,False
AUTO301324,21,2,todoterreno,1,174.0,particular,15314,Vizcaya,online,anual,2,108,False,649.33,False
AUTO304439,52,28,turismo,14,83.0,particular,13862,Baleares,online,mensual,0,151,False,309.93,False
AUTO301966,56,35,furgoneta,11,213.0,particular,11673,Alicante,online,anual,2,163,False,598.88,False
AUTO302041,29,11,turismo,4,183.0,particular,34115,Malaga,agente,mensual,1,5,False,527.07,False
AUTO302170,18,0,moto,11,217.0,particular,24586,Baleares,correduria,anual,0,72,False,541.81,False
AUTO301473,22,0,turismo,3,194.0,particular,34602,Lleida,telefono,mensual,1,15,False,551.11,False
AUTO303894,32,9,furgoneta,5,199.0,mixto,38238,Asturias,online,anual,0,75,False,463.17,False
AUTO303550,43,23,turismo,10,200.0,particular,5611,Asturias,telefono,mensual,0,33,False,381.43,False
AUTO300681,54,33,turismo,8,179.0,particular,28693,Tarragona,online,mensual,0,7,True,465.28,False
AUTO300832,78,57,moto,12,189.0,particular,5343,Malaga,agente,mensual,1,29,False,482.89,False
AUTO303654,25,1,turismo,12,100.0,particular,9303,Lleida,online,mensual,0,41,False,412.47,False
AUTO303131,63,41,turismo,1,,particular,21338,A Coruna,online,mensual,0,11,False,438.57,False
AUTO303095,32,9,turismo,6,272.0,particular,21346,Asturias,telefono,mensual,0,169,False,516.63,False
AUTO304559,52,30,turismo,11,119.0,particular,37395,Barcelona,online,anual,0,97,False,271.19,False
AUTO300679,38,16,todoterreno,2,187.0,particular,25465,Valencia,online,anual,0,165,True,389.66,False
AUTO301712,67,43,turismo,12,297.0,particular,32430,Valencia,correduria,anual,0,66,False,445.11,False
AUTO302265,46,23,todoterreno,17,192.0,particular,32626,Baleares,agente,anual,0,4,False,485.39,False
AUTO300818,55,31,todoterreno,7,271.0,particular,9914,Malaga,online,anual,0,113,False,501.4,False
AUTO303610,31,9,turismo,15,112.0,particular,32409,Alicante,agente,mensual,0,150,False,443.93,False
AUTO302532,78,55,turismo,6,82.0,particular,36847,Sevilla,telefono,mensual,0,9,False,230.86,False
AUTO302410,52,33,moto,13,119.0,particular,32816,Vizcaya,agente,mensual,0,151,False,297.11,False
AUTO304183,25,4,turismo,16,118.0,particular,29395,Madrid,agente,anual,0,86,False,374.85,False
AUTO303006,61,43,moto,3,168.0,particular,27904,Malaga,correduria,mensual,1,47,False,469.89,True
AUTO302922,67,46,moto,4,81.0,particular,37561,A Coruna,agente,anual,0,146,False,256.73,False
AUTO303007,39,15,turismo,12,264.0,mixto,2265,Zaragoza,agente,mensual,0,73,False,536.24,False
AUTO303223,76,57,turismo,19,152.0,particular,19571,Tarragona,agente,anual,1,71,False,452.71,False
AUTO301756,24,2,furgoneta,11,64.0,mixto,14514,Malaga,agente,mensual,0,54,False,325.96,False
AUTO302340,66,45,turismo,6,268.0,particular,9561,Cantabria,agente,mensual,0,23,False,484.82,False
AUTO304026,30,7,todoterreno,3,226.0,mixto,24884,Tarragona,agente,mensual,0,90,True,481.78,False
AUTO301123,28,4,moto,11,201.0,particular,31678,Sevilla,telefono,mensual,0,105,False,469.55,False
AUTO301647,72,52,turismo,17,121.0,particular,17247,Cantabria,online,mensual,0,50,False,324.13,False
AUTO300293,60,36,moto,15,298.0,particular,32830,Vizcaya,online,mensual,1,128,False,642.37,False
AUTO300876,19,0,furgoneta,12,141.0,particular,36497,Barcelona,telefono,mensual,0,141,False,414.02,False
AUTO302450,58,34,turismo,14,79.0,particular,39625,Barcelona,agente,mensual,0,119,False,315.85,False
AUTO302045,36,17,todoterreno,16,161.0,particular,12722,Girona,correduria,anual,0,80,False,417.83,False
AUTO301868,74,53,turismo,2,64.0,particular,20672,Tarragona,correduria,mensual,0,76,False,277.18,False
AUTO302484,22,1,todoterreno,6,202.0,particular,33836,Valencia,online,mensual,0,33,False,423.46,False
AUTO301327,39,20,turismo,7,107.0,particular,17911,Malaga,correduria,mensual,0,177,False,340.84,False
AUTO301079,62,40,turismo,6,109.0,particular,18117,Sevilla,agente,mensual,0,4,True,336.57,False
AUTO304634,63,43,moto,18,215.0,particular,14325,Vizcaya,telefono,mensual,0,156,False,488.14,False
AUTO301528,41,20,moto,1,92.0,particular,19133,Barcelona,correduria,mensual,0,112,False,371.18,True
AUTO301489,61,37,turismo,3,146.0,particular,20795,Madrid,correduria,mensual,0,105,False,400.03,False
AUTO304273,27,4,turismo,0,176.0,particular,20507,Malaga,agente,anual,0,179,False,439.38,False
AUTO304204,38,15,turismo,16,239.0,particular,20974,Valencia,agente,anual,0,154,False,537.34,False
AUTO302371,53,34,moto,15,269.0,particular,14194,Girona,telefono,anual,0,174,False,540.5,False
AUTO304770,22,0,furgoneta,8,202.0,particular,15912,Girona,online,mensual,0,78,False,482.13,False
AUTO300157,27,5,turismo,18,199.0,mixto,16888,Madrid,online,mensual,0,76,False,484.32,True
AUTO300911,63,44,turismo,9,81.0,particular,27039,Barcelona,correduria,anual,0,38,False,342.03,False
AUTO304996,61,37,todoterreno,2,199.0,particular,17060,Malaga,telefono,mensual,1,150,False,554.45,False
AUTO303640,37,15,turismo,8,279.0,particular,18904,Girona,agente,mensual,0,84,False,553.76,False
AUTO300919,42,22,turismo,6,196.0,particular,35610,Malaga,telefono,anual,0,151,False,487.64,False
AUTO300953,42,20,turismo,17,230.0,particular,33802,Madrid,agente,mensual,0,96,False,564.81,False
AUTO300235,51,32,turismo,17,150.0,particular,14245,Baleares,agente,mensual,0,140,False,356.95,False
AUTO302022,70,51,turismo,3,295.0,particular,22984,Baleares,online,anual,1,13,True,569.8,False
AUTO303675,30,8,turismo,16,123.0,mixto,12308,Valencia,agente,mensual,1,128,False,545.46,False
AUTO300964,32,12,turismo,16,185.0,particular,33396,Tarragona,agente,mensual,0,71,False,512.67,False
AUTO301165,29,11,furgoneta,14,186.0,particular,2035,Cantabria,agente,mensual,3,80,False,756.63,True
AUTO303171,31,12,moto,17,155.0,mixto,24109,Alicante,telefono,mensual,1,165,False,524.39,False
AUTO300606,51,32,turismo,4,297.0,particular,36802,Cantabria,online,anual,0,16,False,489.6,False
AUTO301384,73,54,turismo,10,207.0,mixto,5230,Tarragona,telefono,anual,1,157,False,505.45,False
AUTO300446,25,6,turismo,0,237.0,particular,15032,Zaragoza,telefono,anual,0,4,True,500.08,False
AUTO300928,45,23,furgoneta,0,285.0,particular,30434,Alicante,correduria,mensual,1,129,False,586.22,True
AUTO303973,76,58,todoterreno,13,266.0,particular,35896,Tarragona,telefono,anual,0,87,False,430.14,False
AUTO301933,42,21,furgoneta,16,184.0,particular,30030,Sevilla,correduria,anual,0,64,False,519.01,False
AUTO302028,39,17,turismo,0,238.0,particular,21220,Asturias,agente,anual,0,63,True,437.39,True
AUTO304917,34,13,todoterreno,18,211.0,particular,33701,Valencia,telefono,mensual,0,47,False,500.19,False
AUTO303522,44,21,turismo,18,182.0,particular,9695,Valencia,telefono,mensual,0,93,True,427.49,True
AUTO301212,45,22,todoterreno,16,178.0,particular,39727,Baleares,agente,anual,0,29,False,512.49,False
AUTO303307,70,47,moto,8,62.0,particular,10303,Vizcaya,telefono,anual,0,135,False,215.31,False
AUTO300415,61,41,turismo,18,218.0,mixto,34722,Girona,online,anual,1,153,False,510.25,False
AUTO300187,29,5,furgoneta,4,238.0,particular,4746,A Coruna,agente,anual,0,32,False,460.37,False
AUTO300674,33,9,turismo,13,198.0,particular,10562,A Coruna,online,anual,2,173,False,684.13,False
AUTO303345,73,50,todoterreno,8,129.0,mixto,10491,Lleida,online,mensual,1,17,False,343.57,False
AUTO303378,37,17,turismo,12,157.0,mixto,22534,Baleares,agente,anual,1,168,True,486.55,True
AUTO301693,47,23,turismo,7,258.0,particular,22205,Baleares,agente,anual,0,49,False,477.71,False
AUTO303639,37,19,moto,19,292.0,particular,15322,Girona,correduria,anual,0,20,False,570.29,False
AUTO304697,27,5,turismo,14,84.0,particular,3028,Madrid,agente,anual,0,10,False,420.45,False
AUTO301660,23,2,turismo,13,162.0,particular,38656,Tarragona,telefono,anual,0,24,False,495.91,False
AUTO302424,78,60,turismo,8,277.0,particular,8787,Barcelona,online,anual,0,38,False,436.77,False
AUTO303165,60,39,turismo,8,274.0,particular,31106,Lleida,online,anual,1,27,False,557.65,True
AUTO301337,43,25,turismo,12,112.0,mixto,39722,Valencia,correduria,mensual,0,44,False,398.34,True
AUTO300754,54,35,turismo,4,272.0,particular,29114,Valencia,online,mensual,1,41,False,532.43,False
AUTO302350,58,38,todoterreno,12,254.0,particular,26929,Sevilla,telefono,mensual,1,97,False,570.08,False
AUTO304195,57,37,turismo,10,78.0,particular,25469,Malaga,correduria,mensual,0,116,False,319.33,False
AUTO300451,43,21,turismo,1,208.0,particular,23875,Barcelona,online,mensual,0,36,False,380.4,True
AUTO301604,74,50,furgoneta,19,246.0,particular,32250,Tarragona,online,anual,0,47,True,468.13,False
AUTO301271,63,42,turismo,16,222.0,particular,38857,Barcelona,correduria,anual,0,177,True,431.83,False
AUTO301442,56,38,furgoneta,17,177.0,particular,37920,Barcelona,telefono,anual,0,77,False,495.13,False
AUTO300217,20,0,todoterreno,13,266.0,particular,11012,Malaga,online,mensual,0,94,False,575.82,True
AUTO302696,49,26,turismo,18,139.0,particular,9432,Valencia,telefono,anual,0,15,False,439.29,True
AUTO304824,48,25,moto,10,253.0,particular,29020,Zaragoza,correduria,mensual,0,11,False,554.05,False
AUTO303304,67,44,turismo,16,197.0,particular,10740,Alicante,telefono,mensual,0,107,False,377.43,False
AUTO304401,24,3,turismo,5,269.0,particular,3294,Malaga,agente,anual,0,177,False,562.79,False
AUTO302281,56,37,turismo,17,207.0,mixto,16258,Valencia,correduria,anual,0,155,False,422.15,False
AUTO301926,72,52,turismo,16,299.0,particular,5219,Girona,agente,anual,0,50,False,530.92,False
AUTO301509,68,49,turismo,17,261.0,particular,9607,Alicante,telefono,anual,0,28,False,515.18,False
AUTO300704,72,53,turismo,17,68.0,mixto,7219,Tarragona,correduria,mensual,0,77,False,243.03,False
AUTO302654,41,23,turismo,17,146.0,particular,10163,Sevilla,telefono,mensual,1,160,False,506.78,True
AUTO300995,62,42,furgoneta,15,91.0,particular,34591,Zaragoza,online,mensual,0,104,False,319.29,True
AUTO301701,73,54,turismo,7,178.0,particular,21768,Cantabria,telefono,mensual,0,114,False,278.29,False
AUTO303812,37,14,turismo,10,236.0,particular,4464,Alicante,telefono,mensual,0,126,False,510.04,False
AUTO302884,19,0,turismo,8,228.0,particular,31975,Vizcaya,agente,mensual,0,161,False,548.31,False
AUTO301861,20,1,turismo,15,138.0,particular,11459,Tarragona,agente,mensual,1,87,False,564.85,False
AUTO303321,26,3,turismo,13,141.0,mixto,29884,A Coruna,telefono,mensual,1,52,False,560.82,True
AUTO303065,56,36,moto,14,261.0,particular,36576,Sevilla,correduria,mensual,1,49,False,605.04,False
AUTO302620,22,3,furgoneta,11,109.0,particular,24366,Zaragoza,online,mensual,1,27,False,553.08,False
AUTO300393,34,14,todoterreno,6,252.0,particular,11966,Tarragona,correduria,anual,0,147,False,557.47,False
AUTO302364,62,40,turismo,6,267.0,particular,9258,Asturias,agente,anual,0,30,False,426.31,False
AUTO304781,41,21,turismo,14,82.0,particular,20340,Madrid,correduria,mensual,0,142,False,290.12,False
AUTO304216,46,22,moto,14,259.0,particular,32876,Baleares,telefono,mensual,0,31,False,510.05,False
AUTO304864,36,14,moto,13,202.0,particular,39468,Barcelona,agente,anual,0,44,False,488.23,False
AUTO303111,30,9,turismo,2,273.0,particular,11361,Madrid,agente,anual,1,59,False,600.44,False
AUTO301573,61,42,turismo,8,171.0,particular,34610,Valencia,telefono,anual,0,112,False,438.7,False
AUTO302112,78,56,turismo,2,189.0,particular,33905,Sevilla,correduria,mensual,0,109,False,426.31,False
AUTO303520,26,8,turismo,11,211.0,particular,38985,Tarragona,online,mensual,1,37,False,573.66,False
AUTO304693,32,9,todoterreno,4,90.0,particular,14525,Baleares,telefono,anual,1,79,False,407.69,False
AUTO304308,33,10,turismo,16,254.0,particular,26064,Asturias,online,mensual,0,57,False,581.07,False
AUTO300924,40,20,turismo,17,81.0,mixto,29429,Barcelona,agente,mensual,0,106,False,268.95,False
AUTO300077,26,2,turismo,6,,particular,38011,Tarragona,correduria,mensual,0,11,False,477.85,False
AUTO302142,44,21,turismo,16,230.0,particular,15600,Zaragoza,online,mensual,0,11,False,538.15,False
AUTO303806,58,39,furgoneta,11,289.0,particular,15936,Barcelona,online,anual,0,59,False,509.48,False
AUTO302397,32,13,turismo,3,157.0,particular,37289,Tarragona,online,anual,1,157,False,477.87,False
AUTO303039,54,35,todoterreno,15,134.0,mixto,10284,Zaragoza,online,mensual,0,51,False,418.85,True
AUTO304237,53,35,moto,6,246.0,mixto,17873,Cantabria,correduria,anual,1,21,False,578.09,False
AUTO302588,54,30,todoterreno,2,268.0,particular,19676,Vizcaya,agente,mensual,1,61,False,638.13,False
AUTO304657,76,52,turismo,9,293.0,mixto,15713,Vizcaya,correduria,anual,0,128,False,522.62,False
AUTO300105,38,16,moto,0,114.0,particular,15339,Baleares,correduria,mensual,0,36,False,367.93,False
AUTO300458,77,58,todoterreno,1,293.0,mixto,5325,A Coruna,telefono,mensual,0,54,False,505.11,False
AUTO304072,43,21,turismo,15,179.0,mixto,4130,Sevilla,online,mensual,0,7,False,423.98,False
AUTO302157,31,11,turismo,2,276.0,particular,5989,Girona,agente,mensual,2,55,False,700.56,True
AUTO300357,53,31,turismo,0,111.0,particular,9780,Madrid,correduria,anual,0,164,False,276.1,False
AUTO303843,40,19,furgoneta,11,173.0,particular,14907,Sevilla,agente,mensual,0,1,False,419.59,False
AUTO301020,25,1,turismo,11,129.0,particular,13932,Vizcaya,telefono,mensual,1,28,False,490.72,False
AUTO302372,53,35,turismo,1,279.0,particular,17481,Girona,telefono,anual,0,79,False,471.16,False
AUTO303553,64,40,moto,5,138.0,particular,37611,Asturias,agente,anual,0,70,False,320.17,False
AUTO304958,34,14,furgoneta,14,144.0,particular,22451,Sevilla,agente,anual,0,167,False,457.33,False
AUTO302864,77,56,turismo,19,288.0,particular,7202,Malaga,online,anual,0,154,False,531.53,False
AUTO300558,47,23,turismo,1,86.0,particular,25241,Valencia,online,mensual,0,28,False,269.46,True
AUTO300041,44,24,turismo,4,185.0,particular,28696,Zaragoza,correduria,mensual,0,7,False,408.07,False
AUTO303263,61,41,turismo,12,194.0,particular,6397,Zaragoza,agente,mensual,1,157,False,548.11,True
AUTO301626,48,24,turismo,14,199.0,particular,18220,A Coruna,online,mensual,1,95,False,607.61,False
AUTO302044,47,28,furgoneta,3,123.0,particular,25872,Asturias,agente,mensual,0,59,False,324.42,False
AUTO304868,67,45,turismo,5,91.0,particular,4249,Cantabria,telefono,mensual,0,68,False,285.48,False
AUTO304218,73,51,turismo,6,277.0,mixto,8507,Sevilla,online,mensual,0,136,False,490.39,False
AUTO300609,32,11,turismo,12,143.0,particular,28872,Barcelona,agente,mensual,1,135,False,502.14,False
AUTO304365,59,41,turismo,4,223.0,particular,20588,Cantabria,agente,anual,0,86,False,431.11,False
AUTO303485,23,4,turismo,4,115.0,particular,35376,Baleares,telefono,anual,0,121,False,395.34,False
AUTO303215,62,40,moto,6,115.0,particular,27520,Baleares,telefono,mensual,1,176,False,468.41,False
AUTO300560,70,47,furgoneta,12,288.0,particular,31993,Tarragona,correduria,mensual,1,15,False,567.72,False
AUTO304680,35,17,turismo,0,98.0,particular,24621,Valencia,telefono,mensual,0,58,False,382.41,False
AUTO302457,40,21,turismo,9,148.0,particular,34745,Asturias,agente,mensual,0,144,False,428.72,False
AUTO302858,33,13,turismo,1,207.0,particular,2326,Malaga,online,mensual,2,64,False,640.06,False
AUTO302970,45,21,turismo,6,112.0,particular,8970,A Coruna,online,anual,0,30,False,366.8,False
AUTO304803,73,50,todoterreno,5,112.0,particular,14355,Tarragona,online,mensual,1,23,False,401.39,False
AUTO301654,39,16,turismo,5,205.0,mixto,19177,Baleares,online,mensual,1,119,False,546.2,False
AUTO301879,51,31,furgoneta,9,74.0,particular,6282,Sevilla,online,anual,0,70,False,289.28,False
AUTO302513,66,44,turismo,19,130.0,particular,20034,Alicante,telefono,mensual,1,148,False,565.74,True
AUTO302417,27,8,turismo,1,179.0,mixto,30770,Asturias,telefono,anual,0,40,False,348.88,False
AUTO302479,20,2,turismo,17,118.0,particular,35270,Barcelona,telefono,anual,0,45,False,319.7,False
AUTO302105,27,9,furgoneta,17,85.0,particular,23607,Zaragoza,telefono,mensual,1,92,False,522.68,False
AUTO301139,33,10,turismo,2,128.0,mixto,27364,Asturias,correduria,anual,0,97,False,314.28,False
AUTO304080,49,27,todoterreno,6,181.0,particular,16357,Girona,telefono,mensual,0,137,False,460.52,False
AUTO304062,36,13,turismo,12,290.0,particular,11095,Sevilla,online,mensual,1,60,False,700.39,True
AUTO304907,48,26,turismo,1,134.0,particular,33400,A Coruna,online,mensual,1,46,False,485.02,False
AUTO302814,53,32,turismo,4,117.0,particular,2166,Barcelona,agente,mensual,1,67,True,452.24,True
AUTO303560,30,8,turismo,3,194.0,particular,14758,A Coruna,correduria,anual,0,156,False,458.91,False
AUTO303613,54,32,turismo,14,115.0,particular,7955,Cantabria,correduria,mensual,0,46,False,370.63,False
AUTO300389,37,16,turismo,9,67.0,mixto,25697,A Coruna,correduria,anual,1,46,False,457.93,False
AUTO302389,37,13,turismo,7,76.0,particular,20166,Lleida,telefono,anual,0,141,False,321.63,False
AUTO300323,57,36,turismo,8,131.0,particular,27234,Malaga,agente,anual,0,113,False,313.11,False
AUTO301330,68,48,turismo,8,146.0,particular,17743,Alicante,agente,anual,0,44,False,342.6,False
AUTO303556,59,38,turismo,12,201.0,particular,23288,Valencia,correduria,anual,1,19,False,540.14,True
AUTO301463,32,12,turismo,19,64.0,particular,37087,Baleares,correduria,mensual,0,40,False,295.01,False
AUTO300460,76,54,todoterreno,1,291.0,particular,3790,Girona,online,mensual,1,67,False,549.07,False
AUTO303401,33,10,turismo,0,185.0,particular,33141,Cantabria,online,mensual,0,67,False,398.93,False
AUTO303092,44,21,turismo,11,116.0,particular,12198,Tarragona,correduria,mensual,1,21,False,435.24,False
AUTO304985,76,58,todoterreno,3,132.0,particular,12721,Sevilla,online,anual,1,17,False,410.31,False
AUTO304694,69,47,turismo,6,143.0,mixto,33199,Barcelona,agente,anual,1,85,False,427.34,False
AUTO304319,72,53,todoterreno,6,152.0,particular,17970,Tarragona,agente,mensual,0,160,True,317.46,False
AUTO302565,34,10,turismo,5,278.0,particular,18657,Zaragoza,agente,mensual,0,10,False,557.89,False
AUTO301643,52,33,turismo,16,280.0,particular,19410,A Coruna,telefono,anual,0,171,False,530.94,False
AUTO303249,64,43,turismo,2,137.0,particular,7733,Tarragona,online,mensual,1,85,False,390.56,False
AUTO304036,63,44,turismo,12,84.0,particular,20743,A Coruna,telefono,mensual,0,90,False,324.46,False
AUTO301040,78,57,turismo,15,191.0,particular,31598,Asturias,correduria,mensual,0,116,False,381.05,False
AUTO301343,52,32,turismo,3,97.0,mixto,2517,Lleida,telefono,anual,2,177,False,516.56,False
AUTO303000,56,37,turismo,11,140.0,particular,39710,Alicante,correduria,mensual,0,128,True,364.93,False
AUTO304139,50,28,turismo,6,113.0,particular,30713,Vizcaya,agente,mensual,0,172,False,239.82,False
AUTO301960,21,0,moto,16,192.0,particular,4450,Malaga,online,mensual,0,47,False,569.73,False
AUTO301270,23,5,todoterreno,18,297.0,particular,12214,Zaragoza,agente,mensual,0,129,False,634.61,False
AUTO302223,62,39,furgoneta,15,219.0,particular,31530,Barcelona,telefono,anual,0,165,False,477.22,False
AUTO300842,29,10,todoterreno,7,166.0,particular,17638,Lleida,agente,mensual,0,14,False,320.0,False
AUTO303099,19,0,todoterreno,6,91.0,particular,8109,Alicante,agente,anual,0,29,False,434.81,False
AUTO301259,46,26,turismo,4,297.0,mixto,14917,Tarragona,correduria,mensual,0,2,False,587.44,False
AUTO300800,49,30,moto,17,125.0,particular,14758,Tarragona,correduria,mensual,0,26,False,338.14,False
AUTO303355,67,48,turismo,5,85.0,particular,9416,Malaga,correduria,mensual,1,147,False,382.59,False
AUTO300692,22,0,todoterreno,19,227.0,particular,30570,Barcelona,correduria,mensual,2,70,False,771.97,False
AUTO301155,34,14,furgoneta,16,211.0,particular,17838,Asturias,agente,mensual,0,36,False,517.29,False
AUTO301547,27,4,turismo,17,179.0,particular,12916,Sevilla,telefono,anual,1,179,False,553.78,False
AUTO301754,63,45,todoterreno,13,178.0,particular,37831,Malaga,agente,mensual,1,103,False,416.83,True
AUTO303182,24,2,turismo,7,78.0,particular,35425,Barcelona,online,anual,0,99,False,289.34,False
AUTO302641,27,5,turismo,19,192.0,particular,19185,Valencia,online,anual,0,102,False,501.61,False
AUTO302608,42,23,turismo,5,248.0,particular,15910,Cantabria,agente,mensual,0,3,False,535.05,False
AUTO303359,67,47,furgoneta,10,214.0,particular,7455,Cantabria,online,mensual,0,113,False,491.35,False
AUTO301138,36,17,turismo,2,,mixto,28553,Barcelona,telefono,anual,0,41,False,367.04,False
AUTO302252,69,48,turismo,16,80.0,particular,4823,Alicante,online,mensual,0,98,False,313.05,False
AUTO300841,52,32,furgoneta,16,237.0,mixto,4250,Barcelona,online,mensual,0,136,False,483.36,False
AUTO302918,45,21,furgoneta,6,251.0,particular,8915,Lleida,telefono,anual,0,161,False,507.25,False
AUTO302049,43,22,turismo,13,273.0,mixto,7804,Valencia,online,anual,0,98,True,567.63,True
AUTO304440,70,47,turismo,5,96.0,mixto,20993,Tarragona,online,anual,0,23,False,330.86,False
AUTO304569,20,1,turismo,4,165.0,particular,33535,Barcelona,telefono,mensual,0,33,False,443.53,False
AUTO302535,19,0,turismo,5,95.0,particular,11940,Girona,telefono,mensual,1,128,False,427.66,False
AUTO302836,26,3,turismo,8,287.0,particular,22017,Barcelona,correduria,mensual,0,104,True,614.61,False
AUTO303557,39,20,moto,16,273.0,mixto,13268,Malaga,online,anual,0,161,False,562.42,False
AUTO304043,48,30,turismo,9,176.0,particular,17222,A Coruna,telefono,anual,0,111,False,467.27,False
AUTO304060,55,36,turismo,0,273.0,particular,8871,Zaragoza,correduria,anual,0,167,False,446.78,False
AUTO301101,31,7,moto,4,94.0,mixto,31150,Valencia,agente,mensual,0,165,False,442.53,False
AUTO301968,69,45,turismo,14,145.0,particular,29403,Lleida,agente,anual,0,89,False,386.27,False
AUTO303846,61,40,turismo,8,239.0,particular,9042,Malaga,correduria,mensual,1,134,False,564.97,False
AUTO301289,33,14,todoterreno,0,277.0,particular,14781,Cantabria,agente,anual,0,4,False,601.35,False
AUTO304942,34,15,moto,10,132.0,particular,26692,Valencia,online,mensual,0,164,False,364.63,False
AUTO300030,54,33,furgoneta,18,174.0,particular,34468,A Coruna,online,mensual,0,87,False,371.24,True
AUTO304654,26,6,turismo,14,185.0,particular,20791,Madrid,agente,mensual,0,161,False,517.11,False
AUTO303241,55,35,turismo,2,81.0,particular,12912,Girona,correduria,mensual,0,166,False,249.07,False
AUTO300553,37,17,turismo,8,243.0,particular,7619,Lleida,agente,mensual,0,142,False,505.57,False
AUTO302894,32,13,furgoneta,13,69.0,particular,7095,Girona,correduria,anual,0,76,False,394.42,False
AUTO300404,47,25,turismo,6,66.0,particular,33083,Madrid,online,mensual,0,79,False,316.36,False
AUTO300489,58,36,turismo,8,117.0,particular,31443,Valencia,telefono,anual,1,174,False,433.85,False
AUTO301246,35,13,turismo,1,213.0,particular,3963,Vizcaya,correduria,anual,1,169,False,593.43,False
AUTO303076,23,1,turismo,11,115.0,particular,5840,Barcelona,agente,mensual,0,76,False,450.96,False
AUTO302037,24,2,turismo,7,240.0,particular,38688,Valencia,telefono,mensual,1,113,False,632.29,True
AUTO300676,31,8,moto,13,298.0,mixto,8540,Cantabria,telefono,anual,1,45,True,609.04,False
AUTO303167,58,36,turismo,4,135.0,particular,18754,Malaga,telefono,mensual,0,67,False,328.67,False
AUTO302823,25,5,furgoneta,10,63.0,particular,20831,Girona,telefono,mensual,0,1,False,317.9,False
AUTO300331,51,28,turismo,5,151.0,mixto,32999,Tarragona,online,mensual,0,93,False,425.38,True
AUTO302977,66,42,turismo,5,120.0,particular,18826,Madrid,agente,anual,0,155,True,363.84,False
AUTO302282,47,27,turismo,3,63.0,particular,17981,Madrid,correduria,mensual,0,11,False,333.85,False
AUTO300376,50,28,moto,0,193.0,particular,16846,Valencia,telefono,mensual,0,115,False,422.54,False
AUTO301844,32,8,furgoneta,9,261.0,particular,38420,Girona,telefono,anual,1,21,False,690.78,False
AUTO301664,55,34,furgoneta,4,162.0,particular,30437,Baleares,agente,mensual,0,8,False,389.27,False
AUTO303077,48,30,todoterreno,3,199.0,particular,22747,Vizcaya,correduria,anual,1,53,True,526.63,False
AUTO300973,62,42,turismo,16,269.0,mixto,3846,Asturias,correduria,mensual,0,33,False,598.44,False
AUTO301888,49,27,turismo,7,192.0,particular,31363,Girona,online,mensual,0,76,True,445.55,True
AUTO302887,26,3,turismo,4,197.0,particular,35684,Sevilla,telefono,mensual,1,152,False,612.49,False
AUTO300082,43,20,turismo,5,72.0,particular,30041,Alicante,telefono,anual,0,120,False,302.86,False
AUTO304982,26,2,turismo,14,249.0,mixto,16714,Malaga,correduria,mensual,0,39,False,588.49,False
AUTO304578,25,7,moto,19,212.0,particular,11597,Baleares,correduria,mensual,0,46,True,532.62,True
AUTO303062,42,19,todoterreno,9,138.0,particular,7679,Cantabria,correduria,mensual,0,75,False,354.14,False
AUTO304454,43,23,turismo,13,116.0,particular,25235,Barcelona,agente,anual,1,2,False,489.21,False
AUTO303399,68,44,furgoneta,18,288.0,mixto,36505,Vizcaya,telefono,anual,1,17,False,609.74,False
AUTO302321,54,31,turismo,15,86.0,particular,13237,Girona,telefono,mensual,0,155,False,276.53,False
AUTO300080,62,44,furgoneta,8,169.0,particular,34033,Sevilla,agente,mensual,0,73,True,366.19,False
AUTO301167,73,54,todoterreno,19,,particular,27760,Zaragoza,correduria,anual,0,118,False,450.31,False
AUTO302907,25,7,todoterreno,12,254.0,particular,6898,Tarragona,correduria,mensual,2,118,False,745.75,True
AUTO303384,74,55,moto,9,61.0,particular,23677,Cantabria,telefono,mensual,1,100,True,292.69,True
AUTO302407,49,30,turismo,10,192.0,particular,33649,Alicante,agente,anual,0,101,False,456.91,False
AUTO301423,23,0,furgoneta,14,190.0,particular,3774,Tarragona,correduria,mensual,2,20,False,691.0,True
AUTO303940,46,27,turismo,4,222.0,particular,11502,Alicante,online,mensual,2,152,False,611.48,False
AUTO301607,18,0,moto,0,193.0,particular,27327,Girona,telefono,anual,0,54,False,516.32,False
AUTO300341,18,0,turismo,0,140.0,particular,36192,A Coruna,agente,mensual,0,139,False,399.52,False
AUTO302705,29,5,turismo,13,288.0,particular,16112,Tarragona,online,anual,0,135,False,623.69,False
AUTO301402,72,48,turismo,12,104.0,mixto,37859,Madrid,correduria,mensual,0,168,False,334.61,False
AUTO301997,57,33,todoterreno,18,214.0,particular,6123,Sevilla,correduria,mensual,0,24,False,532.57,False
AUTO304923,46,27,turismo,6,73.0,particular,31915,Barcelona,telefono,anual,1,79,False,381.7,False
AUTO303121,40,20,turismo,8,176.0,particular,2084,Lleida,online,anual,0,107,False,463.96,False
AUTO302872,65,46,turismo,3,192.0,particular,36297,Madrid,telefono,anual,0,145,False,412.51,False
AUTO302671,50,30,moto,19,264.0,particular,28194,Asturias,online,mensual,0,95,False,488.06,False
AUTO304956,40,21,turismo,6,120.0,particular,4692,Malaga,telefono,mensual,0,40,False,360.75,False
AUTO304622,56,33,moto,12,64.0,mixto,23434,Barcelona,agente,mensual,1,168,False,389.49,True
AUTO300058,59,38,turismo,5,298.0,mixto,22258,Lleida,online,anual,1,3,False,676.94,False
AUTO303424,38,14,furgoneta,2,130.0,particular,35061,Lleida,correduria,anual,0,115,False,301.9,False
AUTO300380,77,57,turismo,14,69.0,mixto,2924,Cantabria,correduria,mensual,0,6,False,213.08,False
AUTO301186,75,52,turismo,13,76.0,particular,9393,Tarragona,telefono,mensual,0,117,False,346.1,False
AUTO302460,62,43,turismo,13,180.0,mixto,28455,Zaragoza,telefono,mensual,2,172,False,643.25,True
AUTO301149,45,25,turismo,10,167.0,particular,34783,Asturias,online,mensual,0,73,False,335.8,False
AUTO303999,77,59,turismo,6,241.0,mixto,32706,Madrid,online,mensual,1,166,False,477.92,False
AUTO301655,49,25,turismo,8,86.0,particular,21491,Zaragoza,telefono,mensual,1,178,False,309.84,False
AUTO304939,54,30,moto,5,,particular,27700,Madrid,correduria,anual,1,34,False,419.89,False
AUTO300236,58,35,turismo,2,,particular,7999,Madrid,correduria,mensual,1,143,False,375.86,False
AUTO304246,59,40,turismo,14,175.0,particular,19032,Zaragoza,telefono,mensual,1,104,True,556.74,True
AUTO304658,70,47,turismo,4,197.0,particular,25261,Vizcaya,correduria,mensual,1,61,False,517.61,False
AUTO303178,30,10,furgoneta,5,258.0,particular,34304,Lleida,online,anual,2,31,False,727.84,True
AUTO301772,47,27,furgoneta,6,69.0,mixto,38308,Sevilla,online,mensual,0,97,False,241.13,False
AUTO302639,71,51,todoterreno,4,174.0,particular,38244,Zaragoza,online,anual,0,66,False,350.59,False
AUTO300538,44,24,turismo,7,141.0,particular,3326,Sevilla,telefono,anual,0,20,True,411.45,False
AUTO304129,25,5,turismo,8,93.0,mixto,5602,Alicante,correduria,mensual,1,54,False,472.24,False
AUTO301203,52,28,furgoneta,5,181.0,particular,24219,Girona,correduria,mensual,0,156,False,505.66,False
AUTO301814,48,24,turismo,2,139.0,particular,23692,A Coruna,agente,mensual,0,176,False,405.73,False
AUTO301759,51,32,turismo,11,172.0,particular,24163,Sevilla,telefono,anual,1,129,False,455.89,False
AUTO301260,32,13,moto,4,154.0,particular,14874,Valencia,correduria,anual,0,10,False,402.0,False
AUTO302749,22,0,turismo,13,101.0,particular,10813,Madrid,online,anual,1,99,False,551.41,False
AUTO300893,79,58,turismo,2,292.0,particular,7966,Lleida,correduria,anual,1,134,False,582.61,True
AUTO304110,53,30,turismo,1,203.0,particular,39541,Tarragona,agente,mensual,0,8,False,367.45,False
AUTO302555,26,8,turismo,14,292.0,particular,26072,Alicante,online,anual,1,88,False,690.22,False
AUTO304691,18,0,turismo,6,280.0,particular,33260,Madrid,correduria,anual,1,7,False,689.19,False
AUTO300755,28,9,turismo,17,68.0,particular,10080,Vizcaya,agente,anual,0,64,False,406.17,False
AUTO302362,60,42,furgoneta,12,196.0,particular,4154,Alicante,agente,anual,0,113,False,421.67,False
AUTO302430,72,49,turismo,19,135.0,particular,37135,Sevilla,agente,mensual,1,155,True,456.37,True
AUTO302191,39,19,turismo,12,102.0,mixto,3715,Lleida,telefono,mensual,1,127,False,400.71,False
AUTO301124,72,49,todoterreno,1,270.0,particular,2611,Madrid,online,mensual,0,97,False,410.88,True
AUTO300002,21,3,moto,12,99.0,particular,34327,Malaga,online,mensual,0,60,True,352.5,False
AUTO303044,56,37,moto,10,74.0,particular,36398,Cantabria,telefono,mensual,0,83,True,337.46,True
AUTO302576,52,30,turismo,4,89.0,mixto,39403,Barcelona,telefono,anual,0,29,False,371.45,False
AUTO301863,39,18,turismo,8,67.0,particular,4554,Zaragoza,agente,mensual,1,118,False,328.14,False
AUTO301192,73,52,todoterreno,6,224.0,particular,11528,Girona,agente,anual,1,137,False,510.85,False
AUTO300787,22,3,turismo,7,167.0,particular,25598,Asturias,agente,anual,0,60,True,410.8,False
AUTO304262,69,51,moto,19,227.0,mixto,5211,Tarragona,online,mensual,1,132,True,486.1,False
AUTO302772,64,43,turismo,16,95.0,particular,38805,Madrid,telefono,anual,0,162,False,315.02,False
AUTO302936,44,26,turismo,7,62.0,mixto,35801,Valencia,correduria,mensual,0,173,False,288.68,False
AUTO301052,56,32,turismo,17,141.0,particular,22129,A Coruna,online,mensual,1,13,False,501.86,False
AUTO300296,19,0,turismo,5,174.0,particular,22644,Alicante,correduria,mensual,0,66,False,426.68,False
AUTO303965,52,34,furgoneta,2,152.0,mixto,7191,Cantabria,correduria,mensual,0,38,False,422.85,True
AUTO300752,31,7,turismo,8,264.0,particular,27490,Zaragoza,online,anual,0,53,False,630.86,False
AUTO303747,42,20,todoterreno,1,231.0,particular,13281,A Coruna,correduria,mensual,0,49,False,480.62,False
AUTO300165,79,57,turismo,10,215.0,mixto,39086,A Coruna,agente,anual,0,105,False,397.42,False
AUTO303995,61,39,turismo,12,121.0,particular,30523,Asturias,telefono,anual,2,38,True,551.19,False
AUTO301924,21,0,turismo,5,67.0,particular,38452,Tarragona,correduria,mensual,0,3,True,351.3,True
AUTO303728,43,20,todoterreno,5,191.0,mixto,36150,Madrid,telefono,anual,0,4,False,498.95,False
AUTO301189,31,8,furgoneta,5,158.0,particular,24056,A Coruna,correduria,mensual,1,38,False,523.63,False
AUTO300540,18,0,todoterreno,11,241.0,particular,9838,Girona,correduria,mensual,0,96,False,559.26,False
AUTO304579,63,43,turismo,15,272.0,particular,17352,Sevilla,telefono,mensual,0,33,False,496.26,False
AUTO303944,48,26,turismo,2,187.0,particular,8747,Barcelona,online,anual,0,144,False,403.27,True
AUTO304730,37,17,turismo,1,240.0,particular,26761,Alicante,agente,anual,0,81,False,516.73,False
AUTO303271,64,41,turismo,5,182.0,particular,8858,A Coruna,correduria,mensual,0,115,False,407.15,False
AUTO300020,59,37,furgoneta,18,221.0,mixto,30558,A Coruna,agente,mensual,0,158,False,541.41,False
AUTO302775,75,53,todoterreno,11,61.0,particular,21742,Asturias,agente,anual,2,52,False,434.94,True
AUTO304206,40,20,turismo,6,184.0,particular,19813,Baleares,telefono,anual,0,101,False,476.69,False
AUTO300212,30,6,turismo,13,170.0,particular,28506,Valencia,telefono,mensual,0,106,False,455.23,False
AUTO303362,54,34,turismo,14,294.0,mixto,10623,Barcelona,agente,mensual,0,103,False,546.02,False
AUTO303734,74,54,furgoneta,17,276.0,mixto,2181,Baleares,agente,anual,0,142,False,505.79,False
AUTO303204,26,5,turismo,12,120.0,particular,7719,Baleares,correduria,mensual,1,122,False,483.87,False
AUTO302553,39,21,turismo,10,171.0,mixto,34112,Barcelona,correduria,anual,0,27,False,397.65,False
AUTO300509,37,15,turismo,15,224.0,particular,13253,Cantabria,correduria,anual,1,138,True,590.9,True
AUTO302855,37,15,moto,15,135.0,particular,21647,Valencia,agente,mensual,1,140,False,528.79,False
AUTO300614,56,37,todoterreno,2,287.0,particular,33261,Baleares,online,mensual,1,147,False,580.56,False
AUTO300008,44,23,furgoneta,8,138.0,particular,20167,Girona,telefono,mensual,0,170,False,362.23,False
AUTO303606,42,19,todoterreno,6,208.0,particular,36532,Malaga,agente,anual,0,162,False,561.68,False
AUTO304708,78,58,turismo,3,187.0,mixto,10355,Alicante,telefono,mensual,0,25,False,414.03,False
AUTO301884,66,45,turismo,12,96.0,particular,33524,Zaragoza,correduria,mensual,1,148,False,372.1,False
AUTO304847,73,50,todoterreno,9,206.0,mixto,22523,Cantabria,telefono,anual,2,122,False,589.9,False
AUTO303794,25,7,turismo,15,179.0,mixto,38339,Tarragona,online,mensual,0,95,False,472.52,False
AUTO301967,35,14,turismo,14,146.0,particular,9946,Girona,agente,anual,0,18,False,414.26,False
AUTO301835,39,16,moto,8,108.0,mixto,2702,Vizcaya,agente,mensual,1,2,False,478.96,False
AUTO303107,47,29,turismo,5,239.0,particular,33054,Sevilla,online,mensual,1,126,True,506.83,False
AUTO304242,38,20,turismo,9,186.0,particular,39616,Zaragoza,telefono,mensual,1,129,False,508.31,False
AUTO300881,23,3,turismo,4,231.0,particular,31548,Zaragoza,correduria,anual,0,140,False,508.0,False
AUTO300718,75,51,turismo,12,259.0,particular,21434,Zaragoza,online,mensual,0,106,False,568.18,True
AUTO302886,35,16,moto,0,262.0,particular,31488,Baleares,correduria,mensual,0,151,False,403.35,True
AUTO304336,65,47,turismo,10,139.0,particular,22240,Vizcaya,correduria,mensual,0,112,False,347.36,False
AUTO301986,46,22,furgoneta,10,,particular,36465,Zaragoza,online,mensual,0,47,False,363.21,False
AUTO304333,35,16,turismo,14,91.0,mixto,10647,Girona,correduria,mensual,2,56,False,500.23,False
AUTO301697,76,53,turismo,19,205.0,particular,38435,Barcelona,correduria,anual,4,162,False,780.43,False
AUTO302324,20,1,turismo,2,238.0,particular,28571,Alicante,online,anual,1,90,False,622.71,False
AUTO303469,30,12,turismo,18,200.0,particular,39775,Barcelona,telefono,mensual,0,66,False,513.71,False
AUTO302760,26,6,turismo,13,249.0,mixto,25438,A Coruna,telefono,mensual,0,137,False,522.13,False
AUTO301938,54,31,turismo,15,,mixto,24717,A Coruna,agente,anual,1,26,False,462.64,False
AUTO304111,35,11,turismo,16,180.0,particular,39903,Cantabria,agente,mensual,0,52,False,493.32,False
AUTO300377,48,24,turismo,13,236.0,particular,37988,Alicante,agente,mensual,0,41,True,483.1,False
AUTO304808,53,31,furgoneta,17,297.0,particular,24081,Tarragona,correduria,anual,0,134,False,525.27,False
AUTO303266,36,12,turismo,9,199.0,particular,14741,Zaragoza,online,mensual,2,150,False,655.54,False
AUTO301597,74,50,turismo,0,64.0,particular,9183,Vizcaya,online,anual,0,37,False,246.73,False
AUTO304617,44,25,turismo,15,157.0,particular,34217,Cantabria,online,mensual,0,127,False,458.51,False
AUTO301196,66,44,moto,14,229.0,particular,35665,Sevilla,agente,anual,0,21,False,446.63,False
AUTO302652,58,39,turismo,17,143.0,mixto,32984,Zaragoza,agente,mensual,0,132,False,380.65,False
AUTO302275,19,0,turismo,8,151.0,particular,20445,Vizcaya,correduria,mensual,1,56,False,564.12,True
AUTO302753,41,23,turismo,11,183.0,particular,33388,Valencia,agente,mensual,0,33,False,413.55,False
AUTO303686,58,35,turismo,18,262.0,particular,39563,Lleida,telefono,anual,0,40,True,531.69,False
AUTO303685,37,15,todoterreno,7,113.0,particular,32166,Tarragona,telefono,mensual,0,1,False,333.91,False
AUTO301687,40,20,turismo,17,222.0,particular,3048,Baleares,correduria,mensual,0,156,False,486.03,False
AUTO300288,78,60,turismo,13,214.0,particular,11021,Valencia,telefono,anual,1,93,False,542.18,False
AUTO301878,34,10,moto,10,141.0,mixto,16577,Barcelona,telefono,mensual,0,81,False,445.99,False
AUTO301661,65,46,turismo,14,276.0,mixto,37535,Lleida,correduria,anual,0,106,False,476.64,False
AUTO300520,55,32,turismo,18,166.0,particular,2098,Alicante,online,mensual,1,157,False,451.17,False
AUTO304902,32,14,turismo,18,165.0,particular,2279,Tarragona,agente,mensual,0,163,False,448.78,True
AUTO302552,79,58,turismo,13,116.0,particular,32806,Malaga,agente,mensual,0,155,False,283.86,False
AUTO304724,62,43,turismo,6,276.0,particular,35810,Asturias,correduria,anual,0,141,False,465.31,False
AUTO302483,27,5,turismo,4,246.0,mixto,5465,Valencia,agente,mensual,0,81,False,461.37,False
AUTO303376,62,43,turismo,12,298.0,particular,25855,Asturias,telefono,anual,0,112,False,530.53,False
AUTO300523,78,58,turismo,6,70.0,particular,7249,Madrid,telefono,mensual,0,125,False,214.24,False
AUTO302802,47,28,turismo,7,232.0,particular,23664,Girona,online,anual,0,81,False,448.62,False
AUTO304175,77,58,todoterreno,2,124.0,mixto,39798,Malaga,online,mensual,0,63,False,326.49,False
AUTO304975,23,4,turismo,0,277.0,particular,34724,Alicante,online,mensual,0,130,False,567.27,False
AUTO300405,68,49,todoterreno,9,284.0,particular,19826,Sevilla,correduria,mensual,1,2,False,607.18,False
AUTO304232,26,6,turismo,14,123.0,particular,34157,Zaragoza,correduria,mensual,0,161,True,398.53,False
AUTO300496,73,52,turismo,12,297.0,mixto,39242,Cantabria,correduria,anual,0,72,False,492.09,False
AUTO303924,46,25,todoterreno,4,227.0,particular,7220,Lleida,correduria,mensual,0,163,True,497.62,False
AUTO300435,20,0,moto,17,279.0,particular,29861,Tarragona,correduria,mensual,0,26,False,615.45,False
AUTO304727,18,0,turismo,17,154.0,particular,38521,Tarragona,agente,mensual,0,140,False,428.59,False
AUTO303019,65,44,turismo,9,165.0,particular,38932,Tarragona,agente,anual,0,32,True,416.21,False
AUTO300970,23,5,furgoneta,12,266.0,mixto,22521,Girona,agente,mensual,0,79,False,557.72,True
AUTO301151,74,55,moto,4,146.0,particular,2746,Girona,online,anual,0,92,False,343.84,False
AUTO304348,47,29,turismo,9,122.0,particular,34121,Girona,telefono,mensual,0,69,False,328.12,False
AUTO300938,68,49,moto,15,165.0,particular,15809,Cantabria,correduria,mensual,0,37,True,336.58,False
AUTO301848,49,25,turismo,6,185.0,particular,28086,Zaragoza,telefono,anual,1,97,False,548.94,False
AUTO302155,56,34,moto,2,245.0,mixto,6948,Madrid,telefono,mensual,1,170,False,509.87,False
AUTO301450,77,57,turismo,11,296.0,particular,36167,Tarragona,correduria,anual,0,57,False,545.78,False
AUTO303509,27,4,turismo,14,129.0,particular,18223,Tarragona,telefono,mensual,0,47,False,440.55,False
AUTO300006,53,35,turismo,0,208.0,particular,33299,Baleares,telefono,mensual,1,58,False,520.35,False
AUTO304040,60,42,turismo,1,187.0,particular,12850,Zaragoza,agente,anual,1,24,False,488.03,False
AUTO302602,33,13,turismo,5,230.0,particular,35023,Alicante,correduria,anual,2,107,False,724.98,False
AUTO304772,34,14,turismo,0,181.0,particular,29738,Madrid,online,anual,0,129,False,396.3,False
AUTO302317,52,31,turismo,3,99.0,mixto,9469,Barcelona,correduria,mensual,0,117,False,302.7,False
AUTO302901,68,50,turismo,1,257.0,particular,37424,Girona,correduria,mensual,2,154,True,706.39,False
AUTO300108,38,14,todoterreno,3,184.0,particular,16931,Lleida,correduria,mensual,0,51,False,468.25,False
AUTO303252,18,0,moto,19,241.0,particular,4594,A Coruna,online,anual,1,58,False,640.47,False
AUTO302355,59,36,furgoneta,14,271.0,particular,8396,Malaga,agente,mensual,1,173,False,534.57,True
AUTO300831,19,0,turismo,16,227.0,particular,9899,Alicante,agente,anual,1,167,False,577.99,False
AUTO304029,53,35,turismo,19,222.0,particular,25193,Girona,agente,mensual,0,10,False,506.73,False
AUTO300767,24,0,furgoneta,3,191.0,particular,32339,Tarragona,telefono,mensual,3,141,False,716.37,False
AUTO300233,70,52,turismo,14,237.0,particular,11125,Vizcaya,online,mensual,0,100,True,442.96,False
AUTO302812,47,27,moto,13,136.0,particular,30745,Girona,correduria,anual,0,3,False,419.81,False
AUTO304652,53,35,furgoneta,18,111.0,particular,21847,A Coruna,agente,mensual,0,146,False,432.54,False
AUTO302359,28,9,turismo,14,143.0,particular,7865,Lleida,online,mensual,0,82,False,451.51,False
AUTO304381,24,4,turismo,12,170.0,particular,12252,Baleares,agente,anual,0,92,False,480.5,False
AUTO301053,44,24,turismo,10,88.0,particular,21401,A Coruna,telefono,anual,0,87,False,385.55,False
AUTO303051,20,0,turismo,15,241.0,particular,4740,Vizcaya,online,mensual,0,72,False,504.3,True
AUTO303578,68,50,furgoneta,12,157.0,mixto,13862,Valencia,telefono,mensual,0,24,True,437.75,True
AUTO301114,24,4,turismo,0,218.0,particular,31156,Valencia,online,anual,0,126,False,489.08,False
AUTO300398,24,6,furgoneta,7,286.0,mixto,32364,Cantabria,agente,mensual,0,95,False,568.12,False
AUTO304914,54,34,turismo,18,230.0,particular,32885,Tarragona,agente,anual,0,1,True,572.75,True
AUTO301792,68,48,turismo,17,91.0,particular,29715,Lleida,online,anual,1,111,False,411.56,False
AUTO304318,26,4,turismo,15,297.0,particular,15819,Alicante,online,mensual,0,76,False,612.89,False
AUTO301770,67,44,turismo,13,66.0,particular,35127,Barcelona,agente,mensual,1,151,False,432.53,False
AUTO304239,49,25,furgoneta,10,93.0,particular,7768,Valencia,correduria,mensual,0,177,False,301.43,False
AUTO302859,59,38,furgoneta,11,238.0,particular,4834,Madrid,online,mensual,0,34,False,466.08,True
AUTO301874,57,38,turismo,9,141.0,particular,26283,Girona,correduria,mensual,1,159,False,463.36,True
AUTO303879,47,25,turismo,8,182.0,particular,33864,Baleares,telefono,mensual,1,178,False,540.71,False
AUTO302763,22,0,turismo,12,62.0,particular,6506,Sevilla,online,anual,0,129,False,357.05,False
AUTO301713,43,20,turismo,2,121.0,particular,27630,Zaragoza,correduria,mensual,0,154,False,355.68,False
AUTO302002,53,35,furgoneta,0,255.0,particular,23531,Cantabria,agente,anual,0,99,False,455.51,False
AUTO301815,39,16,turismo,4,259.0,particular,12329,Valencia,correduria,anual,2,160,False,717.0,False
AUTO303133,73,49,turismo,2,111.0,particular,25499,A Coruna,online,mensual,0,92,False,316.24,False
AUTO302163,44,24,turismo,2,206.0,mixto,12738,Malaga,online,anual,0,16,True,405.04,True
AUTO303229,30,6,furgoneta,14,195.0,particular,32306,Tarragona,correduria,mensual,0,47,False,521.72,False
AUTO302134,39,18,turismo,2,279.0,particular,36939,Sevilla,correduria,anual,1,21,False,695.87,False
AUTO300026,67,43,todoterreno,13,260.0,particular,33352,Cantabria,online,mensual,0,82,True,548.63,False
AUTO304193,54,35,furgoneta,10,280.0,particular,4856,Lleida,correduria,mensual,1,146,True,606.82,False
AUTO300914,40,22,turismo,18,199.0,particular,8834,Barcelona,agente,mensual,1,72,True,634.12,False
AUTO303833,18,0,moto,6,181.0,particular,11079,Barcelona,correduria,anual,0,56,False,453.28,False
AUTO303403,57,33,turismo,7,216.0,particular,24909,Zaragoza,telefono,mensual,1,56,False,553.01,False
AUTO301569,23,0,turismo,15,247.0,particular,4884,Malaga,correduria,mensual,0,97,False,516.99,False
AUTO301002,69,51,todoterreno,12,131.0,particular,2146,Malaga,online,mensual,2,79,False,485.04,True
AUTO304888,32,12,turismo,12,175.0,particular,24353,Cantabria,agente,mensual,1,31,False,547.73,False
AUTO303535,21,0,turismo,3,273.0,particular,29446,Cantabria,agente,anual,0,108,False,554.18,False
AUTO301220,41,21,turismo,14,206.0,particular,8589,Asturias,agente,anual,0,178,False,438.75,False
AUTO301016,46,28,furgoneta,9,122.0,mixto,27995,Cantabria,online,mensual,0,41,False,371.38,False
AUTO304101,38,20,turismo,5,253.0,particular,14810,A Coruna,agente,anual,0,135,False,516.36,False
AUTO300310,52,28,turismo,0,251.0,particular,33850,Tarragona,correduria,mensual,0,123,False,419.28,False
AUTO300936,54,36,turismo,1,234.0,particular,14110,Sevilla,online,anual,0,141,False,430.96,False
AUTO300395,63,43,turismo,18,158.0,particular,20940,Cantabria,agente,anual,0,134,False,425.33,False
AUTO302493,56,34,turismo,16,222.0,mixto,31394,Tarragona,correduria,mensual,1,49,False,592.87,False
AUTO303525,54,34,todoterreno,9,88.0,particular,28662,A Coruna,agente,mensual,0,148,False,315.19,False
AUTO303124,40,21,turismo,7,90.0,particular,5683,Lleida,online,mensual,0,136,True,352.02,True
AUTO302934,68,47,turismo,4,180.0,particular,30670,Madrid,telefono,anual,1,146,False,417.53,False
AUTO304293,79,56,turismo,16,200.0,mixto,15146,Alicante,agente,mensual,0,75,False,379.55,False
AUTO301744,67,45,turismo,10,149.0,mixto,11781,Vizcaya,online,anual,0,83,False,390.41,False
AUTO304560,62,44,turismo,12,284.0,particular,2981,Zaragoza,telefono,mensual,0,40,False,544.2,False
AUTO302160,73,50,todoterreno,0,255.0,particular,15699,Tarragona,agente,mensual,0,126,False,433.52,False
AUTO300481,32,12,turismo,10,192.0,particular,18200,Barcelona,agente,anual,0,24,False,493.07,False
AUTO301435,40,21,moto,17,152.0,particular,27256,Barcelona,online,mensual,1,114,False,488.57,False
AUTO304478,35,11,turismo,8,204.0,particular,38325,Vizcaya,online,anual,0,58,False,499.95,False
AUTO304625,78,60,turismo,4,160.0,particular,16762,Madrid,agente,anual,0,137,False,374.22,False
AUTO303512,79,57,turismo,10,103.0,particular,34761,Tarragona,online,mensual,0,18,False,298.17,True
AUTO300561,29,11,moto,15,121.0,particular,38827,Madrid,agente,anual,1,130,False,507.31,False
AUTO304188,36,13,furgoneta,9,218.0,particular,16880,Girona,online,mensual,0,6,False,510.51,False
AUTO302578,63,41,furgoneta,8,83.0,particular,12438,Madrid,agente,mensual,1,36,False,412.64,False
AUTO300858,74,50,turismo,6,164.0,particular,12870,Girona,correduria,anual,0,102,False,344.3,False
AUTO300294,38,14,todoterreno,5,205.0,particular,23978,Malaga,telefono,anual,0,64,False,504.05,False
AUTO301639,59,41,turismo,5,146.0,mixto,3308,Cantabria,correduria,mensual,1,98,True,410.69,True
AUTO302365,60,41,turismo,1,161.0,particular,23763,Lleida,agente,anual,0,59,False,317.38,False
AUTO303787,53,35,turismo,3,194.0,particular,10978,Lleida,telefono,mensual,0,85,False,472.93,True
AUTO303343,78,54,turismo,0,224.0,particular,4314,Baleares,telefono,anual,0,122,False,375.68,False
AUTO304563,30,7,turismo,16,198.0,mixto,30172,Zaragoza,telefono,anual,0,162,False,449.86,False
AUTO300578,76,53,turismo,14,223.0,particular,6032,Barcelona,correduria,mensual,0,107,False,421.0,False
AUTO300596,22,1,furgoneta,2,293.0,particular,4926,Tarragona,online,mensual,0,173,False,607.86,False
AUTO303676,60,36,turismo,2,123.0,particular,5739,Alicante,correduria,anual,0,115,False,309.81,False
AUTO300211,20,0,turismo,2,84.0,particular,13951,A Coruna,correduria,mensual,0,92,False,382.14,False
AUTO304537,28,10,turismo,16,290.0,mixto,12057,Tarragona,online,anual,1,157,False,688.36,False
AUTO302957,41,23,turismo,8,80.0,mixto,24276,Zaragoza,agente,mensual,2,127,False,522.44,False
AUTO304925,53,30,turismo,11,274.0,particular,4081,A Coruna,online,mensual,3,23,False,842.15,False
AUTO303274,68,48,turismo,17,196.0,particular,30013,Cantabria,online,anual,0,167,False,447.94,False
AUTO303486,70,52,furgoneta,8,238.0,particular,24784,Barcelona,telefono,mensual,0,100,False,441.74,False
AUTO303454,50,27,turismo,17,178.0,particular,20550,Zaragoza,telefono,anual,2,137,False,576.74,False
AUTO304186,55,31,turismo,3,219.0,particular,37886,Asturias,telefono,anual,0,122,False,408.35,False
AUTO301457,77,58,furgoneta,7,66.0,particular,33956,Vizcaya,telefono,mensual,0,2,False,252.34,False
AUTO303299,44,25,turismo,9,135.0,mixto,4935,A Coruna,agente,mensual,0,133,False,372.35,False
AUTO303017,45,22,turismo,6,154.0,particular,35154,Lleida,online,mensual,0,15,True,444.9,True
AUTO300156,35,12,turismo,17,168.0,mixto,20373,Madrid,correduria,mensual,0,133,False,497.0,False
AUTO300160,18,0,turismo,7,122.0,particular,29918,Girona,telefono,mensual,0,91,False,422.07,True
AUTO303464,74,54,turismo,2,199.0,particular,29941,Alicante,online,mensual,0,148,False,428.51,False
AUTO303398,28,5,turismo,14,124.0,particular,18349,Asturias,telefono,mensual,0,136,False,369.31,False
AUTO304623,58,40,moto,18,269.0,particular,6743,Malaga,telefono,anual,1,26,False,659.83,True
AUTO300797,35,13,turismo,3,139.0,particular,3215,A Coruna,telefono,anual,1,44,False,533.1,False
AUTO300698,32,11,moto,16,213.0,particular,24994,A Coruna,agente,mensual,2,95,False,647.35,False
AUTO304700,76,52,turismo,8,68.0,particular,19521,Tarragona,online,mensual,0,168,False,259.18,False
AUTO301471,20,0,todoterreno,16,264.0,mixto,6162,Cantabria,correduria,mensual,0,177,False,575.77,False
AUTO301238,30,12,furgoneta,7,115.0,particular,25582,Asturias,online,mensual,0,155,False,394.54,False
AUTO300017,61,38,turismo,6,243.0,particular,13540,Alicante,telefono,mensual,0,45,False,442.26,True
AUTO303087,58,36,turismo,7,185.0,particular,8652,Lleida,agente,anual,0,177,False,402.23,False
AUTO302995,46,27,furgoneta,3,69.0,particular,32260,Baleares,online,anual,1,126,False,400.5,True
AUTO301041,71,49,turismo,10,119.0,particular,39642,Sevilla,correduria,mensual,1,37,False,386.33,False
AUTO303737,35,16,turismo,16,206.0,particular,37143,Alicante,telefono,mensual,1,108,False,617.59,False
AUTO300023,64,41,turismo,19,283.0,mixto,23631,Barcelona,telefono,mensual,1,67,False,618.88,True
AUTO304721,67,44,turismo,0,211.0,particular,3999,Zaragoza,telefono,mensual,1,148,False,509.36,False
AUTO301859,68,46,furgoneta,17,251.0,particular,14695,Asturias,telefono,mensual,0,90,False,426.09,False
AUTO303004,79,56,turismo,3,148.0,particular,4869,Zaragoza,online,anual,0,53,False,364.03,False
AUTO302501,54,31,turismo,11,287.0,particular,25574,Baleares,agente,mensual,0,6,False,559.24,True
AUTO304780,38,14,turismo,10,206.0,particular,37975,Alicante,agente,mensual,1,40,False,606.88,False
AUTO300207,65,44,furgoneta,13,173.0,particular,31900,Asturias,telefono,anual,2,150,False,602.08,False
AUTO301027,23,1,turismo,4,193.0,particular,14414,Cantabria,online,mensual,0,98,False,451.67,False
AUTO300447,25,7,turismo,10,127.0,particular,9924,Valencia,online,anual,0,123,False,380.48,False
AUTO302211,66,42,turismo,4,98.0,particular,37874,A Coruna,correduria,anual,0,3,False,305.63,False
AUTO300307,64,45,todoterreno,8,77.0,particular,11743,Valencia,correduria,anual,0,115,False,289.37,False
AUTO303164,75,57,turismo,6,136.0,particular,33428,Asturias,correduria,anual,0,55,True,283.16,False
AUTO304850,45,25,furgoneta,14,105.0,particular,6302,Lleida,correduria,mensual,1,80,True,430.76,False
AUTO300401,53,30,moto,14,237.0,mixto,12846,Cantabria,telefono,mensual,0,39,False,487.4,False
AUTO304510,20,0,turismo,4,276.0,mixto,9040,Sevilla,agente,anual,0,151,False,576.08,True
AUTO300991,51,33,todoterreno,19,143.0,particular,4719,Vizcaya,agente,mensual,0,153,False,387.2,False
AUTO300564,28,9,furgoneta,4,285.0,mixto,39326,Alicante,online,mensual,1,165,False,627.66,False
AUTO303026,21,0,furgoneta,12,247.0,particular,20462,Baleares,agente,mensual,0,63,False,559.67,False
AUTO300021,71,53,todoterreno,12,269.0,particular,31179,Barcelona,online,anual,0,45,False,493.05,False
AUTO304039,52,32,furgoneta,12,212.0,particular,19473,Barcelona,correduria,mensual,0,122,False,482.18,False
AUTO300824,65,43,turismo,18,81.0,particular,16394,Asturias,correduria,anual,0,147,False,333.66,False
AUTO300809,72,54,furgoneta,10,150.0,particular,21854,Sevilla,online,mensual,0,1,False,348.76,False
AUTO304932,70,52,moto,2,149.0,mixto,11070,Vizcaya,telefono,anual,0,63,False,310.19,False
AUTO304174,34,10,turismo,17,232.0,mixto,35216,Alicante,correduria,mensual,1,177,True,619.41,False
AUTO304922,26,6,turismo,6,223.0,particular,26079,Barcelona,agente,mensual,0,61,False,537.73,False
AUTO304820,70,48,turismo,7,192.0,particular,30471,Sevilla,telefono,anual,0,51,False,423.38,False
AUTO303369,22,0,turismo,9,88.0,particular,13200,Sevilla,online,anual,1,80,False,500.59,False
AUTO302138,65,41,furgoneta,7,279.0,particular,11460,Malaga,correduria,anual,1,147,False,517.93,False
AUTO303662,74,55,turismo,16,106.0,particular,28981,Asturias,telefono,mensual,0,159,True,184.18,False
AUTO304876,27,5,turismo,3,179.0,particular,20209,Lleida,online,mensual,0,2,True,446.84,False
AUTO300336,70,47,moto,18,71.0,particular,17555,Asturias,online,anual,0,25,False,219.23,False
AUTO302673,40,20,moto,17,198.0,particular,32676,Zaragoza,online,anual,1,150,False,569.29,True
AUTO302276,57,38,todoterreno,2,84.0,particular,39840,Sevilla,correduria,mensual,0,29,False,274.31,False
AUTO302018,79,58,turismo,9,76.0,particular,9636,Lleida,correduria,mensual,0,20,False,353.83,False
AUTO300126,20,0,furgoneta,19,214.0,mixto,38252,Madrid,online,mensual,0,143,False,531.04,False
AUTO301773,23,1,turismo,17,75.0,particular,19668,Girona,correduria,anual,0,119,False,393.41,False
AUTO304846,68,45,todoterreno,4,92.0,particular,12674,Girona,correduria,anual,0,152,False,228.15,False
AUTO301120,48,28,furgoneta,8,288.0,particular,27441,Vizcaya,correduria,mensual,2,1,False,697.44,False
AUTO300204,24,5,todoterreno,4,185.0,particular,31667,Alicante,telefono,anual,0,139,False,451.97,False
AUTO301543,64,44,todoterreno,2,288.0,particular,21869,Baleares,correduria,anual,0,41,False,466.74,False
AUTO302757,55,33,turismo,10,195.0,particular,30789,Cantabria,telefono,anual,0,46,True,424.6,False
AUTO302869,34,14,todoterreno,13,172.0,particular,11264,Sevilla,telefono,mensual,1,47,False,599.56,False
AUTO303159,20,0,turismo,17,265.0,particular,29297,Zaragoza,agente,anual,0,179,False,567.27,False
AUTO303836,69,46,moto,2,290.0,particular,20159,Baleares,telefono,mensual,1,168,False,614.86,False
AUTO303598,61,41,turismo,16,84.0,mixto,6014,Cantabria,telefono,mensual,0,129,False,240.29,False
AUTO303809,59,38,furgoneta,16,227.0,mixto,21378,Cantabria,online,mensual,1,149,False,580.15,False
AUTO301576,18,0,turismo,10,176.0,particular,4213,A Coruna,agente,mensual,0,174,False,452.43,False
AUTO304362,78,54,turismo,4,139.0,particular,16833,Girona,correduria,mensual,0,66,False,329.44,False
AUTO302964,73,53,turismo,19,176.0,particular,15630,Malaga,online,mensual,0,40,False,283.4,False
AUTO303653,75,52,turismo,9,274.0,mixto,24322,Valencia,correduria,mensual,0,171,True,417.88,False
AUTO304639,53,35,turismo,19,64.0,particular,16706,Lleida,telefono,anual,2,29,False,500.98,False
AUTO303549,57,37,furgoneta,15,85.0,mixto,15408,Vizcaya,correduria,mensual,0,112,False,229.53,False
AUTO304142,56,37,turismo,10,75.0,particular,23157,Malaga,telefono,mensual,1,17,False,419.81,False
AUTO300255,41,22,turismo,15,74.0,particular,21218,Cantabria,online,mensual,1,113,False,441.94,False
AUTO303960,37,18,moto,19,291.0,particular,10485,Zaragoza,correduria,mensual,0,50,False,615.44,False
AUTO300604,26,5,turismo,4,171.0,particular,26631,Valencia,correduria,anual,0,123,True,438.69,False
AUTO304894,29,8,turismo,2,127.0,mixto,23357,Sevilla,agente,mensual,0,83,False,360.23,True
AUTO304141,48,27,furgoneta,13,179.0,particular,22623,Barcelona,agente,anual,0,111,False,410.27,False
AUTO303820,40,16,turismo,16,225.0,particular,30348,Lleida,correduria,mensual,0,93,False,490.0,False
AUTO300535,38,18,moto,14,237.0,particular,37445,Baleares,telefono,mensual,0,99,True,509.1,True
AUTO300779,52,31,moto,5,234.0,particular,38256,Lleida,online,anual,0,142,False,517.72,False
AUTO300372,51,30,furgoneta,2,235.0,particular,10797,Asturias,correduria,mensual,0,1,False,418.86,True
AUTO304884,48,26,furgoneta,4,188.0,particular,11902,Cantabria,online,anual,0,163,False,440.59,False
AUTO302432,59,41,furgoneta,18,244.0,particular,8256,Madrid,online,anual,0,22,False,557.72,False
AUTO302161,57,39,turismo,1,208.0,particular,10380,Malaga,agente,mensual,0,67,False,490.93,False
AUTO300847,54,32,furgoneta,18,82.0,particular,16494,Barcelona,agente,mensual,0,163,False,326.84,False
AUTO302754,70,46,turismo,0,92.0,particular,3328,Asturias,telefono,mensual,0,117,False,252.29,False
AUTO304823,56,36,todoterreno,7,172.0,particular,29185,Baleares,agente,mensual,1,153,False,510.33,False
AUTO301277,79,56,turismo,4,246.0,particular,37437,Lleida,correduria,mensual,1,71,False,431.81,False
AUTO300926,39,21,turismo,13,122.0,particular,27750,Vizcaya,online,mensual,0,8,False,386.99,False
AUTO302455,61,43,todoterreno,17,181.0,particular,34346,Barcelona,online,mensual,0,2,True,423.76,False
AUTO303057,59,40,turismo,7,244.0,particular,34715,Zaragoza,correduria,mensual,0,176,False,418.08,True
AUTO300611,61,37,turismo,12,208.0,particular,10207,Baleares,agente,anual,0,171,False,489.34,True
AUTO301350,56,32,moto,7,165.0,particular,19939,Zaragoza,telefono,anual,1,60,False,470.91,False
AUTO301306,65,43,turismo,0,230.0,particular,12705,Barcelona,agente,anual,0,38,False,301.01,False
AUTO301894,64,44,turismo,18,,particular,19600,Lleida,correduria,anual,0,114,False,491.92,False
AUTO304033,27,5,moto,7,244.0,particular,38358,Girona,telefono,anual,0,20,False,539.32,False
AUTO301813,49,29,turismo,6,68.0,mixto,26605,Barcelona,online,mensual,1,82,True,403.17,False
AUTO303042,70,47,todoterreno,9,212.0,particular,16790,A Coruna,telefono,mensual,1,92,False,584.67,True
AUTO302791,45,25,turismo,19,118.0,mixto,25198,Malaga,correduria,mensual,0,89,False,443.42,False
AUTO301256,47,29,turismo,10,225.0,particular,14258,Girona,correduria,mensual,0,92,False,529.04,False
AUTO304810,65,46,furgoneta,11,235.0,particular,13326,Girona,agente,anual,1,133,False,585.61,False
AUTO300512,29,11,turismo,9,160.0,particular,7709,A Coruna,online,mensual,0,98,False,445.96,False
AUTO300195,71,49,turismo,15,196.0,particular,30291,Vizcaya,correduria,mensual,0,156,False,405.32,False
AUTO304438,60,42,furgoneta,7,222.0,particular,2176,Asturias,agente,mensual,0,102,False,364.68,False
AUTO301396,68,45,todoterreno,5,292.0,particular,5974,A Coruna,online,mensual,0,118,False,458.47,False
AUTO302801,75,51,moto,15,132.0,particular,6995,A Coruna,correduria,anual,0,29,True,388.79,False
AUTO302913,78,59,turismo,3,163.0,particular,25058,Baleares,online,anual,0,23,False,304.79,False
AUTO302789,20,0,turismo,9,169.0,mixto,19953,Madrid,agente,mensual,1,142,False,586.72,False
AUTO303844,59,39,turismo,7,224.0,mixto,5128,Lleida,agente,mensual,0,124,True,445.6,False
AUTO304659,31,12,moto,5,286.0,particular,22338,Alicante,online,mensual,1,68,False,657.87,False
AUTO302940,78,57,turismo,4,292.0,particular,13422,Zaragoza,online,anual,0,108,False,404.0,False
AUTO302512,18,0,moto,11,123.0,particular,7971,Tarragona,telefono,mensual,0,74,False,430.1,False
AUTO302178,20,2,todoterreno,14,198.0,particular,31723,Malaga,correduria,mensual,1,104,False,508.8,False
AUTO301191,53,29,moto,14,136.0,mixto,9672,Malaga,telefono,mensual,2,156,False,576.57,False
AUTO301634,49,26,turismo,0,293.0,particular,37611,Cantabria,correduria,anual,0,169,False,540.37,False
AUTO300339,35,11,turismo,2,76.0,mixto,18100,Tarragona,telefono,mensual,0,141,False,272.49,False
AUTO300449,24,3,furgoneta,2,279.0,particular,32648,Valencia,correduria,mensual,0,24,False,582.43,False
AUTO300444,24,2,furgoneta,10,132.0,particular,22513,Girona,online,mensual,0,137,True,410.09,False
AUTO300145,57,38,todoterreno,3,148.0,particular,12618,Zaragoza,online,mensual,0,117,False,393.47,False
AUTO300171,70,50,furgoneta,3,243.0,particular,34879,Zaragoza,telefono,anual,0,109,False,405.1,False
AUTO300472,21,0,moto,16,256.0,mixto,27346,Barcelona,correduria,mensual,1,30,False,563.65,False
AUTO301328,22,0,turismo,16,206.0,particular,10357,Vizcaya,agente,anual,1,79,True,606.85,False
AUTO301942,62,43,turismo,10,290.0,particular,4488,Asturias,agente,mensual,0,17,False,509.2,False
AUTO300016,30,7,turismo,8,184.0,particular,14383,Valencia,correduria,mensual,0,105,False,476.39,False
AUTO303502,42,18,turismo,4,192.0,particular,8797,Tarragona,correduria,mensual,2,51,False,639.6,False
AUTO303804,36,16,moto,4,286.0,particular,35343,Tarragona,online,mensual,0,68,True,551.74,False
AUTO304957,38,14,turismo,13,179.0,mixto,11506,Vizcaya,agente,mensual,0,173,False,468.94,False
AUTO304462,18,0,turismo,6,211.0,particular,38605,A Coruna,correduria,mensual,0,57,False,464.0,False
AUTO304180,34,15,turismo,14,264.0,particular,34367,Zaragoza,telefono,mensual,0,39,False,638.01,False
AUTO304844,37,19,turismo,0,106.0,particular,20914,Valencia,online,mensual,0,130,False,355.14,False
AUTO300723,39,15,turismo,15,255.0,particular,11652,Valencia,online,mensual,0,42,False,564.05,False
AUTO302196,66,43,turismo,0,191.0,particular,26373,Lleida,telefono,mensual,0,20,False,426.18,True
AUTO302391,77,55,turismo,17,229.0,particular,28438,Asturias,correduria,mensual,0,173,False,458.48,False
AUTO302215,20,0,turismo,19,139.0,particular,2434,Lleida,correduria,mensual,1,41,True,523.59,False
AUTO302899,25,5,furgoneta,1,286.0,particular,14346,Baleares,online,mensual,0,65,False,578.71,False
AUTO300258,59,40,turismo,0,167.0,mixto,18582,Baleares,online,anual,0,4,False,347.04,False
AUTO304419,30,12,turismo,14,248.0,particular,14533,Asturias,online,mensual,0,34,False,530.49,False
AUTO304349,29,10,turismo,13,193.0,particular,4758,Sevilla,correduria,anual,0,48,False,514.54,False
AUTO302334,70,49,todoterreno,14,216.0,particular,35869,Asturias,online,mensual,0,150,False,463.08,False
AUTO303617,34,12,moto,10,95.0,particular,39366,Malaga,telefono,mensual,0,28,False,417.37,False
AUTO300930,41,21,furgoneta,18,295.0,particular,3246,Alicante,online,mensual,0,26,False,593.68,False
AUTO304073,47,24,turismo,6,182.0,particular,16711,Barcelona,online,anual,3,1,False,702.32,False
AUTO302156,62,40,turismo,4,290.0,particular,35478,Tarragona,telefono,anual,0,162,False,445.17,False
AUTO303923,20,0,turismo,1,282.0,particular,29771,Girona,online,mensual,0,96,False,574.48,False
AUTO303352,32,12,turismo,3,288.0,particular,29017,Malaga,telefono,anual,0,105,False,559.2,False
AUTO301972,65,43,turismo,7,198.0,particular,18855,Malaga,online,mensual,0,63,True,441.54,False
AUTO302233,62,40,moto,11,168.0,particular,27765,Tarragona,online,anual,1,98,False,401.9,False
AUTO302665,38,14,turismo,13,283.0,particular,31020,Vizcaya,agente,mensual,0,2,False,539.25,False
AUTO300084,59,38,todoterreno,1,122.0,particular,29187,Barcelona,agente,anual,1,61,False,496.43,False
AUTO300343,51,33,turismo,12,109.0,particular,8151,Asturias,telefono,mensual,1,113,True,413.68,False
AUTO300617,66,44,turismo,10,77.0,particular,33424,Baleares,correduria,anual,0,138,False,228.37,False
AUTO302477,51,29,turismo,19,115.0,particular,36101,Lleida,agente,mensual,0,62,False,364.75,False
AUTO303349,61,39,turismo,4,179.0,mixto,21184,Girona,correduria,mensual,0,20,True,348.54,False
AUTO303084,19,1,turismo,18,148.0,particular,25992,Vizcaya,online,anual,0,98,True,521.8,True
AUTO301007,36,14,todoterreno,10,81.0,particular,32828,Valencia,online,mensual,0,140,False,310.59,False
AUTO302071,47,25,turismo,10,172.0,particular,36717,Zaragoza,telefono,mensual,0,11,False,402.84,False
AUTO302551,49,30,furgoneta,18,68.0,particular,14753,Asturias,telefono,mensual,0,164,True,310.4,False
AUTO303850,69,48,turismo,17,175.0,particular,36149,Lleida,correduria,anual,0,40,False,355.01,False
AUTO300205,43,22,furgoneta,1,97.0,particular,2238,Madrid,telefono,anual,0,124,False,336.75,False
AUTO304277,78,56,furgoneta,1,219.0,particular,7443,A Coruna,correduria,anual,0,6,False,383.08,False
AUTO303717,40,19,furgoneta,6,259.0,particular,34622,Lleida,telefono,mensual,0,82,True,542.92,True
AUTO300224,44,22,moto,2,280.0,mixto,33356,Valencia,correduria,mensual,2,139,False,697.59,False
AUTO301901,70,46,todoterreno,12,237.0,particular,19713,Vizcaya,telefono,anual,0,10,False,426.28,True
AUTO303330,75,54,moto,8,198.0,particular,4469,Asturias,telefono,mensual,0,121,False,340.71,False
AUTO302019,72,52,furgoneta,1,293.0,particular,37814,Valencia,telefono,anual,1,49,False,532.74,False
AUTO302953,21,2,todoterreno,16,160.0,mixto,11900,Tarragona,correduria,mensual,2,128,False,648.94,False
AUTO303326,66,42,turismo,15,175.0,particular,39964,Malaga,correduria,mensual,0,98,False,388.08,False
AUTO304655,77,56,turismo,3,255.0,particular,8276,Vizcaya,agente,mensual,0,22,False,458.19,False
AUTO304003,30,8,turismo,14,190.0,mixto,22893,Alicante,online,mensual,0,116,False,449.43,False
AUTO300004,20,0,turismo,5,124.0,particular,30778,Alicante,correduria,anual,1,120,False,468.98,False
AUTO302742,44,26,turismo,15,106.0,particular,32207,Baleares,correduria,mensual,2,104,False,548.37,False
AUTO302103,72,50,turismo,17,98.0,particular,20722,Barcelona,agente,mensual,1,37,False,464.67,False
AUTO303195,54,36,moto,17,263.0,particular,19512,Asturias,online,mensual,1,10,False,629.79,False
AUTO301538,61,41,furgoneta,7,185.0,particular,15055,A Coruna,agente,mensual,1,21,False,609.66,True
AUTO301113,58,39,turismo,19,63.0,mixto,27741,Madrid,online,mensual,0,29,False,221.96,False
AUTO303021,35,17,turismo,15,218.0,particular,2474,Malaga,agente,anual,0,101,False,487.06,True
AUTO301407,66,48,furgoneta,18,116.0,particular,38298,A Coruna,agente,anual,0,104,False,361.34,False
AUTO304874,39,15,todoterreno,14,260.0,particular,36919,Vizcaya,correduria,anual,0,159,False,553.17,False
AUTO304456,78,57,todoterreno,11,296.0,particular,29807,Zaragoza,online,anual,1,116,False,548.9,False
AUTO304620,27,7,furgoneta,13,289.0,particular,31966,Valencia,online,mensual,1,54,False,710.44,False
AUTO304000,27,5,turismo,3,116.0,particular,5960,Zaragoza,telefono,mensual,0,89,False,374.75,False
AUTO301608,38,14,moto,13,234.0,particular,35844,Lleida,telefono,anual,0,100,False,499.61,False
AUTO303225,24,1,turismo,4,121.0,particular,26616,Girona,telefono,mensual,0,7,True,458.54,False
AUTO304197,35,16,turismo,6,119.0,particular,26332,Vizcaya,online,mensual,0,43,True,384.6,False
AUTO303709,56,36,turismo,14,94.0,particular,4771,Sevilla,telefono,mensual,0,39,False,345.91,False
AUTO303801,61,37,todoterreno,11,283.0,particular,37726,Valencia,correduria,mensual,0,41,True,522.88,False
AUTO302154,79,58,turismo,3,266.0,particular,33015,Vizcaya,correduria,anual,0,97,False,444.32,False
AUTO302285,59,37,turismo,8,128.0,particular,12693,Lleida,agente,anual,1,35,False,428.92,True
AUTO300856,41,17,furgoneta,7,163.0,particular,39184,A Coruna,online,mensual,0,127,False,345.94,False
AUTO301551,66,43,turismo,10,292.0,particular,26096,Barcelona,telefono,mensual,1,32,False,556.42,False
AUTO302520,78,57,turismo,8,198.0,particular,34145,Valencia,telefono,mensual,0,172,True,351.7,False
AUTO300312,40,22,turismo,9,220.0,particular,31537,Cantabria,online,anual,1,136,False,545.07,False
AUTO302052,38,16,furgoneta,5,260.0,particular,15073,Zaragoza,online,anual,0,28,False,482.78,False
AUTO304461,49,31,furgoneta,8,73.0,particular,24236,Asturias,agente,mensual,1,88,False,411.44,False
AUTO303168,23,2,turismo,19,237.0,particular,32182,Girona,online,anual,0,62,True,518.71,False
AUTO303237,70,48,turismo,5,158.0,particular,16665,Asturias,online,mensual,0,103,False,262.43,False
AUTO300746,18,0,turismo,7,203.0,particular,33744,Tarragona,agente,anual,0,152,False,489.65,True
AUTO302295,78,60,moto,15,113.0,particular,5428,Madrid,agente,mensual,0,99,False,285.6,False
AUTO302851,46,27,turismo,7,130.0,particular,4160,Alicante,agente,mensual,0,100,True,418.99,True
AUTO302997,40,21,turismo,15,120.0,mixto,38780,Alicante,online,anual,0,144,False,340.42,False
AUTO301148,46,23,turismo,13,261.0,particular,5336,Baleares,agente,mensual,1,110,False,612.01,False
AUTO301131,47,26,turismo,11,119.0,particular,19801,Cantabria,telefono,mensual,0,67,False,436.07,False
AUTO303466,69,48,todoterreno,19,291.0,particular,24146,Madrid,online,mensual,0,104,False,527.14,True
AUTO302446,28,5,furgoneta,5,143.0,particular,12954,Malaga,online,mensual,1,69,False,484.06,False
AUTO304082,52,33,turismo,8,201.0,mixto,8580,Zaragoza,telefono,mensual,0,85,False,543.43,False
AUTO303341,19,0,turismo,17,95.0,particular,38366,Girona,correduria,mensual,2,94,True,612.51,False
AUTO304786,49,28,turismo,7,70.0,mixto,8347,Madrid,agente,mensual,0,129,False,314.63,False
AUTO300124,54,34,turismo,5,95.0,particular,28535,Girona,telefono,anual,1,1,True,324.32,False
AUTO302888,71,53,turismo,9,218.0,particular,6227,Zaragoza,agente,mensual,0,30,False,314.51,False
AUTO303361,69,48,turismo,16,80.0,particular,37174,Madrid,agente,mensual,1,49,False,401.95,False
AUTO304289,68,46,turismo,11,73.0,particular,31494,Baleares,correduria,anual,1,96,False,398.74,False
AUTO302175,78,57,turismo,17,153.0,particular,3003,Alicante,online,anual,0,139,False,387.1,False
AUTO302504,56,35,turismo,5,225.0,particular,4028,Baleares,telefono,mensual,2,42,False,625.55,False
AUTO301503,53,31,turismo,0,269.0,particular,26055,Tarragona,online,anual,0,71,False,509.24,False
AUTO304761,29,11,todoterreno,12,149.0,particular,39444,Sevilla,online,mensual,0,100,False,471.83,False
AUTO303153,52,31,turismo,6,129.0,particular,28417,Vizcaya,online,mensual,0,45,False,402.7,False
AUTO300184,40,20,turismo,9,221.0,particular,23780,Lleida,correduria,anual,0,174,False,505.31,False
AUTO302454,28,4,turismo,10,193.0,particular,16840,Malaga,agente,anual,1,78,False,523.0,False
AUTO300361,25,5,turismo,5,151.0,particular,35592,Girona,online,anual,1,1,False,522.67,False
AUTO301747,62,43,turismo,12,261.0,mixto,14925,Sevilla,agente,mensual,0,138,False,505.83,False
AUTO301390,60,37,turismo,12,275.0,particular,39236,Madrid,online,anual,1,71,False,633.71,False
AUTO302833,60,37,turismo,18,243.0,particular,29109,Girona,telefono,anual,0,84,False,540.02,True
AUTO303835,28,8,turismo,4,84.0,particular,36517,A Coruna,online,mensual,0,87,False,408.97,False
AUTO303342,19,1,turismo,16,169.0,particular,11997,Lleida,telefono,mensual,1,2,False,527.89,False
AUTO304740,50,30,turismo,18,105.0,particular,15064,Zaragoza,telefono,mensual,1,43,False,396.67,False
AUTO304993,53,29,turismo,1,218.0,particular,26585,Barcelona,agente,mensual,1,91,False,555.19,False
AUTO303460,74,52,turismo,19,267.0,mixto,36937,Malaga,telefono,anual,0,43,False,465.21,False
AUTO302024,68,44,turismo,7,82.0,particular,6285,Asturias,telefono,mensual,0,56,False,218.43,False
AUTO302525,42,20,turismo,4,182.0,particular,33577,A Coruna,telefono,mensual,1,42,False,525.19,False
AUTO301383,27,4,turismo,12,290.0,particular,18179,Madrid,correduria,mensual,1,122,False,658.58,False
AUTO304628,40,16,turismo,1,206.0,particular,30530,Vizcaya,correduria,anual,0,55,True,489.49,False
AUTO302200,20,1,turismo,5,89.0,particular,5739,Malaga,agente,anual,0,72,False,344.68,False
AUTO304382,67,49,turismo,1,182.0,particular,16609,Tarragona,correduria,mensual,0,80,False,322.84,False
AUTO303537,45,21,turismo,17,160.0,particular,6531,Madrid,agente,mensual,0,171,False,464.68,False
AUTO300994,30,11,turismo,2,242.0,particular,39247,Girona,agente,mensual,0,126,False,522.9,False
AUTO303145,34,12,turismo,6,244.0,particular,22344,Baleares,agente,anual,0,176,False,542.1,False
AUTO303694,42,23,turismo,10,150.0,particular,16095,Baleares,correduria,mensual,0,92,False,454.48,False
AUTO302088,76,57,turismo,6,103.0,particular,34564,Lleida,correduria,anual,0,90,False,372.44,False
AUTO302507,41,23,furgoneta,17,208.0,particular,27096,A Coruna,correduria,anual,0,111,False,468.71,True
AUTO301546,47,27,turismo,12,123.0,particular,39573,Valencia,correduria,anual,1,59,False,439.84,False
AUTO301173,26,3,moto,15,195.0,particular,14381,Sevilla,agente,anual,0,47,True,539.61,False
AUTO303090,72,50,todoterreno,12,99.0,particular,38462,Zaragoza,telefono,mensual,0,42,False,290.51,False
AUTO301372,39,15,todoterreno,11,155.0,particular,9733,Baleares,online,anual,0,9,False,442.02,False
AUTO301585,26,5,turismo,18,240.0,mixto,20013,Vizcaya,correduria,mensual,0,131,False,578.42,False
AUTO303356,35,12,turismo,1,142.0,mixto,35898,Girona,online,mensual,0,23,False,379.72,False
AUTO304598,36,15,furgoneta,6,222.0,particular,8300,Madrid,telefono,mensual,1,139,False,596.12,False
AUTO304394,41,18,turismo,6,239.0,mixto,12214,Valencia,online,anual,0,7,False,504.29,False
AUTO303517,58,38,turismo,17,285.0,particular,39191,Asturias,agente,anual,0,5,True,545.33,False
AUTO300299,79,58,moto,8,244.0,mixto,29004,Baleares,online,mensual,0,80,True,444.49,False
AUTO303539,27,8,turismo,3,215.0,particular,18029,Barcelona,agente,anual,0,1,False,443.53,False
AUTO304187,63,41,furgoneta,3,188.0,particular,15823,Barcelona,online,mensual,0,135,False,390.5,False
AUTO300807,40,22,turismo,7,132.0,particular,9666,Malaga,correduria,anual,2,41,False,480.28,False
AUTO304947,75,54,turismo,3,72.0,particular,15088,Tarragona,telefono,anual,0,86,False,277.12,False
AUTO302554,76,53,turismo,13,175.0,particular,12598,Lleida,agente,anual,0,170,False,354.31,False
AUTO303996,54,36,turismo,4,154.0,particular,26453,Vizcaya,correduria,mensual,0,91,False,369.71,False
AUTO304017,59,35,turismo,15,100.0,particular,21909,Malaga,online,mensual,0,72,False,419.56,False
AUTO303297,47,26,turismo,5,152.0,particular,6964,Tarragona,agente,mensual,0,112,False,365.36,True
AUTO304532,78,54,turismo,14,214.0,mixto,33930,Girona,online,mensual,0,107,False,456.58,True
AUTO302140,62,38,turismo,8,277.0,particular,11776,Baleares,online,anual,0,88,False,622.59,False
AUTO301648,35,13,turismo,2,218.0,particular,14658,Barcelona,telefono,anual,0,123,False,522.47,False
AUTO303130,22,4,furgoneta,14,102.0,particular,34544,Baleares,telefono,mensual,0,30,False,466.88,False
AUTO302032,52,32,turismo,13,179.0,mixto,25619,Barcelona,agente,mensual,0,115,False,480.66,False
AUTO301145,77,53,furgoneta,7,208.0,particular,12934,Girona,agente,mensual,2,99,False,570.37,False
AUTO300817,60,39,turismo,13,170.0,particular,9760,Lleida,telefono,anual,0,159,False,425.79,False
AUTO303208,42,19,furgoneta,5,265.0,particular,8967,Madrid,correduria,mensual,0,149,False,573.39,False
AUTO302805,31,7,turismo,13,89.0,particular,9755,Vizcaya,telefono,mensual,1,113,False,420.45,False
AUTO300627,64,46,turismo,7,286.0,particular,9480,Madrid,online,anual,0,127,False,477.59,False
AUTO304607,30,11,turismo,15,256.0,particular,12291,Vizcaya,online,anual,0,20,False,531.27,False
AUTO303987,33,9,todoterreno,11,83.0,particular,12139,Tarragona,agente,mensual,2,49,True,522.83,True
AUTO301860,48,30,turismo,1,157.0,particular,22817,Tarragona,correduria,anual,1,88,False,472.59,False
AUTO301870,25,2,moto,17,257.0,particular,10352,Madrid,telefono,anual,0,91,False,568.76,False
AUTO304837,74,56,turismo,0,238.0,particular,36103,Zaragoza,agente,anual,0,94,False,351.15,False
AUTO301287,42,23,furgoneta,19,68.0,particular,2185,Cantabria,correduria,mensual,1,42,False,400.82,False
AUTO303426,76,58,turismo,3,109.0,particular,29047,Asturias,correduria,mensual,0,28,False,273.8,False
AUTO303621,44,22,turismo,4,78.0,particular,7740,Zaragoza,online,anual,0,30,False,315.1,False
AUTO303735,72,49,moto,17,240.0,particular,10432,Sevilla,agente,mensual,0,93,False,555.18,False
AUTO301097,79,60,turismo,4,203.0,particular,5497,Vizcaya,agente,mensual,0,40,False,303.09,False
AUTO304290,21,0,turismo,15,137.0,particular,15814,Lleida,agente,anual,0,88,True,412.25,False
AUTO304970,35,11,turismo,15,228.0,mixto,26242,Malaga,correduria,anual,0,68,False,574.34,False
AUTO300684,30,10,turismo,8,172.0,particular,17415,Malaga,online,anual,0,51,False,474.22,False
AUTO300042,34,13,turismo,1,105.0,particular,20793,Vizcaya,online,mensual,0,174,True,361.29,False
AUTO302054,71,49,turismo,12,130.0,particular,29469,Sevilla,online,anual,0,2,False,364.41,False
AUTO301210,71,48,todoterreno,19,143.0,particular,19384,Lleida,agente,mensual,0,61,False,407.98,False
AUTO302722,24,3,moto,12,132.0,particular,37732,A Coruna,telefono,mensual,0,30,False,412.74,False
AUTO302702,43,23,turismo,11,137.0,particular,3190,Lleida,online,anual,0,172,True,401.12,False
AUTO300921,46,27,turismo,5,207.0,particular,4557,Valencia,correduria,mensual,0,103,False,461.18,False
AUTO303875,59,37,turismo,6,136.0,mixto,15982,Alicante,agente,mensual,1,93,False,457.06,False
AUTO300379,60,39,moto,6,200.0,mixto,3444,Barcelona,online,mensual,1,179,False,561.16,False
AUTO300090,28,7,furgoneta,3,206.0,particular,33310,Alicante,telefono,anual,0,56,False,436.68,False
AUTO301851,67,47,turismo,17,104.0,particular,26397,Asturias,agente,anual,0,178,False,312.08,False
AUTO302730,56,35,turismo,7,97.0,mixto,9809,Baleares,correduria,mensual,1,150,False,394.77,False
AUTO302344,24,3,turismo,14,254.0,particular,34018,Sevilla,correduria,anual,0,14,False,566.16,False
AUTO304782,74,50,moto,16,134.0,mixto,39732,Cantabria,correduria,mensual,1,4,True,477.35,True
AUTO304813,79,55,turismo,3,194.0,particular,4055,Baleares,online,mensual,0,128,False,284.4,False
AUTO304853,75,51,furgoneta,13,263.0,particular,2332,Tarragona,online,mensual,1,76,False,651.96,False
AUTO302353,74,54,turismo,2,82.0,particular,8236,Baleares,telefono,anual,1,46,False,398.74,False
AUTO300286,44,24,turismo,1,133.0,particular,16757,Barcelona,correduria,mensual,0,49,False,316.2,False
AUTO302627,77,59,turismo,6,220.0,particular,14507,A Coruna,agente,mensual,0,135,False,350.75,False
AUTO300915,42,20,turismo,6,162.0,mixto,25093,Valencia,correduria,anual,1,30,False,504.44,False
AUTO303531,70,52,turismo,17,126.0,particular,17847,Tarragona,online,mensual,1,171,False,466.44,False
AUTO303656,44,22,turismo,0,110.0,particular,31636,Madrid,online,anual,0,147,False,319.39,False
AUTO303453,19,0,turismo,2,276.0,particular,25540,Asturias,telefono,mensual,0,25,False,600.54,True
AUTO300370,71,51,turismo,11,180.0,mixto,16684,Barcelona,telefono,anual,1,144,False,477.89,False
AUTO300572,70,48,turismo,10,256.0,particular,30683,Madrid,correduria,mensual,0,174,False,404.36,False
AUTO300031,66,45,turismo,16,217.0,particular,23902,Girona,agente,mensual,0,96,False,450.83,False
AUTO300988,23,0,turismo,1,264.0,mixto,27474,Cantabria,telefono,mensual,0,58,False,492.69,False
AUTO300484,38,17,moto,12,215.0,particular,23885,Zaragoza,online,mensual,0,174,False,480.25,False
AUTO303561,64,45,turismo,3,182.0,particular,21951,Barcelona,online,anual,0,146,False,447.4,False
AUTO302860,73,54,turismo,11,260.0,particular,36104,Asturias,online,anual,1,20,False,574.47,False
AUTO304714,53,35,turismo,3,138.0,particular,27550,Sevilla,online,anual,0,89,True,344.92,False
AUTO302021,19,0,turismo,17,94.0,mixto,20676,Zaragoza,agente,anual,1,157,False,589.39,False
AUTO301468,33,9,turismo,1,175.0,particular,15216,Madrid,agente,anual,0,7,False,398.97,False
AUTO303495,32,8,moto,11,88.0,particular,28705,Barcelona,online,mensual,0,166,False,377.46,True
AUTO304094,46,24,furgoneta,6,98.0,mixto,11293,Sevilla,online,mensual,0,64,False,358.36,True
AUTO300668,32,9,turismo,5,262.0,particular,33988,Barcelona,correduria,mensual,0,112,False,431.43,False
AUTO303467,66,43,turismo,5,97.0,particular,7417,Vizcaya,online,anual,0,119,False,389.94,False
AUTO304898,40,21,moto,5,287.0,particular,6619,Malaga,agente,mensual,0,159,False,514.04,False
AUTO304512,54,32,turismo,1,128.0,particular,4983,Cantabria,agente,anual,0,102,False,265.01,False
AUTO302921,75,52,turismo,18,90.0,particular,3387,Girona,telefono,mensual,0,58,False,296.53,True
AUTO300687,34,13,todoterreno,16,126.0,particular,9469,Malaga,telefono,anual,0,41,True,417.75,False
AUTO302850,49,29,todoterreno,15,226.0,particular,18590,Girona,correduria,anual,0,129,False,475.44,False
AUTO300815,40,20,turismo,2,297.0,particular,35031,Malaga,telefono,mensual,1,91,True,629.21,True
AUTO304276,42,21,turismo,12,92.0,particular,32761,Baleares,correduria,anual,1,88,False,404.69,False
AUTO301944,27,3,todoterreno,17,114.0,particular,17497,Sevilla,telefono,anual,0,54,False,415.77,False
AUTO300634,30,10,turismo,13,234.0,mixto,34077,Baleares,telefono,anual,0,42,False,622.53,False
AUTO301371,19,1,turismo,5,145.0,particular,32871,Vizcaya,telefono,anual,0,92,False,555.12,False
AUTO303357,75,55,turismo,6,286.0,particular,18410,Lleida,agente,mensual,1,28,False,545.08,False
AUTO300495,36,12,furgoneta,10,165.0,particular,28905,Zaragoza,telefono,anual,0,7,False,488.15,False
AUTO301361,56,34,turismo,18,76.0,particular,21111,Lleida,telefono,mensual,0,85,False,431.9,False
AUTO302909,71,49,moto,5,201.0,particular,35257,Zaragoza,agente,anual,0,69,True,363.39,False
AUTO304359,51,28,turismo,13,299.0,particular,38161,Malaga,correduria,mensual,1,112,False,593.78,False
AUTO303387,57,38,moto,2,180.0,mixto,15875,Barcelona,online,anual,0,140,False,483.86,False
AUTO304155,76,57,furgoneta,7,219.0,mixto,7026,Vizcaya,online,anual,0,25,False,396.94,False
AUTO304603,78,58,turismo,4,82.0,particular,2439,Baleares,agente,mensual,0,121,False,257.81,False
AUTO304827,21,3,turismo,7,103.0,mixto,28895,Cantabria,agente,anual,0,104,False,397.78,False
AUTO302343,49,30,turismo,19,85.0,particular,4574,Barcelona,online,mensual,0,45,False,262.74,False
AUTO303826,54,33,turismo,1,141.0,mixto,9292,Cantabria,correduria,mensual,0,67,False,339.65,False
AUTO301793,69,47,turismo,19,105.0,particular,4913,Sevilla,correduria,mensual,1,110,False,424.33,False
AUTO303599,38,17,turismo,18,140.0,particular,3314,Sevilla,telefono,anual,0,30,False,455.28,False
AUTO300857,68,44,turismo,17,257.0,particular,7270,Valencia,online,mensual,0,8,False,483.72,False
AUTO304266,44,20,moto,14,273.0,particular,31305,Tarragona,agente,anual,0,3,False,634.58,False
AUTO302494,73,52,turismo,8,284.0,particular,2492,Baleares,agente,anual,0,111,False,477.66,False
AUTO303212,70,52,turismo,16,229.0,particular,21575,Madrid,correduria,anual,0,154,False,483.07,False
AUTO303612,39,20,turismo,1,114.0,particular,37403,Tarragona,correduria,anual,0,87,False,358.23,False
AUTO300958,60,36,turismo,16,67.0,mixto,7333,Valencia,correduria,mensual,0,177,False,298.0,False
AUTO304828,76,54,turismo,12,254.0,particular,5117,Vizcaya,correduria,mensual,0,23,False,439.68,False
AUTO302458,57,33,turismo,6,236.0,particular,11909,Barcelona,correduria,mensual,0,123,False,461.25,False
AUTO300018,72,49,turismo,11,233.0,particular,13158,Cantabria,online,mensual,1,135,False,562.14,True
AUTO300935,42,18,turismo,19,98.0,particular,25112,Girona,online,anual,1,18,False,387.13,True
AUTO304920,62,44,furgoneta,3,159.0,mixto,9226,Alicante,agente,mensual,1,147,False,410.58,True
AUTO301980,39,15,furgoneta,7,296.0,particular,3155,Baleares,online,anual,0,160,True,540.27,False
AUTO301690,37,19,turismo,19,203.0,particular,6723,Baleares,telefono,anual,0,127,False,478.31,False
AUTO304594,67,43,furgoneta,15,258.0,particular,16609,Barcelona,online,mensual,0,60,False,520.51,False
AUTO303927,53,31,turismo,13,88.0,particular,10121,Cantabria,online,mensual,0,115,False,251.53,False
AUTO300353,52,28,turismo,19,126.0,particular,10476,Madrid,correduria,mensual,0,25,False,405.4,False
AUTO302445,42,18,turismo,2,87.0,particular,21040,Vizcaya,correduria,mensual,1,85,False,375.91,False
AUTO300719,59,35,turismo,10,292.0,mixto,21317,Madrid,online,mensual,1,77,True,677.88,True
AUTO301981,39,20,turismo,16,201.0,mixto,22125,Madrid,telefono,mensual,0,69,False,534.57,False
AUTO302042,62,44,turismo,9,133.0,particular,33951,Alicante,telefono,anual,0,176,False,344.74,False
AUTO300642,73,53,turismo,3,167.0,particular,5794,Asturias,agente,mensual,0,24,False,342.71,True
AUTO303519,34,11,furgoneta,0,207.0,particular,37935,A Coruna,telefono,anual,1,44,False,544.85,False
AUTO303750,61,43,turismo,17,221.0,particular,31994,Valencia,online,anual,0,24,False,472.57,False
AUTO300985,66,46,turismo,4,104.0,particular,7615,Malaga,correduria,mensual,0,1,False,312.79,False
AUTO302803,33,15,turismo,18,245.0,particular,24871,Baleares,correduria,mensual,0,138,False,521.99,False
AUTO303791,25,4,turismo,4,157.0,particular,9647,Vizcaya,telefono,mensual,1,89,False,521.63,False
AUTO302643,50,32,turismo,17,244.0,particular,36600,Asturias,correduria,mensual,0,122,False,504.01,False
AUTO303012,45,26,turismo,2,268.0,particular,20093,Girona,online,anual,1,49,False,540.37,False
AUTO301366,48,30,moto,10,174.0,particular,39588,Valencia,agente,mensual,0,108,False,292.82,False
AUTO301104,44,25,todoterreno,4,260.0,mixto,12283,Girona,online,mensual,0,171,False,493.99,False
AUTO304309,69,51,todoterreno,4,247.0,particular,24459,A Coruna,telefono,anual,0,69,False,385.84,False
AUTO300777,75,55,furgoneta,3,171.0,mixto,39653,Madrid,telefono,anual,0,35,False,440.39,False
AUTO302059,79,58,furgoneta,19,172.0,particular,26561,Tarragona,agente,mensual,1,145,True,529.19,False
AUTO300508,75,57,turismo,3,72.0,particular,10982,Baleares,telefono,mensual,0,32,False,188.21,False
AUTO300689,35,16,moto,12,261.0,mixto,24526,Alicante,correduria,mensual,0,114,False,503.22,False
AUTO301586,23,3,moto,6,171.0,particular,5055,Asturias,correduria,mensual,0,50,False,462.0,True
AUTO303869,21,0,turismo,3,63.0,mixto,6013,Cantabria,agente,anual,0,4,True,441.35,False
AUTO303023,52,29,turismo,17,232.0,particular,35641,Lleida,online,mensual,1,85,False,575.02,False
AUTO300747,55,31,turismo,9,220.0,particular,10659,Sevilla,agente,mensual,1,134,False,562.03,False
AUTO300802,31,10,todoterreno,14,279.0,mixto,9396,Girona,correduria,mensual,0,128,False,694.11,False
AUTO302131,44,24,moto,16,193.0,particular,15816,Girona,online,anual,0,83,False,497.45,False
AUTO302999,66,42,turismo,6,63.0,particular,24697,Sevilla,correduria,anual,0,121,False,261.76,False
AUTO302381,19,1,turismo,1,276.0,particular,23417,Baleares,telefono,anual,0,119,False,496.59,False
AUTO300079,38,19,todoterreno,14,210.0,particular,16507,Girona,correduria,anual,1,70,False,588.26,False
AUTO303952,23,3,todoterreno,2,169.0,particular,33751,Malaga,telefono,mensual,1,104,False,520.49,False
AUTO301456,31,8,turismo,7,149.0,particular,20407,Madrid,correduria,anual,0,20,False,445.0,False
AUTO301344,57,39,turismo,9,182.0,particular,6174,Baleares,online,mensual,0,112,False,436.95,False
AUTO301684,34,13,turismo,6,238.0,particular,15974,Alicante,agente,mensual,0,69,False,511.69,False
AUTO302699,36,17,turismo,17,162.0,particular,10220,Zaragoza,telefono,mensual,0,36,False,473.26,False
AUTO302436,78,58,turismo,1,203.0,mixto,4210,Zaragoza,agente,anual,0,66,False,328.69,True
AUTO303142,49,30,moto,3,63.0,particular,39698,Alicante,agente,anual,1,49,False,382.76,True
AUTO302556,68,48,turismo,19,173.0,particular,32537,A Coruna,correduria,anual,0,166,False,382.7,False
AUTO301700,34,11,furgoneta,8,248.0,particular,25233,Lleida,correduria,mensual,1,57,False,602.63,False
AUTO301609,20,0,turismo,3,92.0,particular,30555,Asturias,telefono,mensual,1,2,False,412.45,False
AUTO303461,53,29,turismo,9,198.0,particular,34476,Alicante,telefono,mensual,0,120,False,434.08,False
AUTO300548,57,33,todoterreno,14,259.0,particular,4070,Barcelona,online,mensual,0,115,False,482.38,False
AUTO304178,53,35,turismo,4,273.0,particular,5432,Lleida,correduria,anual,0,49,True,471.98,False
AUTO303937,55,34,turismo,7,287.0,mixto,36034,Zaragoza,online,mensual,0,106,False,537.05,True
AUTO300095,79,58,furgoneta,17,261.0,particular,5456,Valencia,agente,mensual,1,152,False,558.15,False
AUTO302079,19,0,turismo,9,259.0,particular,25936,Girona,telefono,mensual,0,119,False,531.59,False
AUTO300463,57,37,turismo,2,271.0,particular,39409,Cantabria,correduria,anual,0,30,False,463.9,False
AUTO301013,58,39,turismo,3,67.0,mixto,11237,Valencia,correduria,mensual,0,94,False,283.32,False
AUTO304437,50,26,turismo,8,254.0,mixto,11912,Malaga,telefono,anual,0,1,False,458.53,False
AUTO304431,61,42,turismo,13,195.0,mixto,10708,Tarragona,online,anual,0,148,False,397.58,False
AUTO304987,53,35,turismo,12,79.0,particular,5985,Madrid,correduria,mensual,0,25,False,241.81,False
AUTO302506,65,45,moto,9,237.0,particular,28260,Valencia,telefono,mensual,0,148,False,484.55,False
AUTO304544,22,3,turismo,3,215.0,particular,22629,A Coruna,online,mensual,0,76,False,465.73,False
AUTO302502,41,22,furgoneta,11,67.0,particular,11200,Girona,online,mensual,0,60,False,311.0,False
AUTO303660,46,23,turismo,15,209.0,mixto,26147,Valencia,telefono,mensual,0,50,False,527.45,False
AUTO302984,26,5,turismo,17,188.0,particular,21959,Asturias,correduria,anual,1,172,False,546.21,False
AUTO304479,36,16,turismo,9,131.0,particular,35641,Alicante,online,mensual,0,34,False,386.1,False
AUTO301582,49,30,turismo,6,152.0,particular,21796,Asturias,telefono,mensual,0,162,False,343.64,False
AUTO302581,79,60,furgoneta,4,94.0,mixto,15579,Vizcaya,correduria,anual,0,32,False,224.46,False
AUTO301978,51,30,moto,0,150.0,particular,30073,Baleares,online,anual,1,54,False,459.24,False
AUTO301666,42,18,turismo,9,98.0,particular,4633,Asturias,correduria,mensual,0,177,False,402.51,False
AUTO302361,19,0,turismo,8,114.0,particular,4674,Valencia,agente,anual,1,87,False,454.48,False
AUTO302969,78,59,turismo,1,280.0,particular,32557,Barcelona,agente,mensual,1,93,False,545.19,False
AUTO304765,51,27,todoterreno,5,119.0,particular,14903,Malaga,correduria,mensual,0,24,False,311.63,False
AUTO303831,37,15,todoterreno,0,163.0,particular,3927,Barcelona,online,mensual,0,9,True,461.15,False
AUTO302136,44,22,turismo,7,221.0,particular,37930,Madrid,online,anual,0,40,True,424.45,False
AUTO301357,38,19,furgoneta,18,253.0,particular,23947,Barcelona,agente,anual,0,157,False,554.8,False
AUTO303134,64,42,moto,10,279.0,particular,24169,Sevilla,agente,mensual,0,117,False,481.49,False
AUTO304526,72,54,furgoneta,9,98.0,particular,26148,Madrid,agente,anual,0,107,False,234.28,False
AUTO301636,31,8,turismo,7,184.0,particular,3611,Vizcaya,correduria,mensual,0,15,False,449.48,False
AUTO301231,30,11,turismo,14,284.0,mixto,21707,Madrid,agente,mensual,1,115,False,680.32,False
AUTO304210,79,59,turismo,0,165.0,particular,25012,Malaga,online,anual,1,111,False,402.09,False
AUTO304486,23,3,furgoneta,14,265.0,particular,19874,Girona,telefono,mensual,1,47,False,679.02,False
AUTO304322,61,38,moto,8,106.0,particular,6482,Alicante,agente,mensual,0,33,False,356.07,False
AUTO302500,31,9,turismo,0,110.0,particular,11458,Zaragoza,agente,mensual,0,148,False,384.49,False
AUTO304812,52,31,turismo,0,190.0,particular,37460,Sevilla,correduria,mensual,0,103,False,409.44,False
AUTO300262,53,31,moto,6,185.0,particular,26090,Valencia,correduria,anual,1,113,True,520.18,False
AUTO304774,75,56,turismo,8,152.0,particular,32512,Madrid,correduria,mensual,1,27,False,411.56,False
AUTO303816,33,12,turismo,4,92.0,particular,19660,Cantabria,telefono,anual,2,74,False,491.45,False
AUTO303897,75,51,turismo,14,,particular,33708,Asturias,agente,anual,0,72,False,526.75,False
AUTO300203,20,0,turismo,17,60.0,particular,33318,Baleares,agente,mensual,1,91,False,457.74,False
AUTO302495,48,30,turismo,17,154.0,particular,24137,Vizcaya,online,anual,1,71,False,459.59,False
AUTO300650,61,40,furgoneta,0,155.0,particular,29819,Vizcaya,telefono,anual,0,116,False,319.18,False
AUTO303607,77,59,turismo,2,275.0,mixto,19797,Sevilla,agente,mensual,1,11,False,553.84,False
AUTO300170,30,8,turismo,6,183.0,particular,17789,Baleares,agente,mensual,0,62,False,402.58,False
AUTO304133,78,57,turismo,13,277.0,particular,21663,Zaragoza,agente,mensual,0,129,False,423.94,False
AUTO302626,42,19,turismo,18,218.0,mixto,10458,A Coruna,agente,anual,0,179,False,465.22,False
AUTO303638,50,28,turismo,13,200.0,particular,34710,Madrid,agente,mensual,0,83,False,459.59,False
AUTO300626,56,36,turismo,0,109.0,particular,4768,Cantabria,telefono,mensual,0,115,False,347.06,False
AUTO302302,51,32,turismo,4,138.0,mixto,17443,Asturias,telefono,mensual,0,150,False,389.26,False
AUTO303100,19,0,todoterreno,4,151.0,particular,5579,Cantabria,agente,mensual,1,166,False,575.4,False
AUTO301130,46,24,turismo,2,79.0,mixto,4662,Cantabria,telefono,mensual,0,24,False,262.42,False
AUTO304949,58,34,turismo,11,137.0,particular,18894,Sevilla,agente,anual,0,6,False,417.71,True
AUTO302313,44,23,turismo,19,189.0,mixto,38379,Cantabria,correduria,mensual,0,106,False,476.4,False
AUTO303969,64,42,turismo,1,165.0,particular,20067,Tarragona,telefono,anual,0,155,False,295.47,False
AUTO303032,71,50,moto,16,245.0,particular,25280,Vizcaya,correduria,mensual,0,83,True,410.54,False
AUTO301392,77,58,todoterreno,18,284.0,particular,28881,Madrid,online,anual,0,40,False,454.29,False
AUTO304848,54,31,turismo,5,242.0,mixto,32092,Cantabria,online,mensual,2,105,False,651.26,False
AUTO302945,75,51,turismo,2,239.0,particular,9885,Sevilla,telefono,anual,1,111,False,582.13,False
AUTO304123,19,0,turismo,6,90.0,particular,15129,Girona,agente,mensual,0,37,False,392.89,False
AUTO300980,78,56,turismo,12,254.0,particular,6877,Vizcaya,correduria,mensual,0,116,False,448.55,False
AUTO301830,71,47,turismo,4,167.0,mixto,20580,Sevilla,online,mensual,1,23,False,525.07,False
AUTO301161,76,56,moto,14,291.0,particular,37904,Alicante,online,mensual,0,29,False,547.57,False
AUTO302189,40,21,turismo,17,278.0,particular,21602,Malaga,correduria,anual,0,85,False,531.47,False
AUTO300952,77,53,turismo,15,249.0,particular,38366,Tarragona,online,mensual,0,92,True,515.12,False
AUTO303630,45,22,turismo,4,137.0,particular,35060,Lleida,telefono,anual,0,101,False,370.02,False
AUTO300140,59,40,turismo,10,134.0,particular,31132,Alicante,online,mensual,0,5,False,383.91,False
AUTO300829,22,0,turismo,19,245.0,particular,27419,Cantabria,online,anual,1,11,False,639.21,False
AUTO302680,47,23,furgoneta,17,231.0,particular,18953,Lleida,correduria,mensual,0,170,False,473.73,False
AUTO300169,39,17,turismo,14,149.0,particular,4008,Zaragoza,online,mensual,0,13,True,427.02,False
AUTO300528,76,55,turismo,3,177.0,particular,17572,Zaragoza,correduria,mensual,0,116,False,331.7,False
AUTO303511,62,44,turismo,16,70.0,mixto,29374,Girona,agente,mensual,0,88,False,286.06,False
AUTO304717,45,27,furgoneta,17,281.0,particular,19543,Cantabria,correduria,mensual,0,35,False,558.6,False
AUTO303475,72,53,turismo,5,151.0,mixto,20373,Valencia,online,anual,0,19,True,393.03,False
AUTO302222,75,53,todoterreno,0,184.0,particular,29729,Sevilla,agente,mensual,0,171,False,366.21,False
AUTO304364,30,11,turismo,19,178.0,mixto,17860,Tarragona,telefono,anual,3,33,False,772.52,False
AUTO302689,76,55,turismo,9,194.0,particular,5386,Lleida,telefono,anual,0,25,False,347.37,False
AUTO300765,54,33,turismo,12,63.0,particular,39271,Zaragoza,telefono,mensual,0,39,False,305.89,False
AUTO300960,43,24,turismo,15,165.0,particular,15081,Vizcaya,agente,anual,0,103,False,406.74,False
AUTO304566,30,10,turismo,3,94.0,particular,20180,Girona,correduria,mensual,1,68,False,411.69,False
AUTO302650,78,59,turismo,4,287.0,particular,5033,Girona,telefono,mensual,0,99,False,513.72,True
AUTO301909,76,56,turismo,1,298.0,particular,15231,Baleares,online,mensual,0,146,False,567.94,False
AUTO300593,30,9,moto,0,69.0,particular,16648,Sevilla,correduria,anual,0,92,False,301.9,False
AUTO302678,18,0,todoterreno,13,231.0,particular,31599,Vizcaya,correduria,mensual,1,40,False,657.5,True
AUTO304915,76,52,furgoneta,4,230.0,mixto,12655,Sevilla,telefono,mensual,2,174,False,590.24,False
AUTO300648,66,42,moto,5,81.0,particular,3740,Malaga,online,anual,0,141,True,278.94,False
AUTO301389,24,5,turismo,15,299.0,mixto,32737,Alicante,correduria,mensual,1,48,False,696.52,False
AUTO304624,41,18,moto,10,199.0,particular,37631,Girona,telefono,mensual,0,90,False,445.64,False
AUTO300317,59,36,turismo,7,116.0,particular,31743,Madrid,correduria,anual,0,7,True,348.54,False
AUTO303148,25,5,todoterreno,19,227.0,mixto,7856,Girona,online,mensual,0,153,False,526.4,True
AUTO304527,29,7,turismo,1,88.0,particular,3196,Malaga,online,mensual,0,86,False,304.72,False
AUTO304327,49,28,todoterreno,9,90.0,particular,32174,Vizcaya,telefono,mensual,0,100,False,277.29,False
AUTO301188,37,17,moto,5,116.0,particular,17479,Asturias,correduria,mensual,0,131,False,358.43,False
AUTO303991,59,36,turismo,14,140.0,particular,4414,Madrid,online,mensual,1,28,False,483.1,False
AUTO300093,78,60,todoterreno,2,164.0,particular,23948,A Coruna,agente,mensual,0,29,False,321.31,False
AUTO301640,31,12,turismo,3,272.0,particular,16954,Cantabria,correduria,anual,0,172,False,547.16,True
AUTO304498,21,2,turismo,8,175.0,mixto,32697,Alicante,online,anual,1,131,False,555.63,False
AUTO301514,37,16,turismo,15,266.0,particular,34538,Malaga,online,mensual,0,39,False,521.39,False
AUTO300793,25,6,turismo,1,84.0,particular,4803,Sevilla,correduria,mensual,0,11,False,315.11,False
AUTO304743,64,42,furgoneta,17,74.0,particular,9523,Valencia,online,mensual,0,168,False,278.55,False
AUTO304405,49,30,turismo,0,72.0,particular,18836,Barcelona,agente,anual,1,14,False,338.35,False
AUTO302748,19,0,turismo,0,226.0,particular,30537,Valencia,correduria,mensual,0,92,False,510.62,False
AUTO304729,69,51,turismo,6,163.0,particular,27358,Madrid,agente,anual,0,35,False,293.46,False
AUTO303898,24,4,turismo,17,292.0,particular,27220,Sevilla,correduria,anual,0,124,False,567.41,True
AUTO304535,20,0,turismo,3,134.0,particular,4445,Cantabria,agente,mensual,0,147,False,430.62,True
AUTO304250,66,43,turismo,16,77.0,mixto,18613,Malaga,telefono,anual,0,121,False,382.07,False
AUTO302795,49,25,furgoneta,0,250.0,particular,15104,Madrid,online,anual,0,30,False,446.95,False
AUTO302701,46,24,turismo,2,219.0,particular,38128,Sevilla,correduria,mensual,0,155,False,401.0,False
AUTO300019,37,13,turismo,1,101.0,particular,36271,Tarragona,telefono,anual,0,178,False,282.7,False
AUTO304674,43,23,moto,11,184.0,particular,27177,A Coruna,online,mensual,0,55,False,508.11,False
AUTO300946,55,36,turismo,14,104.0,particular,29171,Vizcaya,agente,mensual,0,22,False,405.58,False
AUTO304091,18,0,moto,7,125.0,particular,19436,Baleares,telefono,mensual,0,82,False,516.49,False
AUTO302889,21,2,turismo,3,155.0,particular,37849,Sevilla,correduria,anual,0,40,False,413.6,False
AUTO300455,70,51,moto,2,175.0,particular,28162,A Coruna,agente,mensual,0,126,False,411.19,False
AUTO300901,59,39,turismo,18,273.0,particular,39593,Madrid,agente,anual,0,3,False,551.62,False
AUTO300464,47,24,turismo,8,203.0,mixto,2505,Sevilla,online,mensual,0,21,False,508.44,False
AUTO300166,70,50,turismo,7,99.0,particular,31094,Cantabria,online,anual,0,91,False,341.37,False
AUTO301579,55,32,turismo,11,227.0,particular,30737,Vizcaya,telefono,anual,0,131,True,562.81,False
AUTO301074,56,32,todoterreno,14,207.0,particular,10214,A Coruna,correduria,mensual,0,86,True,437.59,False
AUTO302294,36,13,turismo,14,224.0,particular,12481,Asturias,telefono,mensual,0,19,False,465.96,False
AUTO303913,20,1,moto,2,218.0,mixto,13744,Valencia,correduria,mensual,1,2,False,589.03,False
AUTO302456,40,22,furgoneta,11,68.0,mixto,25301,Malaga,online,mensual,0,144,False,370.9,False
AUTO303214,66,42,turismo,10,268.0,particular,36418,Tarragona,telefono,mensual,0,153,False,498.48,False
AUTO301237,72,49,turismo,6,264.0,particular,3866,A Coruna,correduria,mensual,0,89,False,501.85,False
AUTO301941,51,27,todoterreno,16,150.0,particular,2676,Cantabria,correduria,anual,1,34,False,468.31,False
AUTO303682,54,30,turismo,1,110.0,particular,8848,Girona,telefono,anual,0,113,False,315.65,False
AUTO301936,39,15,turismo,2,111.0,particular,18840,Madrid,correduria,mensual,2,152,False,564.67,False
AUTO300595,61,41,todoterreno,13,65.0,particular,31258,Girona,correduria,mensual,0,107,False,196.63,False
AUTO302968,59,39,furgoneta,9,171.0,particular,34596,A Coruna,agente,mensual,0,98,False,366.7,False
AUTO303955,25,6,turismo,7,167.0,particular,20820,Tarragona,telefono,mensual,0,179,False,451.09,False
AUTO302437,67,47,turismo,14,213.0,particular,10661,Girona,agente,anual,1,41,False,550.0,False
AUTO303353,44,22,moto,17,248.0,particular,20750,Asturias,agente,mensual,0,87,False,469.78,False
AUTO300384,44,20,furgoneta,16,271.0,mixto,7869,Girona,agente,anual,1,81,False,697.92,False
AUTO301321,44,22,turismo,16,68.0,particular,12161,A Coruna,telefono,mensual,2,29,False,491.89,False
AUTO303206,19,0,turismo,5,248.0,particular,10596,Madrid,correduria,mensual,0,28,True,542.82,True
AUTO300720,40,19,turismo,8,158.0,particular,3879,Vizcaya,agente,anual,1,103,False,509.63,False
AUTO304185,18,0,todoterreno,12,241.0,particular,33375,Alicante,correduria,mensual,0,111,False,468.94,False
AUTO301232,46,24,turismo,19,160.0,particular,35289,Alicante,agente,anual,0,7,False,417.49,False
AUTO304638,40,20,turismo,9,285.0,particular,23231,Tarragona,telefono,mensual,1,172,True,622.58,False
AUTO300096,34,13,turismo,5,237.0,particular,16465,A Coruna,online,anual,1,111,False,553.3,False
AUTO304301,79,61,turismo,14,103.0,particular,2096,Asturias,correduria,anual,1,111,False,316.13,False
AUTO302247,77,54,turismo,4,131.0,particular,4760,A Coruna,correduria,mensual,0,161,False,385.03,False
AUTO302882,44,24,moto,7,134.0,mixto,36467,Cantabria,correduria,mensual,0,79,False,386.93,False
AUTO302323,75,54,turismo,1,116.0,particular,30136,Asturias,telefono,anual,2,103,True,485.13,False
AUTO304376,53,30,moto,4,289.0,mixto,20209,Alicante,telefono,mensual,0,133,False,512.02,False
AUTO302074,20,2,turismo,18,71.0,particular,7975,Alicante,correduria,mensual,2,129,False,570.58,False
AUTO300362,63,44,moto,14,277.0,particular,10062,Valencia,telefono,mensual,1,101,True,669.18,False
AUTO302732,53,32,turismo,13,131.0,particular,36569,Sevilla,correduria,anual,1,20,False,436.83,False
AUTO300359,50,29,turismo,7,184.0,mixto,38865,Cantabria,online,anual,2,6,False,641.46,False
AUTO304368,46,25,turismo,7,261.0,particular,2534,Madrid,telefono,anual,1,14,False,611.66,False
AUTO300615,49,29,turismo,15,133.0,particular,13985,Cantabria,agente,anual,1,32,False,479.06,False
AUTO302874,64,46,turismo,5,293.0,particular,29495,Barcelona,agente,anual,0,150,True,474.24,False
AUTO300453,66,45,turismo,15,68.0,particular,9385,Girona,correduria,mensual,0,41,False,290.75,False
AUTO301947,32,8,moto,13,73.0,mixto,16092,Tarragona,online,mensual,0,95,False,353.61,False
AUTO303567,44,25,furgoneta,4,296.0,mixto,29090,Baleares,online,mensual,0,82,False,545.93,False
AUTO302974,39,19,turismo,3,214.0,particular,16237,Asturias,correduria,anual,0,50,False,474.25,False
AUTO302724,65,46,turismo,16,108.0,particular,27717,Zaragoza,agente,mensual,1,128,False,481.2,False
AUTO301094,31,12,todoterreno,6,209.0,particular,13007,Barcelona,online,anual,0,125,False,418.33,False
AUTO302584,74,53,turismo,14,150.0,particular,28563,Cantabria,telefono,mensual,1,63,False,437.22,False
AUTO300897,76,55,moto,2,71.0,particular,7373,Cantabria,agente,anual,0,5,False,262.84,False
AUTO304951,49,30,furgoneta,7,216.0,particular,27521,Alicante,agente,anual,0,3,False,388.62,False
AUTO300430,42,24,furgoneta,14,110.0,particular,11408,A Coruna,agente,mensual,0,85,False,388.6,False
AUTO303727,42,18,furgoneta,15,105.0,mixto,25661,Alicante,telefono,anual,0,20,True,355.59,False
AUTO304600,40,16,todoterreno,6,130.0,particular,13323,Valencia,online,mensual,0,10,False,379.69,False
AUTO302004,55,36,turismo,2,74.0,mixto,12344,Girona,online,mensual,0,148,False,229.19,True
AUTO301536,48,29,turismo,11,257.0,particular,33142,Sevilla,online,mensual,1,55,False,533.76,False
AUTO300977,20,0,moto,2,93.0,mixto,11620,A Coruna,online,mensual,0,126,True,336.71,False
AUTO300664,36,14,turismo,11,126.0,particular,32138,Lleida,agente,mensual,0,154,False,408.5,False
AUTO301039,26,3,furgoneta,5,135.0,particular,14296,Sevilla,telefono,anual,0,105,False,375.18,False
AUTO301453,19,0,todoterreno,12,226.0,particular,33283,Malaga,correduria,anual,0,97,False,529.94,True
AUTO300167,28,10,turismo,2,142.0,particular,13864,Malaga,correduria,anual,1,136,False,467.35,True
AUTO300619,56,33,moto,5,172.0,particular,19939,Vizcaya,correduria,anual,0,91,False,355.12,False
AUTO301254,46,28,turismo,11,91.0,particular,10305,Girona,telefono,mensual,0,161,True,239.47,True
AUTO301398,45,24,turismo,9,156.0,particular,18905,Zaragoza,agente,mensual,1,132,False,479.18,False
AUTO300683,35,11,turismo,9,217.0,particular,36216,Madrid,telefono,mensual,1,144,True,576.96,True
AUTO304567,73,49,turismo,13,297.0,particular,14740,Zaragoza,telefono,anual,2,161,False,715.83,False
AUTO304424,34,14,todoterreno,14,278.0,particular,30710,Alicante,telefono,anual,0,46,False,525.52,False
AUTO300461,39,17,todoterreno,15,224.0,particular,30660,Barcelona,agente,anual,1,21,False,628.42,False
AUTO301184,45,22,todoterreno,9,246.0,particular,37350,Valencia,telefono,mensual,2,81,False,772.45,False
AUTO304016,25,4,todoterreno,3,119.0,particular,37233,Madrid,agente,mensual,0,28,False,327.86,False
AUTO301044,48,30,turismo,8,212.0,particular,23648,Lleida,correduria,mensual,0,65,False,487.12,False
AUTO302992,61,41,turismo,13,83.0,particular,19564,Vizcaya,telefono,anual,1,154,False,395.28,True
AUTO300950,56,33,turismo,12,212.0,mixto,37126,Valencia,online,anual,1,42,False,496.34,False
AUTO301832,19,0,turismo,6,236.0,particular,21109,Lleida,telefono,mensual,0,177,False,563.04,False
AUTO304969,53,35,furgoneta,16,233.0,particular,20492,Barcelona,agente,anual,0,11,False,539.19,False
AUTO301964,26,3,turismo,9,162.0,particular,6173,Malaga,online,mensual,1,67,False,568.38,False
AUTO303815,28,6,turismo,16,237.0,particular,35842,Vizcaya,agente,anual,0,124,False,552.57,True
AUTO303098,23,1,furgoneta,2,228.0,particular,19346,Tarragona,agente,anual,0,105,False,482.34,False
AUTO303251,61,43,turismo,11,219.0,particular,27978,Girona,telefono,anual,0,6,False,405.01,False
AUTO304251,47,24,furgoneta,8,137.0,particular,36255,Valencia,online,anual,0,166,False,427.79,False
AUTO302351,40,17,moto,17,245.0,mixto,31037,Cantabria,online,mensual,1,137,True,612.82,False
AUTO303157,57,34,turismo,8,76.0,particular,21854,Sevilla,agente,anual,0,153,True,232.2,False
AUTO302619,61,38,moto,19,287.0,mixto,37416,Baleares,online,anual,0,21,False,596.78,False
AUTO301595,69,51,moto,7,266.0,particular,3366,Sevilla,telefono,anual,0,120,False,457.7,False
AUTO303579,55,31,turismo,14,238.0,particular,29648,Alicante,online,mensual,0,124,False,449.43,False
AUTO303707,21,0,todoterreno,11,264.0,particular,32901,Tarragona,online,anual,1,92,False,695.9,False
AUTO302681,56,33,turismo,6,297.0,particular,2921,Valencia,agente,anual,0,124,False,531.55,False
AUTO303993,52,30,moto,0,123.0,mixto,2749,Barcelona,telefono,mensual,0,161,False,319.38,False
AUTO302839,71,51,turismo,18,196.0,particular,17243,Vizcaya,telefono,mensual,0,127,False,426.5,False
AUTO300565,25,3,turismo,15,260.0,particular,28462,Madrid,agente,anual,1,66,True,599.32,False
AUTO302205,71,52,turismo,8,144.0,particular,2960,Asturias,telefono,anual,0,15,False,292.78,False
AUTO302729,45,27,turismo,17,63.0,particular,20561,Girona,agente,anual,1,128,False,506.42,False
AUTO302592,69,46,furgoneta,14,271.0,particular,33019,Asturias,telefono,anual,0,115,False,542.99,False
AUTO303931,77,59,moto,17,147.0,particular,37273,Zaragoza,telefono,mensual,0,110,False,307.77,False
AUTO303324,18,0,furgoneta,11,245.0,particular,21102,Lleida,online,mensual,0,113,False,571.26,False
AUTO302413,30,6,turismo,14,71.0,particular,2223,Vizcaya,online,anual,0,92,False,314.93,False
AUTO303695,79,61,furgoneta,2,199.0,particular,27323,Madrid,online,anual,0,131,False,339.05,False
AUTO301892,77,55,todoterreno,17,73.0,particular,20144,Alicante,online,anual,0,104,False,258.37,False
AUTO301596,42,22,turismo,7,135.0,particular,34684,Madrid,telefono,mensual,0,89,False,412.41,False
AUTO302442,22,1,turismo,19,206.0,particular,34759,A Coruna,telefono,anual,0,77,False,472.2,False
AUTO303748,31,10,turismo,14,228.0,mixto,35915,Girona,telefono,mensual,1,60,True,666.12,False
AUTO304852,31,11,turismo,6,228.0,particular,33024,A Coruna,agente,anual,0,132,False,543.66,False
AUTO304410,41,23,turismo,2,162.0,particular,21386,Alicante,correduria,anual,0,90,False,408.34,False
AUTO302961,76,57,turismo,15,204.0,particular,8318,A Coruna,online,mensual,0,136,False,402.29,False
AUTO304263,25,5,moto,15,77.0,particular,29726,Lleida,telefono,anual,0,4,False,442.82,False
AUTO301403,18,0,turismo,13,251.0,particular,24790,Tarragona,correduria,anual,0,123,True,491.64,False
AUTO303441,50,32,turismo,17,65.0,particular,38674,Baleares,telefono,anual,0,103,False,283.79,False
AUTO302332,70,51,turismo,8,80.0,mixto,32843,Tarragona,telefono,mensual,0,179,False,242.72,False
AUTO300889,33,10,todoterreno,19,284.0,mixto,30145,Alicante,telefono,mensual,0,12,False,627.56,False
AUTO302358,25,2,moto,17,201.0,particular,35194,Vizcaya,agente,anual,0,106,False,534.77,False
AUTO301990,41,18,todoterreno,7,115.0,particular,9486,A Coruna,agente,mensual,2,48,False,562.48,False
AUTO300409,21,2,furgoneta,13,112.0,particular,19934,Vizcaya,telefono,anual,1,16,True,458.46,False
AUTO301014,72,51,furgoneta,15,120.0,particular,5370,Lleida,online,mensual,0,30,True,414.68,False
AUTO300759,57,38,turismo,5,77.0,mixto,6322,Sevilla,telefono,mensual,1,5,False,322.72,False
AUTO300011,43,19,turismo,16,179.0,particular,17495,Girona,online,anual,0,31,False,442.39,False
AUTO304317,35,14,turismo,16,262.0,mixto,8689,Madrid,telefono,mensual,0,147,False,531.1,False
AUTO301885,39,16,moto,13,83.0,mixto,33137,Girona,correduria,mensual,1,13,False,425.74,False
AUTO300714,20,0,moto,10,288.0,particular,4933,Tarragona,agente,mensual,1,80,False,671.91,False
AUTO304278,71,53,turismo,5,128.0,particular,2243,Madrid,agente,anual,0,104,False,281.37,False
AUTO303458,42,21,turismo,3,234.0,particular,20741,Barcelona,online,mensual,0,78,False,402.77,False
AUTO300223,61,37,turismo,15,161.0,mixto,25143,Lleida,agente,mensual,1,29,False,490.87,False
AUTO304871,42,20,moto,18,283.0,particular,36091,Vizcaya,correduria,mensual,0,64,False,539.25,True
AUTO302910,32,12,todoterreno,19,293.0,particular,39513,Madrid,online,mensual,3,72,False,925.4,False
AUTO302099,59,38,turismo,4,191.0,particular,21817,Sevilla,correduria,anual,0,60,False,410.61,False
AUTO301932,20,0,turismo,8,96.0,particular,10478,Sevilla,telefono,mensual,0,111,False,337.77,True
AUTO301158,79,57,turismo,9,141.0,particular,17453,Girona,agente,anual,0,133,False,302.98,False
AUTO300903,75,53,turismo,15,111.0,particular,27250,Tarragona,agente,mensual,1,166,False,431.14,False
AUTO302227,54,31,turismo,6,87.0,particular,14893,Barcelona,agente,anual,0,42,False,316.61,False
AUTO301169,78,60,moto,14,204.0,particular,29150,Baleares,agente,mensual,1,43,False,496.82,False
AUTO303650,74,51,furgoneta,19,92.0,mixto,39709,Baleares,agente,mensual,0,129,False,317.48,False
AUTO302726,71,48,turismo,10,270.0,mixto,26304,Madrid,agente,anual,0,1,True,459.61,False
AUTO302810,39,15,furgoneta,17,115.0,mixto,13523,Tarragona,online,mensual,0,51,False,406.23,False
AUTO303983,63,42,furgoneta,5,69.0,particular,11679,Malaga,agente,mensual,0,61,False,267.03,False
AUTO303501,66,43,turismo,16,270.0,particular,21775,Tarragona,online,anual,0,149,True,554.19,False
AUTO304715,46,28,todoterreno,13,183.0,particular,28616,Madrid,online,anual,0,147,True,398.25,False
AUTO304097,72,54,turismo,15,259.0,mixto,6320,Girona,online,mensual,0,31,False,433.17,True
AUTO303632,42,22,turismo,10,101.0,particular,35044,Barcelona,correduria,anual,1,74,False,506.43,False
AUTO300431,34,16,todoterreno,19,,particular,36765,Zaragoza,telefono,anual,0,25,True,442.37,False
AUTO301230,69,47,turismo,15,151.0,particular,5114,Baleares,online,mensual,0,37,True,368.11,False
AUTO304514,49,28,todoterreno,11,95.0,particular,21224,Cantabria,online,anual,1,50,False,444.38,False
AUTO301482,56,38,turismo,19,195.0,mixto,31959,Tarragona,telefono,anual,2,136,False,624.86,False
AUTO303114,37,14,turismo,14,143.0,particular,35407,Girona,online,anual,0,115,True,518.15,False
AUTO300998,62,44,furgoneta,3,199.0,particular,7586,A Coruna,correduria,mensual,0,29,False,363.34,False
AUTO304794,44,22,turismo,9,234.0,particular,3129,Sevilla,correduria,mensual,1,46,True,612.11,False
AUTO301223,65,41,turismo,3,86.0,particular,8618,Cantabria,telefono,mensual,0,68,False,256.89,False
AUTO300624,29,5,turismo,15,297.0,particular,11380,Tarragona,agente,mensual,0,64,False,651.34,False
AUTO304116,43,21,turismo,14,149.0,particular,28011,Baleares,telefono,anual,0,179,True,395.05,False
AUTO304753,27,9,turismo,2,164.0,particular,7824,Tarragona,correduria,mensual,1,7,True,479.82,False
AUTO300260,52,31,turismo,16,237.0,particular,34111,Madrid,agente,anual,0,143,True,608.28,False
AUTO301236,40,20,turismo,11,140.0,particular,32309,Cantabria,telefono,mensual,1,107,False,542.8,False
AUTO304269,71,52,turismo,14,60.0,particular,8253,Alicante,correduria,mensual,0,16,False,238.43,False
AUTO302820,64,42,turismo,19,241.0,mixto,3791,Girona,online,anual,0,114,True,434.52,True
AUTO302628,38,14,turismo,9,90.0,particular,19660,Lleida,agente,mensual,0,43,False,398.77,False
AUTO303096,46,26,moto,4,270.0,particular,33377,Vizcaya,telefono,anual,0,18,False,429.57,False
AUTO300869,39,18,moto,10,104.0,particular,4045,Malaga,telefono,anual,0,130,False,338.71,False
AUTO302991,77,53,turismo,13,84.0,particular,32330,Barcelona,agente,mensual,1,142,False,399.33,False
AUTO304832,66,47,furgoneta,3,261.0,particular,20763,Madrid,agente,mensual,2,11,False,662.65,False
AUTO301332,32,11,todoterreno,1,197.0,particular,17199,Valencia,agente,mensual,1,159,False,492.17,False
AUTO301112,57,36,turismo,18,139.0,mixto,26495,Lleida,correduria,mensual,0,37,False,381.32,False
AUTO303069,76,54,turismo,19,121.0,mixto,17926,Valencia,agente,anual,2,103,False,583.81,True
AUTO300252,28,5,turismo,6,247.0,particular,39424,Valencia,correduria,mensual,0,149,True,575.01,False
AUTO303932,75,57,turismo,4,86.0,particular,6185,Tarragona,online,anual,2,138,False,425.64,False
AUTO304785,63,42,todoterreno,13,247.0,particular,38954,Asturias,correduria,anual,1,80,False,565.92,False
AUTO300735,68,50,turismo,13,188.0,particular,18848,Zaragoza,online,mensual,0,35,False,434.32,True
AUTO302752,56,36,todoterreno,12,203.0,particular,28975,Asturias,online,mensual,1,119,False,496.8,False
AUTO302118,26,5,turismo,12,147.0,particular,22743,Zaragoza,agente,anual,0,142,False,436.86,False
AUTO304235,42,19,turismo,11,126.0,particular,3835,Girona,telefono,anual,0,95,False,321.42,False
AUTO303126,50,26,turismo,12,241.0,mixto,23013,Sevilla,correduria,mensual,0,21,False,490.26,False
AUTO300989,59,39,moto,14,190.0,particular,38880,Malaga,correduria,anual,2,144,False,653.32,False
AUTO304702,56,34,moto,16,231.0,particular,31519,Cantabria,online,mensual,0,144,True,517.84,True
AUTO302854,73,55,turismo,2,84.0,mixto,21729,Sevilla,agente,mensual,0,162,False,265.0,False
AUTO302384,18,0,furgoneta,0,178.0,particular,38263,Cantabria,online,anual,1,172,False,670.33,False
AUTO301557,75,52,turismo,4,248.0,particular,13612,Tarragona,online,mensual,0,30,False,425.95,False
AUTO302095,72,50,turismo,9,141.0,mixto,21525,Malaga,telefono,anual,2,164,False,497.44,False
AUTO301656,28,7,furgoneta,2,291.0,particular,33089,A Coruna,agente,mensual,0,17,False,543.87,True
AUTO301552,38,15,turismo,8,217.0,particular,4879,Girona,telefono,mensual,1,70,True,582.66,False
AUTO300559,21,0,turismo,14,109.0,particular,18940,Girona,agente,mensual,0,135,False,374.78,False
AUTO301322,35,12,turismo,4,272.0,particular,26760,Cantabria,online,anual,1,144,False,601.33,False
AUTO300474,42,23,furgoneta,14,147.0,particular,37185,Malaga,correduria,mensual,0,20,False,382.48,False
AUTO300691,65,41,furgoneta,19,107.0,particular,17499,Lleida,online,mensual,0,172,False,377.45,False
AUTO300836,61,37,moto,8,262.0,particular,14200,Cantabria,online,anual,1,63,False,536.13,False
AUTO300939,54,34,turismo,18,115.0,particular,33037,Zaragoza,online,mensual,0,111,False,366.93,False
AUTO304231,72,51,turismo,17,115.0,mixto,37193,Tarragona,telefono,mensual,0,176,False,284.25,False
AUTO303997,43,25,turismo,15,128.0,mixto,11460,Sevilla,telefono,anual,1,116,False,492.7,False
AUTO302009,78,59,turismo,5,175.0,particular,22474,Sevilla,telefono,anual,1,19,False,460.88,False
AUTO304143,29,11,turismo,0,113.0,mixto,17626,Alicante,correduria,mensual,0,40,False,379.24,False
AUTO302537,71,50,turismo,13,166.0,particular,8108,Alicante,correduria,anual,1,77,False,484.56,False
AUTO303323,24,2,turismo,1,146.0,particular,38342,Valencia,agente,mensual,0,57,False,424.26,False
AUTO300966,30,11,turismo,4,76.0,mixto,37949,Cantabria,correduria,mensual,0,98,True,372.47,True
AUTO303239,55,37,turismo,2,71.0,mixto,18568,Alicante,agente,mensual,0,111,False,304.78,False
AUTO303242,39,20,turismo,16,185.0,particular,14722,Lleida,agente,anual,0,122,False,444.42,False
AUTO304339,55,36,turismo,0,295.0,particular,17541,A Coruna,correduria,anual,1,85,False,589.69,False
AUTO300543,65,47,turismo,12,141.0,particular,27307,Barcelona,online,mensual,0,157,False,403.95,True
AUTO303035,30,11,turismo,0,64.0,particular,34807,Girona,correduria,anual,0,161,False,324.32,False
AUTO302989,38,19,moto,4,280.0,particular,20092,Vizcaya,online,mensual,1,40,False,639.99,False
AUTO302596,53,29,turismo,8,267.0,particular,22737,Cantabria,online,mensual,0,75,False,526.27,False
AUTO301213,25,4,turismo,1,107.0,mixto,20150,Baleares,telefono,anual,0,116,False,295.36,False
AUTO300671,63,44,furgoneta,18,189.0,particular,10219,Madrid,correduria,mensual,0,125,False,420.35,False
AUTO303942,75,53,turismo,18,143.0,mixto,35013,Valencia,online,anual,0,179,True,328.42,True
AUTO303025,70,46,todoterreno,9,98.0,particular,24845,Vizcaya,telefono,mensual,1,12,False,380.91,True
AUTO302541,28,10,turismo,3,249.0,particular,34334,A Coruna,agente,mensual,0,88,False,504.16,False
AUTO304731,40,18,moto,8,222.0,mixto,20190,Lleida,telefono,mensual,0,83,True,566.79,False
AUTO301800,37,19,furgoneta,15,123.0,particular,21472,Alicante,online,mensual,0,123,False,449.23,False
AUTO303319,70,49,turismo,18,214.0,particular,30600,Madrid,online,anual,0,172,True,497.56,True
AUTO300712,35,12,todoterreno,13,216.0,particular,3319,Girona,online,mensual,0,88,False,573.58,False
AUTO304661,30,10,turismo,4,111.0,mixto,14033,Lleida,agente,anual,0,156,True,309.23,True
AUTO300654,74,53,turismo,5,103.0,particular,31281,Girona,telefono,anual,0,54,False,183.37,False
AUTO302813,56,35,turismo,17,144.0,particular,33620,Baleares,agente,mensual,0,70,False,383.5,False
AUTO302861,51,30,turismo,17,260.0,particular,17748,Girona,correduria,mensual,0,146,False,583.65,False
AUTO301465,24,4,turismo,8,115.0,particular,3523,Malaga,agente,mensual,0,131,False,396.04,False
AUTO301615,52,29,turismo,15,80.0,particular,11843,Cantabria,online,anual,0,161,True,327.69,False
AUTO303169,49,26,turismo,1,86.0,particular,20011,Girona,telefono,mensual,0,114,False,317.52,False
AUTO301281,29,9,turismo,0,99.0,particular,2046,Madrid,telefono,anual,0,86,False,297.93,False
AUTO304548,74,50,turismo,12,126.0,particular,8497,Vizcaya,online,mensual,0,125,False,329.03,False
AUTO301988,60,39,turismo,9,290.0,particular,35440,Asturias,telefono,mensual,0,32,False,479.48,False
AUTO304671,50,32,todoterreno,12,203.0,particular,17170,A Coruna,telefono,anual,0,18,False,434.0,False
AUTO304257,64,44,turismo,4,210.0,particular,30514,Barcelona,correduria,anual,0,36,False,444.57,True
AUTO300027,39,15,turismo,14,154.0,mixto,4570,Baleares,correduria,anual,0,137,False,426.6,False
AUTO304213,39,20,moto,10,223.0,particular,17527,Zaragoza,correduria,mensual,0,102,False,501.13,False
AUTO300772,55,32,turismo,5,209.0,mixto,29357,Baleares,online,anual,1,172,False,591.49,False
AUTO303433,50,30,furgoneta,8,148.0,particular,8232,Baleares,correduria,anual,3,149,False,596.94,False
AUTO300588,36,12,moto,11,141.0,particular,37588,Lleida,agente,anual,0,11,True,451.91,False
AUTO301135,29,7,turismo,11,220.0,particular,11636,A Coruna,online,mensual,0,69,False,524.72,False
AUTO303515,27,7,turismo,3,97.0,particular,28337,Zaragoza,agente,anual,0,170,False,319.62,False
AUTO301317,42,23,turismo,17,195.0,particular,19031,Alicante,agente,mensual,1,58,False,631.53,False
AUTO303562,55,32,turismo,2,99.0,particular,39506,Girona,telefono,mensual,0,94,False,290.55,False
AUTO303664,75,52,todoterreno,18,193.0,particular,36549,Malaga,agente,mensual,0,156,False,441.15,False
AUTO301178,36,17,furgoneta,7,194.0,mixto,30055,Tarragona,telefono,mensual,0,157,False,447.92,True
AUTO303050,76,53,turismo,17,216.0,particular,12462,Sevilla,correduria,anual,0,160,True,45000.0,False
AUTO303217,19,0,turismo,16,205.0,particular,11615,Girona,correduria,anual,0,129,False,493.02,False
AUTO304075,38,17,furgoneta,6,131.0,particular,3642,Sevilla,online,mensual,0,176,True,323.08,False
AUTO303213,32,11,turismo,10,262.0,mixto,24316,Girona,online,anual,1,58,False,654.2,False
AUTO303474,74,52,turismo,11,71.0,mixto,10655,Lleida,telefono,anual,0,20,True,295.06,False
AUTO302290,66,48,furgoneta,5,191.0,particular,29408,Valencia,telefono,mensual,1,139,False,423.92,False
AUTO300879,37,18,turismo,15,63.0,particular,21613,Vizcaya,agente,mensual,1,45,False,464.12,False
AUTO303149,29,11,moto,0,80.0,particular,20055,Cantabria,telefono,anual,0,58,False,412.28,False
AUTO300146,20,1,todoterreno,2,199.0,particular,27243,Sevilla,online,mensual,0,47,False,508.78,False
AUTO304314,64,41,todoterreno,9,132.0,particular,30179,Girona,correduria,anual,0,62,False,314.06,False
AUTO304967,37,18,turismo,8,299.0,particular,39861,Tarragona,online,anual,0,28,False,578.52,False
AUTO300106,76,52,furgoneta,19,71.0,particular,27119,Barcelona,correduria,mensual,0,58,False,315.29,False
AUTO304685,65,41,moto,5,154.0,mixto,25198,Girona,agente,anual,0,83,False,377.74,True
AUTO304436,70,51,turismo,2,209.0,mixto,25686,Alicante,online,mensual,1,152,False,491.46,False
AUTO301084,25,1,turismo,15,299.0,particular,23594,Asturias,correduria,anual,0,177,False,610.88,False
AUTO301602,73,54,furgoneta,3,93.0,mixto,4528,Vizcaya,telefono,mensual,0,45,False,222.3,True
AUTO301118,50,28,turismo,16,87.0,particular,25565,Valencia,correduria,mensual,0,82,False,298.54,False
AUTO301899,78,58,turismo,8,223.0,particular,27163,Lleida,telefono,mensual,0,112,False,425.96,False
AUTO300616,78,57,turismo,14,121.0,mixto,26106,Asturias,correduria,mensual,0,60,False,348.52,False
AUTO301667,33,10,turismo,10,65.0,mixto,39498,Tarragona,telefono,anual,0,5,False,420.41,False
AUTO301485,52,34,furgoneta,11,144.0,particular,24375,Baleares,online,anual,0,29,False,341.14,False
AUTO301214,34,12,moto,13,149.0,particular,9444,Girona,telefono,mensual,0,147,False,451.04,False
AUTO300690,32,11,turismo,9,125.0,particular,5990,Alicante,correduria,anual,0,70,False,415.49,False
AUTO301182,27,4,turismo,6,231.0,particular,34893,Vizcaya,online,mensual,0,102,False,471.9,False
AUTO303966,32,11,turismo,9,194.0,particular,8944,Asturias,agente,anual,0,155,False,417.19,False
AUTO301753,79,58,turismo,14,270.0,particular,32456,Cantabria,agente,anual,1,30,False,579.27,False
AUTO300685,23,5,turismo,8,106.0,mixto,17644,Asturias,online,mensual,1,156,False,519.53,False
AUTO301707,56,36,turismo,14,161.0,particular,27381,Valencia,agente,anual,0,150,False,375.72,False
AUTO302862,25,3,furgoneta,11,188.0,mixto,6636,Vizcaya,agente,anual,0,117,False,495.82,False
AUTO303400,31,13,turismo,14,211.0,particular,13463,Alicante,correduria,anual,1,174,False,615.52,False
AUTO303647,50,28,turismo,13,89.0,particular,33328,Baleares,online,anual,1,29,False,450.75,True
AUTO302310,79,57,todoterreno,15,151.0,particular,15230,Alicante,online,mensual,0,150,False,293.52,False
AUTO304177,18,0,moto,17,199.0,particular,38280,Valencia,agente,mensual,0,57,False,517.88,False
AUTO302655,34,14,turismo,11,170.0,particular,32101,Malaga,agente,mensual,0,38,True,409.74,False
AUTO304215,72,53,moto,16,,particular,13747,Girona,correduria,anual,0,11,False,398.31,True
AUTO302219,20,0,turismo,15,165.0,particular,19478,Asturias,telefono,mensual,0,66,True,483.5,True
AUTO301283,70,49,turismo,11,147.0,particular,33395,Asturias,telefono,mensual,0,82,False,380.44,False
AUTO302318,29,6,turismo,18,246.0,mixto,6135,Malaga,telefono,mensual,1,177,False,652.67,False
AUTO303655,26,3,turismo,15,291.0,particular,16434,Tarragona,agente,mensual,0,47,False,635.0,False
AUTO303859,32,11,furgoneta,0,73.0,particular,9508,Tarragona,agente,mensual,0,107,False,307.09,False
AUTO301221,53,29,turismo,4,174.0,particular,11727,Zaragoza,correduria,mensual,0,31,False,413.49,False
AUTO302536,79,55,furgoneta,6,196.0,particular,30353,Valencia,agente,anual,0,64,False,445.98,False
AUTO302122,47,25,turismo,19,239.0,particular,24746,Sevilla,telefono,mensual,0,89,False,559.13,False
AUTO304028,28,7,turismo,12,149.0,particular,6999,Valencia,telefono,mensual,1,63,False,539.3,False
AUTO303883,51,28,todoterreno,13,175.0,particular,12863,Cantabria,agente,anual,1,103,False,515.25,False
AUTO304295,75,54,turismo,17,238.0,particular,23007,Cantabria,correduria,anual,1,120,False,616.45,False
AUTO304221,19,0,turismo,0,192.0,particular,20232,A Coruna,telefono,mensual,1,153,False,530.19,False
AUTO302750,61,40,furgoneta,19,230.0,particular,23524,Alicante,correduria,anual,0,140,False,502.12,False
AUTO304065,31,8,turismo,11,116.0,particular,39505,Barcelona,telefono,mensual,0,4,False,407.75,False
AUTO302590,68,46,turismo,1,192.0,particular,3233,A Coruna,online,mensual,0,12,False,371.39,False
AUTO302184,40,18,moto,2,108.0,mixto,15636,Barcelona,telefono,anual,0,79,False,370.54,True
AUTO303508,44,26,turismo,14,66.0,particular,38131,Zaragoza,online,mensual,0,55,False,363.42,False
AUTO300819,40,16,turismo,8,282.0,particular,4256,Malaga,correduria,anual,1,152,False,626.27,False
AUTO304163,43,21,todoterreno,0,163.0,particular,18045,Asturias,agente,anual,0,112,False,380.37,False
AUTO304964,29,6,turismo,17,152.0,particular,3122,Baleares,online,anual,1,117,False,518.23,False
AUTO302878,70,46,furgoneta,5,77.0,particular,20928,A Coruna,agente,anual,1,129,False,357.37,False
AUTO301496,76,56,todoterreno,2,206.0,particular,37228,Malaga,correduria,anual,0,45,False,371.1,False
AUTO300821,60,36,turismo,6,166.0,particular,10772,Madrid,agente,mensual,0,2,False,368.65,False
AUTO304025,69,47,moto,11,77.0,mixto,21718,Cantabria,agente,anual,1,58,True,281.27,False
AUTO304938,33,10,turismo,7,259.0,mixto,21882,Malaga,online,anual,0,8,True,505.61,False
AUTO301092,51,29,turismo,12,272.0,mixto,30884,Zaragoza,telefono,mensual,0,161,False,545.96,False
AUTO303278,40,16,turismo,8,206.0,particular,6974,Alicante,online,mensual,1,76,False,452.58,False
AUTO304179,61,41,moto,12,65.0,particular,38866,Zaragoza,correduria,mensual,1,55,False,400.05,False
AUTO304873,42,21,turismo,10,284.0,particular,26966,Madrid,correduria,mensual,1,43,False,609.45,True
AUTO302298,39,16,turismo,19,278.0,mixto,25503,Sevilla,telefono,mensual,1,150,False,667.79,False
AUTO303789,53,30,turismo,4,261.0,mixto,30357,Asturias,online,mensual,0,19,False,435.03,False
AUTO303011,61,43,turismo,6,265.0,particular,31553,Baleares,telefono,mensual,0,110,False,469.4,True
AUTO301670,61,42,turismo,1,109.0,particular,18302,Valencia,online,anual,0,65,False,259.83,False
AUTO304699,44,21,turismo,16,185.0,particular,18446,Alicante,online,mensual,1,19,False,576.42,False
AUTO301956,55,33,moto,14,202.0,mixto,39348,Barcelona,online,mensual,0,109,False,386.05,True
AUTO302577,72,52,turismo,2,162.0,particular,10108,Asturias,telefono,mensual,1,138,False,530.19,False
AUTO301910,70,49,turismo,5,277.0,particular,5697,Barcelona,telefono,anual,0,136,True,482.31,False
AUTO300186,25,7,moto,5,145.0,mixto,15927,Girona,correduria,mensual,1,89,False,552.34,True
AUTO304735,36,17,todoterreno,18,289.0,particular,22447,Asturias,agente,anual,0,118,False,585.17,False
AUTO302378,71,50,turismo,11,239.0,particular,19284,Madrid,telefono,mensual,1,47,False,577.86,True
AUTO301348,71,47,moto,15,113.0,particular,8947,Lleida,telefono,anual,0,63,False,398.05,False
AUTO300753,52,30,turismo,10,278.0,particular,10934,Girona,telefono,anual,1,127,False,644.45,False
AUTO300750,45,22,turismo,15,176.0,mixto,37169,Alicante,correduria,anual,2,154,False,584.0,False
AUTO300702,30,12,turismo,13,191.0,particular,29036,Valencia,correduria,anual,0,105,False,527.95,False
AUTO304083,74,56,moto,17,272.0,particular,21095,Zaragoza,correduria,mensual,1,76,False,602.5,True
AUTO302773,64,42,moto,16,260.0,particular,5756,Madrid,agente,mensual,0,46,False,532.23,False
AUTO304375,70,48,turismo,2,271.0,mixto,8193,Asturias,correduria,mensual,0,150,False,495.44,False
AUTO304913,69,46,turismo,5,152.0,particular,3375,Sevilla,telefono,mensual,0,86,False,355.8,False
AUTO303582,46,23,turismo,4,229.0,mixto,8787,Malaga,correduria,mensual,0,92,False,489.73,False
AUTO304867,46,28,turismo,15,122.0,mixto,9299,Lleida,agente,mensual,0,159,False,336.31,False
AUTO303309,67,45,turismo,15,213.0,particular,24451,Zaragoza,agente,mensual,0,134,True,464.82,False
AUTO300524,75,52,turismo,19,81.0,particular,32390,Malaga,agente,anual,0,22,False,242.69,False
AUTO304466,58,34,turismo,0,134.0,particular,25316,Madrid,telefono,anual,1,24,False,394.24,False
AUTO302192,39,20,turismo,13,255.0,particular,13640,Madrid,online,mensual,1,14,False,690.79,False
AUTO304201,33,13,turismo,18,159.0,mixto,20293,Girona,correduria,mensual,0,158,False,503.64,False
AUTO304090,71,50,turismo,4,242.0,particular,36107,Cantabria,agente,mensual,1,46,False,459.06,False
AUTO303718,28,4,furgoneta,12,174.0,particular,13821,Malaga,telefono,anual,1,33,False,597.33,False
AUTO302206,51,27,furgoneta,9,114.0,particular,24056,Baleares,agente,anual,0,54,False,393.16,False
AUTO303306,29,9,turismo,18,115.0,particular,23480,Zaragoza,agente,mensual,1,146,False,479.7,False
AUTO303238,66,45,turismo,12,154.0,particular,24863,Alicante,online,anual,2,55,False,535.09,False
AUTO302327,55,34,turismo,9,250.0,particular,16286,Cantabria,correduria,mensual,0,93,False,494.66,False
AUTO302728,68,46,turismo,0,182.0,particular,15752,Baleares,telefono,anual,0,140,False,394.79,False
AUTO303240,51,27,turismo,12,116.0,particular,10275,Vizcaya,telefono,anual,1,93,False,522.0,False
AUTO302599,27,3,turismo,15,138.0,particular,13731,Tarragona,correduria,mensual,0,11,True,385.76,False
AUTO303933,54,31,turismo,13,264.0,particular,6896,Cantabria,agente,anual,1,31,False,597.55,False
AUTO300850,34,13,todoterreno,3,286.0,mixto,24873,Malaga,agente,mensual,0,31,False,537.83,False
AUTO302165,41,23,turismo,5,73.0,particular,23538,Zaragoza,agente,mensual,0,163,False,278.68,False
AUTO301599,20,0,turismo,4,266.0,particular,33383,Baleares,correduria,mensual,1,117,True,635.84,False
AUTO304656,47,24,turismo,18,102.0,particular,4394,Zaragoza,online,mensual,0,161,False,448.59,False
AUTO300576,63,40,turismo,3,265.0,particular,26392,A Coruna,telefono,anual,0,76,False,389.02,False
AUTO301652,31,13,moto,10,285.0,mixto,5859,Asturias,agente,anual,0,71,False,638.75,False
AUTO304696,63,45,todoterreno,9,236.0,particular,3012,Baleares,telefono,mensual,0,59,False,491.03,False
AUTO303852,29,6,furgoneta,5,161.0,mixto,39483,Baleares,agente,mensual,0,31,False,409.21,False
AUTO300784,19,0,turismo,17,100.0,particular,36740,Alicante,agente,mensual,0,135,False,485.38,False
AUTO301535,51,30,moto,4,181.0,particular,30584,Tarragona,telefono,mensual,0,138,False,463.48,True
AUTO301075,54,32,todoterreno,16,172.0,particular,6622,Baleares,online,mensual,0,77,False,468.86,True
AUTO301699,77,57,furgoneta,4,274.0,particular,14686,Valencia,telefono,mensual,0,77,False,493.48,False
AUTO301476,64,45,turismo,1,162.0,mixto,20683,Asturias,online,mensual,1,165,False,489.99,False
AUTO304511,56,33,furgoneta,16,193.0,particular,17789,Vizcaya,correduria,anual,0,140,False,509.7,False
AUTO300099,30,11,todoterreno,0,124.0,particular,25669,Lleida,correduria,mensual,0,179,True,403.35,False
AUTO301326,22,0,todoterreno,14,234.0,particular,4113,Baleares,online,mensual,1,57,False,698.21,False
AUTO304556,24,5,furgoneta,5,109.0,particular,8279,Asturias,correduria,anual,0,8,False,323.84,False
AUTO302524,23,0,furgoneta,5,135.0,particular,4995,Vizcaya,agente,mensual,1,51,True,500.38,False
AUTO300852,32,9,moto,18,249.0,particular,7597,Sevilla,telefono,mensual,0,102,False,610.96,False
AUTO303822,60,41,turismo,10,79.0,particular,13968,Sevilla,telefono,mensual,1,142,False,336.05,False
AUTO301748,49,31,furgoneta,8,290.0,particular,30211,Lleida,online,mensual,0,55,False,551.48,False
AUTO302012,46,26,turismo,5,201.0,particular,9030,Baleares,agente,mensual,2,92,True,670.18,False
AUTO300356,32,14,turismo,19,137.0,mixto,36402,Zaragoza,telefono,anual,0,32,False,408.34,False
AUTO302360,72,52,moto,9,273.0,particular,21582,Lleida,agente,anual,0,58,False,538.04,False
AUTO300963,57,35,turismo,1,203.0,mixto,7973,A Coruna,correduria,mensual,1,57,False,501.09,False
AUTO303751,18,0,turismo,3,274.0,particular,23779,Zaragoza,agente,mensual,1,120,False,646.01,True
AUTO300246,29,5,moto,18,232.0,particular,7945,Sevilla,correduria,anual,0,56,False,550.14,False
AUTO301034,62,43,moto,11,195.0,mixto,26488,Girona,telefono,anual,0,90,False,440.12,False
AUTO304495,53,29,turismo,14,178.0,particular,7603,Madrid,telefono,anual,0,14,False,493.65,False
AUTO300477,58,39,moto,3,150.0,particular,21474,Malaga,agente,mensual,0,100,False,373.92,False
AUTO303298,72,49,turismo,16,108.0,particular,38665,Asturias,telefono,mensual,0,78,False,377.1,True
AUTO304162,18,0,turismo,0,225.0,particular,2980,Baleares,telefono,mensual,1,144,False,536.14,False
AUTO304927,56,35,turismo,11,87.0,particular,34258,Tarragona,agente,mensual,0,1,False,311.98,False
AUTO300694,66,43,turismo,9,219.0,particular,8678,Zaragoza,online,anual,0,56,False,391.05,False
AUTO303964,60,38,turismo,10,290.0,particular,19547,Valencia,agente,mensual,0,62,False,559.74,False
AUTO304926,41,22,turismo,15,78.0,particular,39196,Barcelona,correduria,anual,1,127,False,368.07,False
AUTO304690,45,21,turismo,14,233.0,mixto,37025,Asturias,correduria,mensual,0,103,False,474.98,False
AUTO304711,72,50,furgoneta,6,121.0,mixto,11668,Malaga,telefono,mensual,0,53,False,277.77,False
AUTO300324,38,16,turismo,5,132.0,particular,3990,Malaga,online,mensual,0,118,False,386.26,False
AUTO304458,59,37,turismo,5,211.0,particular,39239,Zaragoza,agente,mensual,0,147,False,480.25,False
AUTO303132,20,1,turismo,8,110.0,mixto,10356,A Coruna,online,mensual,0,48,False,370.74,False
AUTO301834,20,0,moto,3,105.0,particular,4758,Zaragoza,telefono,mensual,0,114,False,391.69,False
AUTO302425,73,50,turismo,11,241.0,particular,17103,Madrid,agente,anual,0,41,False,404.33,False
AUTO300462,74,50,turismo,17,246.0,particular,4867,Asturias,correduria,anual,0,27,False,411.68,False
AUTO302771,74,54,todoterreno,4,175.0,particular,31492,Sevilla,online,mensual,0,74,True,343.31,False
AUTO303938,68,45,turismo,16,100.0,mixto,21640,A Coruna,telefono,mensual,2,56,False,455.24,True
AUTO304429,73,53,turismo,2,81.0,particular,26144,Zaragoza,agente,mensual,0,3,False,213.37,False
AUTO300954,28,6,turismo,10,249.0,particular,18492,A Coruna,agente,mensual,0,146,False,513.37,False
AUTO300340,72,53,turismo,4,199.0,particular,39502,Barcelona,correduria,anual,0,91,False,408.65,False
AUTO304568,44,22,turismo,9,299.0,particular,22140,A Coruna,telefono,mensual,0,82,False,533.86,False
AUTO303351,54,31,turismo,7,60.0,particular,32340,Barcelona,telefono,mensual,0,119,False,257.85,False
AUTO301071,67,47,todoterreno,7,97.0,particular,29783,Zaragoza,correduria,anual,0,98,False,250.53,False
AUTO301621,63,43,turismo,10,103.0,particular,10595,Alicante,agente,mensual,1,161,False,388.83,False
AUTO301971,68,46,turismo,3,255.0,particular,37731,Girona,correduria,mensual,0,162,True,470.69,False
AUTO301534,67,47,turismo,0,167.0,mixto,16146,Vizcaya,telefono,mensual,0,41,False,350.61,False
AUTO303646,45,27,turismo,14,94.0,mixto,38815,Vizcaya,online,mensual,0,76,False,345.23,True
AUTO301054,57,34,turismo,17,184.0,particular,13716,Zaragoza,agente,anual,1,106,False,553.89,False
AUTO302697,45,25,turismo,19,298.0,particular,31461,Girona,agente,mensual,0,179,False,577.22,False
AUTO301855,76,55,turismo,18,255.0,mixto,11767,Zaragoza,correduria,mensual,0,109,False,477.8,False
AUTO303785,65,45,furgoneta,15,82.0,particular,38153,Madrid,telefono,mensual,0,34,False,283.93,True
AUTO302897,55,34,moto,8,210.0,particular,27635,Girona,agente,anual,0,177,False,494.45,False
AUTO302895,43,24,moto,5,120.0,particular,32286,Zaragoza,agente,mensual,0,137,False,334.73,False
AUTO302474,60,38,turismo,2,79.0,particular,35225,Tarragona,correduria,anual,0,97,False,224.74,False
AUTO301026,52,32,moto,18,229.0,particular,31886,Tarragona,agente,mensual,0,42,False,437.6,False
AUTO301166,48,26,turismo,2,209.0,particular,22648,Lleida,online,mensual,0,17,False,434.26,False
AUTO303540,32,9,moto,3,,particular,18547,Asturias,telefono,anual,0,103,False,559.32,False
AUTO304010,68,45,turismo,2,230.0,particular,12492,Madrid,correduria,mensual,0,75,False,447.49,False
AUTO303793,36,17,todoterreno,10,274.0,particular,38810,Barcelona,telefono,mensual,0,1,False,505.57,False
AUTO302731,54,36,turismo,0,233.0,mixto,20512,Girona,correduria,mensual,0,60,False,368.46,False
AUTO302682,21,1,turismo,0,87.0,particular,32144,Zaragoza,agente,anual,0,99,False,388.49,True
AUTO301738,50,29,moto,16,166.0,particular,38737,Alicante,online,mensual,0,47,False,455.36,False
AUTO301711,40,22,turismo,10,84.0,particular,19432,Cantabria,online,anual,0,97,False,246.67,False
AUTO303038,21,1,turismo,13,296.0,mixto,32142,Sevilla,online,mensual,1,9,False,651.59,False
AUTO304509,22,0,moto,6,124.0,particular,21757,Cantabria,correduria,anual,0,55,False,413.31,False
AUTO300895,36,12,turismo,18,136.0,mixto,11795,Madrid,online,mensual,0,23,False,427.0,False
AUTO300613,65,46,turismo,18,,particular,27157,Zaragoza,correduria,mensual,0,85,False,288.32,False
AUTO302703,65,41,turismo,19,71.0,mixto,7814,Zaragoza,telefono,mensual,1,76,False,392.61,False
AUTO303601,45,22,turismo,0,190.0,particular,6743,Sevilla,agente,mensual,1,121,False,468.38,False
AUTO302661,23,0,moto,3,110.0,particular,8229,Cantabria,correduria,mensual,0,16,True,423.1,True
AUTO302822,29,10,turismo,16,286.0,particular,17779,Vizcaya,agente,mensual,0,64,False,582.2,False
AUTO302558,31,9,turismo,8,276.0,particular,33540,Zaragoza,online,anual,0,114,False,599.02,False
AUTO302794,32,13,moto,18,62.0,particular,17228,Asturias,online,mensual,1,104,False,406.16,False
AUTO302741,53,30,moto,12,64.0,mixto,6325,Vizcaya,telefono,anual,0,48,False,359.93,True
AUTO300978,30,8,turismo,15,269.0,particular,3959,Asturias,agente,mensual,0,131,False,626.46,False
AUTO304968,59,37,moto,5,,mixto,15754,Vizcaya,online,mensual,0,91,False,382.45,False
AUTO304433,51,27,turismo,3,282.0,mixto,10054,Valencia,agente,mensual,1,68,False,609.88,False
AUTO300909,22,0,todoterreno,8,182.0,particular,3019,Baleares,correduria,mensual,0,170,False,477.04,False
AUTO301733,71,53,turismo,4,108.0,particular,35540,Malaga,agente,mensual,0,78,True,180.0,False
AUTO300790,46,25,moto,14,234.0,particular,10139,Tarragona,online,anual,1,55,False,554.01,False
AUTO303151,44,23,todoterreno,19,132.0,mixto,9549,Baleares,online,mensual,0,28,False,400.43,False
AUTO303162,60,37,moto,15,298.0,mixto,37593,Tarragona,telefono,mensual,1,117,False,641.47,False
AUTO301594,20,0,moto,10,140.0,mixto,21287,Barcelona,correduria,mensual,0,169,True,475.76,False
AUTO304637,27,7,moto,10,258.0,particular,17746,Valencia,telefono,mensual,0,111,False,577.9,False
AUTO300334,45,27,turismo,8,63.0,particular,3079,Barcelona,online,mensual,0,91,False,236.24,False
AUTO303688,33,12,todoterreno,15,205.0,particular,14099,A Coruna,correduria,mensual,0,57,False,447.49,False
AUTO303950,24,0,turismo,4,190.0,particular,3258,Barcelona,telefono,mensual,1,160,False,548.38,False
AUTO300892,43,23,turismo,7,67.0,particular,31955,Valencia,agente,anual,0,93,False,241.56,True
AUTO303088,24,5,turismo,11,100.0,particular,7156,Malaga,online,anual,0,64,False,380.67,False
AUTO300141,18,0,moto,17,284.0,particular,36998,Asturias,online,anual,2,11,True,838.32,False
AUTO301126,25,7,turismo,8,238.0,particular,35068,Vizcaya,telefono,anual,0,65,True,560.34,False
AUTO303003,63,40,moto,5,74.0,mixto,39756,Alicante,telefono,anual,0,154,False,300.78,False
AUTO303106,65,41,furgoneta,13,137.0,particular,36902,A Coruna,telefono,mensual,0,117,False,411.75,False
AUTO300037,32,12,moto,12,236.0,particular,21341,Cantabria,correduria,mensual,0,20,False,526.8,False
AUTO304901,39,15,turismo,9,147.0,particular,16492,Cantabria,online,mensual,0,117,False,355.12,False
AUTO300034,42,18,furgoneta,13,102.0,particular,36417,Alicante,telefono,anual,0,52,False,329.71,False
AUTO302765,71,49,turismo,14,109.0,particular,12458,Malaga,agente,anual,0,14,True,334.26,False
AUTO303402,41,18,turismo,6,253.0,particular,19714,Barcelona,telefono,anual,0,14,False,485.25,False
AUTO301764,69,46,turismo,9,289.0,mixto,19814,Asturias,online,anual,1,118,False,665.01,False
AUTO303868,64,43,todoterreno,18,291.0,particular,2532,Alicante,agente,anual,0,163,False,538.06,False
AUTO300612,51,33,furgoneta,16,65.0,particular,5439,Alicante,telefono,anual,1,41,False,391.94,False
AUTO300180,55,36,turismo,5,182.0,particular,23456,Baleares,correduria,anual,1,9,True,441.76,False
AUTO302005,44,22,turismo,4,76.0,particular,29703,Girona,telefono,mensual,1,4,False,415.31,False
AUTO303027,55,33,turismo,6,208.0,particular,34042,Zaragoza,correduria,anual,0,126,False,424.07,False
AUTO301858,22,4,turismo,17,185.0,particular,35017,Cantabria,agente,mensual,0,95,False,456.12,False
AUTO303802,68,47,furgoneta,14,213.0,particular,14847,Vizcaya,telefono,anual,1,26,False,599.29,False
AUTO301826,53,30,turismo,3,256.0,particular,26255,Barcelona,online,anual,0,110,False,505.3,False
AUTO300467,30,8,turismo,5,225.0,particular,20682,Sevilla,correduria,mensual,0,118,False,462.58,False
AUTO301399,55,37,turismo,15,78.0,particular,30454,A Coruna,telefono,anual,1,108,False,469.46,False
AUTO300736,29,7,turismo,7,210.0,particular,33351,Alicante,online,mensual,1,60,True,476.94,False
AUTO302904,69,49,turismo,3,250.0,particular,38669,Girona,correduria,anual,0,79,True,498.44,False
AUTO300194,48,29,turismo,11,206.0,mixto,35689,Baleares,correduria,mensual,1,19,False,589.2,False
AUTO301683,26,8,moto,1,266.0,mixto,29041,Barcelona,correduria,anual,0,104,False,558.17,False
AUTO300315,66,48,turismo,8,164.0,mixto,37292,Madrid,online,anual,1,8,False,440.05,False
AUTO302194,27,9,turismo,11,175.0,particular,18655,Girona,telefono,mensual,0,115,False,365.47,False
AUTO304125,66,43,todoterreno,18,71.0,particular,36541,Alicante,telefono,anual,0,135,False,375.9,False
AUTO301571,76,54,turismo,0,177.0,mixto,14562,Tarragona,agente,anual,0,17,False,331.45,False
AUTO301831,34,14,turismo,1,83.0,particular,6433,Tarragona,correduria,mensual,1,21,False,429.55,False
AUTO303432,36,17,turismo,15,241.0,particular,29051,Vizcaya,correduria,mensual,0,37,False,508.8,False
AUTO304627,38,18,turismo,2,211.0,particular,23594,Lleida,agente,mensual,2,144,False,566.73,True
AUTO300335,36,17,moto,2,147.0,mixto,37014,Alicante,agente,mensual,0,78,False,303.31,False
AUTO301943,72,54,furgoneta,10,79.0,particular,34407,Madrid,online,mensual,1,110,False,344.99,False
AUTO303048,28,8,turismo,19,195.0,particular,19414,Tarragona,correduria,anual,0,1,False,567.65,False
AUTO304264,19,0,turismo,13,298.0,particular,7849,Madrid,correduria,mensual,0,67,False,571.02,False
AUTO304490,67,46,furgoneta,15,182.0,particular,26818,Lleida,telefono,mensual,0,145,False,466.0,False
AUTO302585,27,3,turismo,1,138.0,particular,12977,Vizcaya,telefono,mensual,0,16,False,396.82,False
AUTO304900,23,0,turismo,3,107.0,particular,31633,Valencia,online,mensual,0,47,False,390.32,False
AUTO304159,79,55,moto,11,126.0,mixto,23157,Alicante,online,anual,0,79,False,305.12,False
AUTO300716,53,34,turismo,17,82.0,particular,23501,Lleida,online,anual,0,133,False,338.01,False
AUTO304169,59,36,todoterreno,10,207.0,particular,17631,Vizcaya,correduria,mensual,0,24,True,445.45,False
AUTO301207,34,12,furgoneta,1,108.0,particular,11379,Zaragoza,online,mensual,0,93,False,368.11,False
AUTO301750,27,5,todoterreno,5,190.0,particular,11201,Barcelona,correduria,mensual,1,25,False,572.74,False
AUTO301511,32,11,turismo,13,71.0,particular,23073,Malaga,online,mensual,0,32,False,386.17,True
AUTO300776,76,53,turismo,16,234.0,particular,2080,Madrid,online,anual,0,97,False,465.03,False
AUTO303498,33,14,turismo,18,100.0,mixto,23139,Vizcaya,agente,mensual,2,41,True,527.17,True
AUTO303211,61,40,moto,9,292.0,particular,38446,Asturias,correduria,mensual,0,138,False,508.27,False
AUTO300640,45,27,todoterreno,6,252.0,particular,33561,Valencia,online,anual,0,170,True,460.08,False
AUTO302348,78,56,moto,4,275.0,particular,39200,Madrid,online,mensual,0,12,False,475.76,False
AUTO301752,72,51,moto,4,107.0,particular,2533,Tarragona,online,anual,0,86,True,340.85,False
AUTO304746,70,51,moto,16,265.0,mixto,4389,Valencia,telefono,mensual,0,104,False,569.26,False
AUTO300502,70,47,moto,18,75.0,particular,27340,Baleares,correduria,anual,0,67,False,285.77,False
AUTO304096,57,38,furgoneta,9,67.0,mixto,21215,Vizcaya,online,mensual,1,14,True,439.25,False
AUTO303713,41,21,turismo,4,263.0,particular,22203,Malaga,telefono,mensual,2,13,False,657.07,False
AUTO303971,75,57,turismo,2,292.0,particular,27125,Sevilla,correduria,anual,1,103,False,610.87,True
AUTO304943,49,31,turismo,3,74.0,particular,36904,Madrid,telefono,anual,1,168,False,344.45,False
AUTO301309,79,60,moto,13,179.0,particular,2651,Lleida,telefono,mensual,1,23,False,430.32,True
AUTO302546,32,14,moto,19,220.0,particular,27201,Cantabria,telefono,mensual,0,3,False,520.47,False
AUTO302951,35,12,moto,5,151.0,mixto,14107,Vizcaya,online,anual,0,8,False,361.61,False
AUTO302540,50,26,turismo,8,104.0,particular,6690,Madrid,correduria,anual,0,13,False,347.45,False
AUTO303205,32,12,moto,10,271.0,particular,27859,Baleares,online,anual,1,156,False,663.16,False
AUTO300884,61,38,furgoneta,14,66.0,particular,25516,Zaragoza,correduria,mensual,0,53,False,281.17,False
AUTO302669,25,4,turismo,11,89.0,particular,14955,Zaragoza,correduria,anual,1,96,False,432.16,False
AUTO300390,69,51,turismo,17,246.0,particular,28654,A Coruna,online,mensual,1,113,True,596.19,False
AUTO300510,65,47,turismo,6,72.0,mixto,32498,Tarragona,online,mensual,0,80,True,266.68,True
AUTO301386,33,10,moto,12,286.0,particular,7688,Barcelona,telefono,mensual,0,79,False,589.66,False
AUTO301508,46,25,moto,2,84.0,particular,14984,Vizcaya,telefono,mensual,0,116,False,275.65,False
AUTO302840,24,6,turismo,16,201.0,mixto,13925,Baleares,correduria,anual,0,100,False,536.29,False
AUTO302051,75,52,turismo,1,210.0,mixto,6832,A Coruna,correduria,anual,1,90,False,460.26,False
AUTO304032,22,0,turismo,0,156.0,particular,12609,Asturias,agente,anual,0,34,False,435.85,False
AUTO304134,26,6,todoterreno,18,215.0,mixto,14408,Lleida,telefono,mensual,0,16,True,480.54,False
AUTO300732,21,0,furgoneta,19,139.0,mixto,24044,Zaragoza,telefono,mensual,0,71,False,460.11,False
AUTO301458,61,43,moto,2,201.0,particular,7299,Alicante,telefono,mensual,0,162,False,425.93,False
AUTO302366,57,38,turismo,10,298.0,particular,10597,Girona,agente,mensual,0,134,False,513.89,False
AUTO302241,26,3,turismo,5,267.0,particular,23828,Asturias,correduria,mensual,1,23,False,691.56,False
AUTO303305,69,49,todoterreno,17,75.0,particular,11978,Baleares,correduria,anual,1,178,False,385.81,False
AUTO300342,54,36,turismo,12,185.0,mixto,26387,Zaragoza,correduria,mensual,0,145,False,413.81,True
AUTO300109,41,21,turismo,4,138.0,mixto,8840,Alicante,telefono,anual,1,95,False,450.87,False
AUTO300862,33,13,turismo,0,61.0,particular,32030,Valencia,correduria,anual,0,21,True,269.08,False
AUTO300505,42,19,turismo,5,161.0,particular,32527,Lleida,telefono,anual,0,28,False,399.21,False
AUTO301719,18,0,turismo,8,196.0,particular,26178,A Coruna,telefono,mensual,0,25,False,483.44,False
AUTO301529,57,34,turismo,2,192.0,particular,28031,Cantabria,online,anual,0,6,False,446.98,True
AUTO304650,64,41,turismo,14,169.0,particular,30506,Baleares,telefono,mensual,0,72,True,381.46,True
AUTO302386,75,51,moto,7,100.0,particular,15454,Sevilla,online,mensual,0,59,True,241.36,False
AUTO304755,44,21,todoterreno,15,200.0,particular,37490,Vizcaya,telefono,mensual,1,27,False,569.71,False
AUTO303570,24,0,moto,10,125.0,particular,37447,Cantabria,telefono,mensual,0,50,False,393.23,False
AUTO300350,43,22,furgoneta,16,259.0,particular,11298,Malaga,correduria,mensual,0,157,False,533.58,False
AUTO302996,24,0,turismo,14,290.0,particular,31400,Tarragona,correduria,anual,0,98,False,603.34,True
AUTO303957,28,5,turismo,16,141.0,particular,14315,Cantabria,online,anual,1,28,False,482.03,False
AUTO302415,36,15,turismo,11,263.0,particular,9219,Barcelona,online,mensual,1,155,False,577.98,False
AUTO303659,65,47,turismo,9,60.0,particular,15503,A Coruna,correduria,mensual,0,20,True,239.61,False
AUTO303066,54,31,turismo,16,207.0,mixto,33109,Baleares,agente,anual,1,97,False,514.21,False
AUTO301962,33,14,furgoneta,2,125.0,particular,32320,Madrid,telefono,anual,0,33,False,369.91,False
AUTO304959,77,55,turismo,5,237.0,particular,22158,Lleida,telefono,mensual,1,7,False,454.08,False
AUTO304494,68,50,turismo,17,297.0,mixto,26509,Lleida,agente,mensual,0,100,False,516.63,False
AUTO301073,33,11,furgoneta,16,118.0,particular,10961,Sevilla,correduria,mensual,0,43,False,361.83,False
AUTO300257,19,0,moto,8,193.0,particular,33596,Cantabria,agente,mensual,0,178,False,461.27,False
AUTO302523,37,17,turismo,6,257.0,mixto,33363,Tarragona,agente,mensual,0,83,False,459.12,False
AUTO300050,44,21,turismo,6,144.0,particular,23313,Valencia,agente,mensual,0,121,False,428.69,False
AUTO304904,25,7,turismo,4,134.0,particular,15761,Malaga,agente,anual,0,19,False,396.79,False
AUTO303101,54,31,turismo,15,146.0,particular,29820,Cantabria,telefono,anual,1,49,False,492.84,False
AUTO303314,71,47,turismo,7,159.0,particular,38991,Girona,agente,anual,0,40,False,363.56,False
AUTO303866,36,18,furgoneta,14,201.0,particular,29797,Alicante,online,anual,1,170,False,582.87,True
AUTO303336,22,2,turismo,7,221.0,mixto,4504,Lleida,online,anual,0,43,False,534.49,False
AUTO301443,30,10,moto,0,80.0,mixto,37520,Valencia,correduria,mensual,0,101,True,225.28,False
AUTO302543,73,52,turismo,6,168.0,particular,28650,Asturias,telefono,mensual,0,177,False,306.45,False
AUTO303291,21,0,turismo,11,196.0,particular,33218,A Coruna,telefono,mensual,0,51,False,473.56,False
AUTO304107,34,13,moto,9,87.0,particular,12481,Baleares,agente,anual,0,174,False,345.46,False
AUTO300358,61,42,todoterreno,13,131.0,particular,30144,Malaga,online,anual,0,103,True,307.62,False
AUTO301395,48,30,turismo,13,106.0,mixto,14784,Baleares,agente,mensual,0,30,False,371.5,False
AUTO302127,78,56,turismo,8,218.0,particular,24702,Zaragoza,correduria,mensual,1,84,False,542.57,False
AUTO304453,33,15,turismo,4,280.0,particular,25550,Barcelona,telefono,anual,1,31,False,644.59,False
AUTO303047,24,3,turismo,17,103.0,mixto,32539,Vizcaya,telefono,mensual,0,177,False,441.53,False
AUTO302345,47,27,turismo,17,108.0,mixto,13709,Madrid,correduria,anual,0,19,False,350.16,False
AUTO304577,65,41,furgoneta,8,144.0,mixto,35375,Girona,telefono,mensual,1,171,False,442.79,True
AUTO300434,20,0,turismo,8,201.0,particular,33848,Barcelona,correduria,mensual,0,152,False,504.1,False
AUTO301774,33,9,turismo,13,241.0,mixto,16201,Malaga,online,anual,0,32,False,509.58,False
AUTO303085,26,2,turismo,10,95.0,particular,4284,Asturias,telefono,anual,0,48,False,380.19,False
AUTO301345,79,61,todoterreno,16,149.0,particular,25586,Vizcaya,telefono,mensual,2,22,False,535.73,False
AUTO304473,44,21,turismo,12,161.0,mixto,9519,Sevilla,online,anual,0,144,False,364.21,True
AUTO301303,20,1,todoterreno,15,171.0,particular,12912,A Coruna,online,mensual,2,42,False,663.75,False
AUTO301515,47,23,furgoneta,19,207.0,mixto,39672,Madrid,telefono,anual,1,95,False,576.88,False
AUTO304520,75,52,todoterreno,10,263.0,particular,22036,Asturias,telefono,anual,0,64,False,430.87,False
AUTO304157,55,33,turismo,6,83.0,mixto,6267,Asturias,online,anual,1,155,False,400.86,False
AUTO300054,47,25,turismo,11,201.0,particular,26308,Lleida,telefono,mensual,0,86,False,467.66,False
AUTO304908,45,27,turismo,4,294.0,particular,15278,Zaragoza,online,anual,1,140,False,582.57,False
AUTO303434,49,29,turismo,19,73.0,particular,16073,A Coruna,agente,anual,0,146,False,340.87,True
AUTO302034,32,8,turismo,12,199.0,particular,16871,Lleida,telefono,anual,0,160,False,537.09,True
AUTO302764,70,48,turismo,11,277.0,particular,10508,Zaragoza,correduria,anual,0,169,False,449.1,False
AUTO301920,19,0,turismo,15,222.0,particular,30892,Baleares,telefono,anual,1,152,False,637.84,False
AUTO304646,71,50,turismo,2,280.0,mixto,7245,Lleida,online,anual,1,66,False,532.38,False
AUTO302979,53,29,moto,12,187.0,mixto,20599,Zaragoza,correduria,mensual,0,151,False,429.71,False
AUTO300733,33,10,turismo,0,129.0,mixto,6824,Vizcaya,correduria,mensual,1,12,True,497.53,False
AUTO302151,41,23,moto,15,268.0,particular,10217,Tarragona,online,mensual,0,114,False,541.14,False
AUTO302946,49,29,turismo,6,191.0,particular,17985,Cantabria,agente,mensual,0,7,False,398.2,False
AUTO300087,19,0,turismo,11,283.0,particular,37643,Asturias,telefono,mensual,0,35,False,593.81,False
AUTO301227,49,27,todoterreno,12,285.0,particular,2436,Valencia,agente,mensual,0,44,True,506.44,False
AUTO300780,33,15,turismo,15,104.0,particular,25397,Vizcaya,telefono,mensual,0,28,False,367.27,False
AUTO300828,30,10,turismo,13,109.0,particular,28391,Valencia,online,mensual,1,61,False,473.88,False
AUTO303623,49,30,moto,6,155.0,particular,12363,Lleida,agente,mensual,0,11,False,368.97,False
AUTO304889,32,8,turismo,10,280.0,particular,31427,Sevilla,telefono,anual,0,122,False,596.01,True
AUTO300162,41,21,moto,3,80.0,particular,24123,Zaragoza,correduria,mensual,0,111,False,360.8,False
AUTO304434,73,54,todoterreno,0,112.0,mixto,24614,Sevilla,correduria,anual,1,2,False,369.57,False
AUTO304357,78,56,furgoneta,18,166.0,particular,12510,Malaga,online,anual,1,169,False,486.23,False
AUTO303089,23,3,moto,10,264.0,mixto,37776,Tarragona,online,anual,1,57,False,558.03,False
AUTO303909,67,43,turismo,19,164.0,particular,19890,Tarragona,online,mensual,0,115,False,423.91,False
AUTO300830,24,0,turismo,3,111.0,particular,22950,Zaragoza,telefono,anual,0,32,False,354.37,False
AUTO303726,39,18,turismo,19,120.0,particular,36720,Madrid,agente,anual,0,47,False,407.33,False
AUTO302832,62,41,turismo,18,130.0,mixto,19048,A Coruna,agente,anual,0,53,False,397.7,False
AUTO302725,50,32,turismo,11,143.0,mixto,25175,Zaragoza,online,anual,0,62,False,421.09,False
AUTO301282,43,19,turismo,14,148.0,particular,39130,Zaragoza,online,mensual,0,63,False,389.23,False
AUTO302069,34,10,turismo,4,115.0,particular,33427,Alicante,telefono,anual,0,15,False,460.38,False
AUTO304825,36,15,turismo,11,155.0,particular,24289,Malaga,telefono,mensual,0,13,False,388.83,False
AUTO302676,29,10,furgoneta,8,189.0,mixto,18768,Vizcaya,correduria,mensual,2,21,False,601.12,False
AUTO303572,25,7,turismo,19,65.0,particular,9354,Tarragona,online,anual,1,126,True,536.5,True
AUTO301977,29,7,turismo,0,134.0,particular,25577,Valencia,online,mensual,0,127,True,403.31,False
AUTO304126,50,29,turismo,3,120.0,mixto,12435,Girona,online,anual,1,128,True,387.46,False
AUTO300354,47,25,moto,12,258.0,particular,13111,Madrid,agente,mensual,1,14,False,629.88,False
AUTO302379,61,43,moto,7,183.0,particular,26141,Malaga,agente,mensual,0,22,True,375.43,False
AUTO303272,57,34,turismo,3,289.0,particular,19160,Asturias,correduria,mensual,1,25,False,623.26,False
AUTO300711,62,44,furgoneta,12,106.0,mixto,37363,Asturias,online,mensual,0,117,False,359.95,False
AUTO302509,67,45,turismo,8,126.0,particular,17147,A Coruna,online,anual,0,79,False,366.58,False
AUTO300636,19,0,turismo,12,128.0,particular,4462,Asturias,online,mensual,1,172,True,493.12,True
AUTO300059,43,21,turismo,9,287.0,particular,13622,Vizcaya,agente,anual,0,103,False,519.47,False
AUTO303946,52,30,furgoneta,18,66.0,particular,38633,A Coruna,telefono,mensual,0,19,False,339.73,False
AUTO304796,55,33,turismo,12,99.0,particular,23691,Tarragona,agente,mensual,1,45,True,425.12,False
AUTO304519,71,48,turismo,12,66.0,particular,4518,Tarragona,telefono,anual,0,35,False,276.42,False
AUTO301388,18,0,turismo,12,269.0,particular,6896,Asturias,telefono,anual,0,159,False,590.36,True
AUTO302107,39,17,todoterreno,12,156.0,particular,34799,Zaragoza,correduria,anual,0,157,False,425.69,False
AUTO303116,38,20,todoterreno,9,96.0,particular,23896,Tarragona,telefono,mensual,1,166,False,424.36,False
AUTO300992,23,0,moto,13,73.0,particular,32758,A Coruna,agente,anual,0,156,True,318.43,False
AUTO300974,44,22,turismo,7,273.0,particular,33719,Girona,correduria,anual,0,160,False,536.66,False
AUTO301785,67,44,furgoneta,7,299.0,particular,33837,Asturias,telefono,mensual,0,171,False,508.86,False
AUTO302176,23,1,turismo,19,144.0,particular,25155,Lleida,agente,anual,2,131,False,646.02,False
AUTO303372,69,51,todoterreno,6,109.0,particular,11580,Barcelona,agente,anual,0,103,True,308.62,False
AUTO302091,38,15,todoterreno,4,123.0,particular,29212,Asturias,online,mensual,1,147,False,487.26,False
AUTO301720,45,24,turismo,4,80.0,mixto,13619,Cantabria,agente,anual,1,89,False,372.34,False
AUTO303516,66,42,moto,9,204.0,particular,24502,Valencia,correduria,anual,1,67,False,519.92,False
AUTO303953,60,36,todoterreno,0,188.0,particular,24317,A Coruna,correduria,mensual,0,49,False,300.16,False
AUTO300675,52,34,turismo,3,277.0,particular,12411,Zaragoza,correduria,mensual,0,159,False,527.46,True
AUTO301718,75,52,turismo,7,262.0,particular,26908,Vizcaya,agente,mensual,1,175,False,469.75,False
AUTO301560,71,48,turismo,19,133.0,particular,29399,Madrid,correduria,mensual,0,39,False,375.62,False
AUTO302583,41,22,turismo,10,291.0,particular,3139,Madrid,online,anual,0,103,False,564.01,False
AUTO303784,55,33,turismo,19,68.0,particular,32565,Valencia,correduria,mensual,0,28,False,362.96,True
AUTO303672,61,37,turismo,18,247.0,particular,18240,Lleida,agente,mensual,0,80,True,546.0,False
AUTO302606,45,25,turismo,14,82.0,particular,15130,Malaga,online,anual,1,82,False,452.36,False
AUTO301247,25,3,furgoneta,11,260.0,particular,12063,Madrid,telefono,anual,1,57,False,630.71,False
AUTO304703,32,11,turismo,5,261.0,particular,17489,Cantabria,online,anual,0,41,False,506.92,False
AUTO301650,32,14,furgoneta,11,220.0,particular,20269,Cantabria,agente,anual,0,121,False,598.55,False
AUTO303273,58,39,turismo,3,110.0,particular,37009,A Coruna,agente,mensual,1,83,False,407.34,True
AUTO304783,39,18,todoterreno,13,,particular,3593,Alicante,agente,anual,1,142,False,575.23,False
AUTO302329,28,7,turismo,9,134.0,particular,19224,Alicante,correduria,mensual,1,46,False,493.66,False
AUTO300669,27,6,turismo,19,159.0,particular,19114,Asturias,correduria,mensual,2,100,False,641.9,False
AUTO300144,60,38,todoterreno,7,157.0,mixto,11422,Sevilla,online,anual,0,150,False,306.06,False
AUTO300007,41,23,turismo,14,109.0,mixto,22232,Malaga,telefono,anual,3,37,False,628.03,False
AUTO302149,40,19,turismo,10,109.0,mixto,22968,Sevilla,correduria,mensual,0,83,False,341.18,False
AUTO300179,54,31,turismo,10,284.0,particular,8248,Baleares,online,mensual,0,150,False,509.77,False
AUTO300319,47,26,furgoneta,0,284.0,particular,27443,Lleida,telefono,anual,0,141,False,456.51,True
AUTO303798,44,24,turismo,7,252.0,particular,2317,Asturias,telefono,anual,0,136,False,470.45,False
AUTO300277,41,18,turismo,14,78.0,mixto,39224,Vizcaya,telefono,anual,0,176,False,367.23,False
AUTO303568,56,37,moto,11,172.0,particular,29313,Asturias,correduria,anual,0,126,False,403.64,False
AUTO302796,49,28,turismo,9,195.0,particular,12242,Baleares,telefono,mensual,1,149,False,581.52,False
AUTO300091,50,30,turismo,19,274.0,particular,6213,Girona,agente,mensual,0,20,False,577.03,False
AUTO302492,20,0,turismo,6,289.0,particular,22893,Zaragoza,telefono,mensual,1,3,False,720.17,False
AUTO304609,41,22,moto,19,175.0,mixto,20448,Alicante,agente,anual,0,125,False,411.69,False
AUTO304087,51,30,turismo,14,182.0,particular,15335,Madrid,agente,mensual,0,52,False,403.6,False
AUTO300163,73,50,furgoneta,12,161.0,particular,25974,Lleida,online,anual,1,143,False,419.54,False
AUTO302427,39,19,turismo,13,217.0,particular,34374,Tarragona,telefono,mensual,0,47,False,440.12,False
AUTO301658,51,32,furgoneta,8,139.0,particular,17462,Cantabria,agente,mensual,0,36,False,343.25,False
AUTO304931,44,22,turismo,2,81.0,particular,6541,Malaga,agente,anual,0,84,False,238.29,False
AUTO302426,28,9,todoterreno,11,140.0,particular,29664,Girona,online,anual,0,13,True,409.76,True
AUTO302905,74,56,turismo,7,165.0,mixto,8227,Girona,online,anual,0,135,False,316.87,False
AUTO304120,67,48,turismo,12,213.0,particular,37969,Lleida,online,mensual,0,174,False,385.34,False
AUTO302603,39,16,turismo,0,190.0,mixto,19628,Baleares,online,mensual,0,91,False,471.25,False
AUTO301211,32,14,turismo,14,70.0,mixto,27209,Tarragona,online,anual,1,31,False,472.26,False
AUTO300663,38,20,furgoneta,19,250.0,particular,13013,Vizcaya,correduria,mensual,0,120,True,495.43,False
AUTO304369,38,17,turismo,14,269.0,particular,10200,Alicante,agente,mensual,0,132,False,511.41,False
AUTO301197,54,34,furgoneta,8,157.0,particular,33804,A Coruna,online,mensual,0,107,False,453.55,True
AUTO300865,34,12,moto,1,280.0,particular,2609,Zaragoza,agente,mensual,0,131,False,652.48,False
AUTO300492,71,50,turismo,9,215.0,particular,29030,A Coruna,correduria,mensual,1,85,False,535.55,True
AUTO303979,64,46,turismo,15,198.0,mixto,7136,Baleares,online,mensual,0,35,True,370.63,False
AUTO302717,18,0,furgoneta,18,209.0,particular,28675,Tarragona,agente,anual,0,120,False,579.9,False
AUTO304854,37,19,turismo,14,153.0,particular,4644,Girona,telefono,mensual,0,109,False,358.28,False
AUTO302612,51,27,turismo,8,130.0,mixto,19018,Alicante,correduria,anual,1,28,False,470.46,False
AUTO301072,41,19,moto,10,205.0,particular,21465,Valencia,agente,mensual,1,144,False,577.25,False
AUTO302993,46,22,turismo,0,271.0,particular,17191,Sevilla,online,mensual,0,136,False,530.55,False
AUTO303842,42,19,turismo,19,295.0,particular,26123,Baleares,online,anual,0,123,False,657.79,False
AUTO304145,37,19,moto,3,107.0,mixto,27832,Sevilla,online,mensual,1,93,False,464.64,True
AUTO303185,68,50,turismo,7,281.0,particular,34103,Cantabria,agente,anual,0,47,False,464.18,False
AUTO300583,57,34,turismo,11,172.0,particular,30902,Zaragoza,agente,anual,0,35,False,348.29,False
AUTO304795,54,32,turismo,17,170.0,particular,9969,Cantabria,agente,mensual,0,135,False,401.33,False
AUTO304921,37,19,turismo,9,87.0,particular,31090,Cantabria,agente,anual,1,95,False,429.11,False
AUTO304288,74,53,turismo,8,198.0,mixto,22602,Madrid,agente,mensual,1,63,False,569.35,False
AUTO302943,33,15,turismo,11,232.0,particular,32262,Vizcaya,correduria,mensual,0,61,False,481.7,True
AUTO304281,24,5,moto,1,141.0,particular,37316,Malaga,agente,mensual,2,167,False,568.74,False
AUTO300769,28,8,furgoneta,15,187.0,particular,11589,Girona,agente,mensual,1,147,False,530.66,False
AUTO303448,62,44,furgoneta,15,144.0,particular,30446,Malaga,telefono,mensual,0,67,False,329.05,False
AUTO301765,30,6,turismo,5,164.0,particular,23284,Barcelona,agente,anual,0,90,False,359.18,False
AUTO301922,34,13,turismo,7,137.0,particular,8306,Cantabria,agente,mensual,0,23,False,420.75,False
AUTO300580,27,8,furgoneta,8,259.0,particular,19174,Asturias,telefono,mensual,1,4,False,586.63,False
AUTO304507,66,46,turismo,9,163.0,particular,30883,Cantabria,online,anual,0,90,False,351.93,False
AUTO304580,68,49,moto,0,257.0,particular,25163,Valencia,agente,anual,0,89,False,459.46,False
AUTO300808,24,4,turismo,3,280.0,mixto,14913,Asturias,telefono,anual,0,16,True,631.69,False
AUTO303335,75,54,turismo,19,76.0,mixto,15551,Lleida,agente,mensual,0,105,False,204.09,True
AUTO301472,75,57,todoterreno,10,105.0,particular,23728,A Coruna,correduria,mensual,0,6,False,321.34,False
AUTO303720,61,38,moto,14,274.0,particular,31589,Madrid,agente,anual,0,102,False,490.1,False
AUTO304666,61,39,todoterreno,16,79.0,mixto,31209,Girona,telefono,anual,0,173,False,344.2,False
AUTO302239,49,26,turismo,15,278.0,particular,2106,Lleida,online,anual,0,83,False,563.85,False
AUTO304255,74,54,turismo,2,67.0,particular,21827,Vizcaya,agente,mensual,0,72,False,208.34,False
AUTO300189,38,15,todoterreno,7,143.0,particular,28548,Malaga,telefono,mensual,0,141,False,461.51,True
AUTO301726,28,6,turismo,15,210.0,particular,7415,Malaga,telefono,mensual,3,81,False,775.81,False
AUTO304610,48,28,turismo,19,223.0,particular,25221,Asturias,agente,anual,1,179,False,572.43,False
AUTO302976,61,37,turismo,9,150.0,particular,33052,Malaga,agente,mensual,0,123,False,338.72,False
AUTO301414,59,39,moto,11,61.0,particular,15008,Tarragona,online,anual,0,62,False,241.87,False
AUTO302710,30,6,turismo,13,278.0,particular,32138,Lleida,correduria,anual,2,4,False,790.28,False
AUTO303614,28,6,turismo,2,99.0,particular,27513,Valencia,agente,mensual,0,24,False,373.64,False
AUTO304777,51,33,furgoneta,18,271.0,particular,3049,Malaga,telefono,mensual,0,84,False,630.22,False
AUTO304202,47,23,todoterreno,1,90.0,particular,24265,Asturias,correduria,mensual,0,91,False,337.96,False
AUTO303795,41,23,turismo,11,93.0,mixto,12741,Madrid,correduria,anual,0,133,False,357.7,False
AUTO303622,72,49,turismo,2,252.0,particular,31744,Malaga,correduria,mensual,0,166,False,431.17,True
AUTO300507,45,25,turismo,19,119.0,particular,22706,Malaga,agente,mensual,1,4,True,492.01,False
AUTO300713,77,55,turismo,2,214.0,mixto,7113,Girona,agente,mensual,0,113,False,424.79,False
AUTO302087,56,35,turismo,5,294.0,particular,8602,A Coruna,agente,mensual,0,138,False,492.41,False
AUTO302133,68,48,turismo,12,245.0,particular,37195,Alicante,correduria,mensual,0,157,False,463.99,False
AUTO303367,38,14,turismo,8,77.0,particular,34497,Asturias,telefono,anual,1,129,True,388.78,True
AUTO303340,21,3,todoterreno,5,262.0,particular,16090,Barcelona,online,anual,0,119,False,511.96,False
AUTO302677,71,50,turismo,12,274.0,particular,28023,Baleares,agente,anual,0,167,False,600.75,False
AUTO300764,23,4,furgoneta,19,189.0,mixto,4883,Sevilla,telefono,anual,1,161,False,583.76,False
AUTO300651,34,11,turismo,18,130.0,particular,6708,Alicante,correduria,mensual,0,4,False,385.35,False
AUTO302736,51,33,furgoneta,4,194.0,mixto,32290,Cantabria,correduria,anual,0,44,False,386.9,False
AUTO303678,32,14,turismo,16,178.0,particular,38169,Madrid,online,anual,3,114,False,679.82,False
AUTO302530,77,57,turismo,14,149.0,particular,20564,Malaga,agente,anual,1,30,False,442.58,False
AUTO301181,25,1,turismo,0,90.0,particular,2367,Baleares,correduria,mensual,0,170,False,323.52,True
AUTO301827,25,5,turismo,15,239.0,particular,4269,Girona,agente,mensual,1,4,True,611.52,False
AUTO304150,73,49,turismo,17,77.0,particular,33708,Valencia,online,anual,0,176,False,228.5,False
AUTO304483,43,20,turismo,19,122.0,particular,2485,Cantabria,agente,mensual,0,92,False,417.89,True
AUTO301715,25,4,moto,5,289.0,particular,11928,Alicante,online,mensual,0,63,False,546.14,False
AUTO303651,56,37,turismo,9,201.0,particular,23954,Vizcaya,online,anual,0,58,True,356.91,False
AUTO301561,32,9,turismo,7,122.0,particular,23540,Barcelona,telefono,mensual,0,148,False,437.21,False
AUTO301064,48,25,turismo,2,120.0,particular,29807,A Coruna,online,mensual,0,154,False,357.21,False
AUTO303974,52,30,turismo,7,132.0,particular,8688,Asturias,agente,mensual,0,130,True,391.07,False
AUTO303574,46,23,turismo,9,236.0,particular,9070,Valencia,online,mensual,0,97,False,442.95,False
AUTO300348,20,0,turismo,1,236.0,particular,35676,Madrid,online,anual,0,11,False,496.43,False
AUTO300904,22,4,furgoneta,18,251.0,particular,17219,Lleida,telefono,mensual,1,40,True,667.96,True
AUTO302799,58,38,turismo,8,176.0,particular,21496,Malaga,online,mensual,0,171,False,342.14,False
AUTO301696,66,46,turismo,11,128.0,particular,10458,Zaragoza,online,mensual,0,105,True,321.56,True
AUTO300906,55,34,turismo,5,262.0,particular,10162,Barcelona,telefono,anual,0,103,False,480.02,False
AUTO302988,35,17,furgoneta,13,171.0,particular,9684,Madrid,telefono,mensual,0,104,False,512.2,False
AUTO304064,76,57,moto,4,184.0,particular,5405,Alicante,agente,anual,1,106,False,512.09,False
AUTO304855,57,36,todoterreno,15,,particular,28130,A Coruna,telefono,mensual,0,43,False,465.97,False
AUTO302873,56,37,todoterreno,19,204.0,particular,24312,A Coruna,online,mensual,0,131,False,472.19,False
AUTO301268,61,42,furgoneta,4,236.0,mixto,28613,Alicante,telefono,mensual,0,159,True,481.69,False
AUTO303731,25,5,todoterreno,6,153.0,particular,10124,Zaragoza,online,anual,0,16,False,449.82,False
AUTO303864,54,33,turismo,6,95.0,particular,10815,Sevilla,agente,mensual,0,147,False,326.21,False
AUTO303018,28,5,moto,6,292.0,particular,2626,Madrid,agente,anual,0,84,False,547.28,False
AUTO300311,68,46,todoterreno,4,196.0,particular,27820,Baleares,online,mensual,0,147,False,411.55,False
AUTO300137,47,25,todoterreno,1,159.0,particular,38277,Vizcaya,agente,anual,0,122,False,340.76,False
AUTO302825,20,0,todoterreno,16,192.0,particular,33185,Zaragoza,telefono,mensual,0,157,False,484.14,False
AUTO304011,79,61,moto,9,143.0,particular,33632,Malaga,online,mensual,2,49,False,536.14,False
AUTO301580,41,21,turismo,12,197.0,particular,17740,Lleida,agente,mensual,2,127,False,590.39,False
AUTO301495,76,56,moto,10,230.0,particular,39045,Alicante,agente,mensual,2,11,False,623.05,False
AUTO303701,75,57,moto,2,225.0,particular,33819,Malaga,correduria,mensual,0,139,False,394.99,False
AUTO303719,78,59,moto,11,260.0,particular,20192,Madrid,agente,mensual,0,168,False,461.44,False
AUTO303368,69,48,furgoneta,4,200.0,particular,37467,Valencia,correduria,mensual,0,169,False,451.59,False
AUTO304267,58,39,moto,5,276.0,particular,3929,Zaragoza,online,anual,1,173,False,664.28,False
AUTO303456,62,38,furgoneta,6,61.0,particular,19902,Alicante,online,anual,0,114,False,302.48,False
AUTO303005,68,47,moto,19,290.0,particular,30061,Girona,agente,anual,0,167,True,595.21,True
AUTO301299,77,53,turismo,5,109.0,particular,3766,A Coruna,agente,anual,0,132,False,395.48,False
AUTO301721,47,27,todoterreno,3,254.0,particular,3011,Zaragoza,agente,anual,0,57,False,493.41,False
AUTO302987,50,29,turismo,9,157.0,mixto,5462,Vizcaya,online,mensual,0,150,False,400.01,False
AUTO301730,41,22,turismo,11,122.0,particular,31647,Vizcaya,correduria,mensual,0,30,False,397.66,False
AUTO301005,64,45,turismo,12,269.0,particular,12536,Alicante,telefono,mensual,1,11,False,615.63,False
AUTO302786,56,36,turismo,17,89.0,particular,7155,Barcelona,correduria,mensual,2,94,False,603.57,True
AUTO304667,62,40,furgoneta,0,233.0,mixto,4233,Baleares,agente,mensual,1,74,False,523.37,False
AUTO303880,39,16,turismo,9,261.0,particular,21686,Cantabria,correduria,mensual,0,133,False,484.84,False
AUTO304504,44,26,furgoneta,9,124.0,particular,5183,Vizcaya,agente,mensual,0,51,False,367.08,False
AUTO301258,78,60,turismo,11,230.0,particular,14413,Vizcaya,agente,anual,0,5,False,408.27,False
AUTO303058,62,43,turismo,3,107.0,mixto,24930,Lleida,online,anual,0,96,False,324.89,False
AUTO303078,56,35,turismo,2,150.0,particular,8544,Vizcaya,agente,mensual,1,78,False,451.88,False
AUTO302440,67,47,turismo,7,238.0,particular,33085,Madrid,online,mensual,1,125,False,499.74,True
AUTO302693,54,30,turismo,10,222.0,particular,14516,Asturias,correduria,anual,2,42,False,573.99,True
AUTO302463,47,27,turismo,12,143.0,mixto,24742,Alicante,correduria,mensual,1,51,False,446.9,False
AUTO303768,31,10,turismo,13,261.0,particular,8292,Tarragona,online,mensual,1,98,True,583.4,False
AUTO304054,45,24,turismo,15,100.0,particular,15220,Madrid,correduria,anual,0,111,False,362.49,False
AUTO303226,52,28,turismo,8,94.0,mixto,14753,Girona,correduria,mensual,0,72,False,293.84,False
AUTO301083,18,0,moto,6,144.0,particular,34116,Barcelona,telefono,mensual,0,8,False,455.7,False
AUTO303954,24,1,todoterreno,14,291.0,particular,37354,Vizcaya,telefono,mensual,1,2,False,680.78,True
AUTO303267,40,16,turismo,6,293.0,particular,19750,Barcelona,online,anual,0,67,False,709.65,False
AUTO304670,46,23,turismo,6,277.0,particular,21478,Madrid,agente,mensual,0,175,True,579.94,False
AUTO303364,49,28,turismo,12,169.0,particular,28683,Alicante,correduria,mensual,0,139,False,403.74,True
AUTO303575,45,22,turismo,5,78.0,particular,22955,Valencia,agente,anual,1,80,False,412.71,False
AUTO301109,54,36,turismo,0,247.0,particular,32971,Cantabria,online,mensual,3,14,True,768.64,False
AUTO301336,73,51,turismo,13,81.0,particular,9762,Girona,correduria,mensual,0,12,False,316.58,False
AUTO304531,42,24,turismo,14,222.0,particular,34427,Lleida,agente,anual,0,93,False,453.89,False
AUTO303354,61,41,turismo,1,111.0,particular,12696,Valencia,correduria,mensual,0,116,False,317.97,False
AUTO304067,38,17,furgoneta,18,250.0,mixto,11125,Madrid,agente,anual,0,114,False,554.48,False
AUTO301147,40,21,turismo,5,227.0,particular,24349,Alicante,agente,mensual,0,10,False,445.08,False
AUTO301000,33,15,turismo,4,97.0,particular,24850,Cantabria,correduria,mensual,1,94,False,464.52,False
AUTO303772,51,30,moto,16,253.0,mixto,32066,Lleida,agente,mensual,0,166,False,498.74,False
AUTO302885,54,33,turismo,2,65.0,particular,35966,Malaga,online,anual,0,69,False,200.16,False
AUTO303447,19,0,turismo,5,212.0,particular,31848,Baleares,online,mensual,2,95,False,693.3,False
AUTO301798,73,54,moto,4,281.0,particular,26221,Sevilla,online,mensual,0,140,False,442.38,False
AUTO300637,79,60,moto,2,201.0,particular,13754,Asturias,correduria,mensual,1,33,False,410.91,False
AUTO302255,77,59,turismo,12,121.0,particular,22292,Sevilla,agente,anual,0,129,True,300.98,False
AUTO301341,36,18,furgoneta,10,277.0,mixto,2017,Zaragoza,online,mensual,0,30,False,572.61,False
AUTO300880,28,7,turismo,10,87.0,particular,27341,Asturias,correduria,mensual,1,40,False,521.94,False
AUTO302942,45,24,turismo,12,120.0,mixto,10840,Sevilla,telefono,mensual,0,107,False,457.95,False
AUTO302793,72,48,todoterreno,7,220.0,particular,23890,Vizcaya,correduria,anual,1,62,False,472.9,False
AUTO304769,36,12,turismo,1,263.0,particular,19173,Tarragona,correduria,anual,0,140,False,523.6,False
AUTO300482,71,53,turismo,13,71.0,particular,4751,Alicante,telefono,mensual,0,100,True,279.93,False
AUTO301900,23,5,furgoneta,5,256.0,particular,35265,Sevilla,online,mensual,0,13,False,588.71,False
AUTO302150,32,13,turismo,3,179.0,particular,26799,Sevilla,telefono,mensual,0,35,False,460.27,True
AUTO301796,61,39,furgoneta,17,171.0,particular,25770,Girona,telefono,anual,0,124,False,438.66,False
AUTO301152,25,2,turismo,3,65.0,particular,36410,Cantabria,telefono,mensual,0,19,False,304.18,False
AUTO302213,25,4,turismo,7,156.0,particular,29825,Valencia,correduria,mensual,2,19,False,576.4,True
AUTO301672,62,40,turismo,14,87.0,particular,36786,Asturias,telefono,mensual,0,92,False,350.65,False
AUTO301255,52,32,turismo,4,97.0,particular,25551,Cantabria,telefono,mensual,0,93,False,248.2,True
AUTO303962,44,22,turismo,16,295.0,particular,18803,Cantabria,agente,anual,0,63,False,579.78,False
AUTO304093,79,58,turismo,4,106.0,particular,5255,Cantabria,online,anual,0,174,True,329.06,False
AUTO300459,62,41,todoterreno,2,85.0,particular,2214,Vizcaya,agente,mensual,1,123,False,321.86,False
AUTO304411,31,11,moto,5,98.0,particular,7109,A Coruna,telefono,mensual,0,51,True,310.19,True
AUTO301432,60,40,furgoneta,15,245.0,particular,6475,Sevilla,agente,mensual,1,159,False,551.34,False
AUTO304784,22,0,todoterreno,5,243.0,particular,14927,Madrid,correduria,mensual,0,3,False,557.52,False
AUTO303740,26,3,turismo,5,289.0,particular,30411,Valencia,agente,anual,1,82,True,585.53,False
AUTO300695,26,5,moto,18,181.0,particular,5480,Girona,agente,anual,2,169,False,603.05,False
AUTO304057,32,14,furgoneta,12,239.0,particular,29739,Girona,telefono,anual,0,31,False,460.36,False
AUTO300542,57,38,furgoneta,3,100.0,particular,18036,Vizcaya,telefono,mensual,1,72,False,384.17,False
AUTO302207,31,13,turismo,4,112.0,particular,16798,Baleares,online,mensual,0,159,False,363.61,False
AUTO304227,55,31,turismo,6,163.0,particular,2878,Lleida,telefono,mensual,0,107,False,355.81,False
AUTO301506,35,11,turismo,11,164.0,mixto,21568,Madrid,online,anual,0,13,False,429.55,False
AUTO302309,70,52,turismo,6,245.0,mixto,31572,Lleida,telefono,mensual,1,134,False,555.78,True
AUTO300597,35,11,todoterreno,12,204.0,particular,33176,Baleares,agente,mensual,1,2,False,598.05,True
AUTO303753,49,26,moto,7,224.0,particular,34240,Vizcaya,online,mensual,0,37,False,501.54,False
AUTO300678,44,22,turismo,5,136.0,particular,32918,Madrid,agente,anual,0,68,False,318.94,False
AUTO303231,25,3,turismo,18,227.0,particular,11788,Zaragoza,agente,mensual,0,178,False,544.02,False
AUTO304313,39,17,furgoneta,19,189.0,particular,39493,Madrid,online,anual,1,163,False,641.7,False
AUTO304244,53,32,furgoneta,8,247.0,particular,39916,Madrid,telefono,anual,2,17,False,604.79,False
AUTO302706,37,15,turismo,10,164.0,particular,17717,Sevilla,online,mensual,0,27,True,470.29,False
AUTO300775,77,55,turismo,5,143.0,particular,38204,Girona,online,mensual,0,126,False,383.06,False
AUTO304986,61,41,moto,4,105.0,particular,6290,Cantabria,telefono,mensual,1,160,False,397.61,False
AUTO301921,21,0,turismo,14,138.0,mixto,28368,Zaragoza,agente,mensual,1,167,False,431.07,False
AUTO304115,19,0,moto,0,126.0,particular,21333,Baleares,agente,mensual,0,49,True,387.19,False
AUTO304880,25,6,turismo,11,180.0,particular,2750,Cantabria,agente,mensual,0,129,False,518.63,False
AUTO301346,29,10,turismo,13,126.0,particular,20924,Tarragona,online,mensual,1,76,True,550.14,True
AUTO300569,37,15,turismo,5,97.0,particular,36395,Lleida,correduria,mensual,0,22,False,369.72,False
AUTO300174,63,41,turismo,17,108.0,particular,5707,Madrid,telefono,anual,0,101,False,307.08,False
AUTO302369,37,13,moto,4,222.0,particular,39208,Sevilla,online,mensual,1,30,False,528.72,False
AUTO301492,62,44,todoterreno,8,237.0,particular,2726,Barcelona,correduria,mensual,0,179,False,421.47,False
AUTO302737,76,52,turismo,9,281.0,mixto,19669,Vizcaya,online,anual,0,38,False,499.06,False
AUTO303480,47,27,turismo,12,298.0,particular,35140,Madrid,online,mensual,0,59,False,598.34,False
AUTO301088,46,26,turismo,13,220.0,particular,7111,Lleida,agente,mensual,1,20,False,624.22,False
AUTO303033,62,44,furgoneta,18,254.0,particular,8882,Tarragona,agente,mensual,0,81,False,503.83,False
AUTO300136,61,40,turismo,9,193.0,particular,34493,Vizcaya,agente,mensual,0,34,False,389.12,False
AUTO300015,20,0,furgoneta,9,283.0,particular,6593,Barcelona,telefono,mensual,0,93,False,632.66,True
AUTO300568,46,22,turismo,9,88.0,particular,14470,Tarragona,online,anual,0,109,False,382.78,False
AUTO303059,74,54,furgoneta,19,267.0,particular,9329,Sevilla,telefono,anual,2,26,False,675.86,False
AUTO303818,46,23,todoterreno,16,245.0,particular,33563,Sevilla,agente,anual,1,50,False,622.34,False
AUTO302759,79,59,turismo,9,77.0,particular,28751,Vizcaya,telefono,anual,0,114,False,203.59,False
AUTO301340,50,28,turismo,10,135.0,particular,8428,Malaga,online,anual,0,78,False,360.64,False
AUTO300610,32,14,turismo,17,65.0,particular,17476,Girona,agente,anual,3,138,False,647.3,False
AUTO302089,18,0,moto,5,274.0,mixto,35678,Malaga,correduria,mensual,0,139,False,589.51,False
AUTO301593,18,0,turismo,9,216.0,particular,3494,Cantabria,correduria,anual,1,93,False,663.5,False
AUTO302245,68,49,turismo,18,237.0,mixto,22511,A Coruna,agente,mensual,0,145,False,455.8,False
AUTO304223,64,46,furgoneta,16,115.0,particular,17046,Baleares,correduria,mensual,0,30,False,308.52,False
AUTO302486,53,31,turismo,5,81.0,particular,14528,Baleares,agente,anual,0,21,False,251.26,False
AUTO302482,59,35,todoterreno,7,230.0,particular,18699,Malaga,online,mensual,0,36,False,481.94,False
AUTO301678,19,0,turismo,10,72.0,particular,9753,Alicante,online,mensual,0,156,False,342.47,False
AUTO304621,76,53,turismo,8,172.0,particular,37491,Girona,agente,anual,0,143,False,337.18,False
AUTO303177,25,7,moto,11,283.0,mixto,12096,Alicante,agente,mensual,0,63,False,603.43,False
AUTO304027,55,36,todoterreno,19,259.0,particular,32191,Cantabria,online,anual,2,94,False,596.66,False
AUTO300056,32,12,turismo,19,241.0,particular,4425,Zaragoza,online,anual,0,106,True,548.49,False
AUTO304946,50,31,furgoneta,5,174.0,particular,18865,Barcelona,online,mensual,0,143,False,370.81,False
AUTO303594,76,58,turismo,0,258.0,particular,15931,Girona,agente,anual,1,16,False,499.74,False
AUTO302718,62,38,turismo,16,151.0,particular,38928,Asturias,telefono,anual,0,112,False,407.57,False
AUTO301893,56,33,turismo,18,248.0,particular,2789,A Coruna,telefono,anual,0,144,False,512.66,False
AUTO303490,68,47,turismo,17,241.0,particular,21143,Madrid,telefono,anual,0,127,False,419.87,False
AUTO302879,57,37,moto,5,232.0,particular,20205,Valencia,telefono,mensual,0,23,False,430.44,False
AUTO302721,57,38,furgoneta,3,77.0,particular,30525,Zaragoza,correduria,mensual,0,57,False,239.65,True
AUTO302629,65,43,turismo,18,246.0,particular,3301,Cantabria,agente,mensual,0,118,False,492.59,False
AUTO300117,33,13,furgoneta,7,209.0,particular,32879,Vizcaya,correduria,mensual,0,178,False,437.17,False
AUTO303222,43,19,turismo,0,103.0,particular,21488,Girona,telefono,anual,1,119,False,417.58,False
AUTO301393,43,19,turismo,16,295.0,particular,8261,Cantabria,telefono,mensual,0,151,False,439.49,False
AUTO300300,69,49,todoterreno,12,85.0,particular,26950,Baleares,correduria,anual,1,121,False,408.89,False
AUTO304402,68,46,turismo,15,270.0,mixto,32520,Barcelona,correduria,mensual,1,159,False,573.96,True
AUTO303666,79,61,furgoneta,12,257.0,particular,26227,Vizcaya,online,mensual,0,85,False,455.89,False
AUTO300587,56,37,moto,16,148.0,particular,36618,Barcelona,telefono,mensual,0,154,False,444.33,False
AUTO303429,54,36,turismo,10,92.0,particular,24699,Alicante,correduria,anual,0,164,False,311.9,False
AUTO300873,43,20,todoterreno,18,160.0,particular,24767,Lleida,correduria,anual,1,94,True,571.41,True
AUTO302776,73,49,turismo,9,211.0,particular,24214,Asturias,telefono,mensual,2,39,False,616.82,True
AUTO300035,33,15,moto,19,201.0,mixto,31196,Valencia,correduria,mensual,0,179,False,527.39,False
AUTO300756,48,28,moto,14,226.0,mixto,32409,Baleares,agente,mensual,0,161,False,447.88,False
AUTO301934,20,2,furgoneta,11,163.0,particular,30128,Alicante,online,anual,1,54,False,627.56,False
AUTO301129,77,58,furgoneta,19,82.0,particular,25653,Malaga,agente,mensual,1,122,False,345.6,False
AUTO303998,38,17,turismo,6,223.0,particular,29228,Sevilla,online,mensual,0,126,False,465.17,False
AUTO304664,60,40,turismo,5,243.0,particular,13125,Tarragona,online,anual,1,145,False,475.91,False
AUTO302617,65,44,turismo,5,153.0,mixto,33509,Alicante,telefono,anual,0,52,True,299.62,False
AUTO304981,20,0,moto,9,210.0,particular,21620,Madrid,telefono,anual,0,171,False,528.77,False
AUTO304335,30,7,turismo,2,248.0,particular,21854,Baleares,correduria,anual,0,89,False,539.85,False
AUTO304161,73,49,turismo,9,141.0,mixto,25418,Asturias,correduria,anual,0,128,False,355.19,False
AUTO301631,63,44,turismo,16,223.0,mixto,7074,Valencia,agente,mensual,1,52,False,533.79,True
AUTO302414,71,52,turismo,0,227.0,particular,35199,Cantabria,online,anual,0,115,False,310.13,False
AUTO303436,79,56,turismo,0,200.0,particular,13680,Cantabria,telefono,anual,0,113,False,345.39,False
AUTO303156,32,13,furgoneta,13,248.0,particular,32732,Lleida,correduria,anual,0,116,False,548.39,False
AUTO301992,79,60,turismo,1,270.0,particular,37915,Barcelona,correduria,mensual,0,82,False,504.35,False
AUTO301873,65,43,turismo,6,91.0,particular,7456,Tarragona,online,anual,1,106,False,373.67,False
AUTO302527,47,27,turismo,14,99.0,mixto,2328,Tarragona,telefono,anual,1,151,False,413.43,False
AUTO303888,27,5,furgoneta,19,233.0,particular,30235,Lleida,agente,mensual,0,154,False,509.55,False
AUTO300115,62,41,turismo,11,156.0,particular,7021,Malaga,telefono,mensual,0,91,False,320.1,False
AUTO300192,24,3,furgoneta,11,239.0,particular,32128,Tarragona,correduria,mensual,0,136,False,543.42,False
AUTO300660,60,39,furgoneta,14,184.0,particular,10643,Zaragoza,online,anual,0,176,False,404.64,False
AUTO301644,60,37,turismo,7,64.0,particular,2378,Asturias,correduria,mensual,0,126,False,298.54,False
AUTO300827,64,45,furgoneta,14,299.0,mixto,20855,Sevilla,online,mensual,2,14,False,738.24,False
AUTO301611,38,14,turismo,17,289.0,particular,18369,Malaga,telefono,anual,0,106,False,535.04,False
AUTO303143,28,7,moto,1,180.0,particular,26969,Malaga,online,mensual,0,26,False,439.9,False
AUTO303624,33,12,turismo,12,80.0,particular,3303,Lleida,correduria,anual,1,119,False,450.09,True
AUTO303546,23,0,turismo,2,72.0,particular,11319,Valencia,online,anual,1,77,False,381.76,False
AUTO300062,26,7,turismo,1,195.0,particular,5987,Zaragoza,agente,mensual,0,135,False,427.51,False
AUTO304754,46,25,turismo,18,257.0,particular,29396,Alicante,telefono,mensual,0,99,False,458.43,False
AUTO300655,34,11,turismo,14,200.0,particular,36094,Zaragoza,agente,mensual,0,146,False,530.96,False
AUTO304506,44,20,moto,10,286.0,particular,24747,Vizcaya,correduria,anual,0,70,False,469.33,False
AUTO304167,38,17,todoterreno,16,98.0,particular,17684,Lleida,agente,anual,0,99,False,374.91,False
AUTO301559,78,54,turismo,0,75.0,mixto,2079,Barcelona,telefono,anual,1,79,False,308.62,False
AUTO301170,74,55,turismo,18,170.0,particular,28670,Cantabria,agente,anual,0,111,False,403.79,False
AUTO301225,59,36,moto,16,293.0,particular,4157,Tarragona,telefono,mensual,1,6,False,649.93,False
AUTO304152,61,43,furgoneta,3,169.0,mixto,31753,Malaga,correduria,mensual,0,91,False,358.21,False
AUTO300044,18,0,turismo,6,66.0,particular,15748,Valencia,online,anual,2,76,False,471.86,False
AUTO303648,54,36,turismo,0,133.0,particular,29768,Valencia,online,anual,1,103,False,415.13,True
AUTO302263,68,49,turismo,17,143.0,particular,15813,Zaragoza,online,mensual,0,154,False,355.47,False
AUTO304351,45,22,furgoneta,19,169.0,particular,26911,Valencia,agente,mensual,0,22,False,447.07,False
AUTO301206,77,57,todoterreno,19,87.0,mixto,11511,Baleares,correduria,mensual,0,142,False,286.88,False
AUTO300544,21,0,turismo,13,207.0,mixto,4749,Alicante,telefono,mensual,1,59,False,509.75,False
AUTO301669,50,31,turismo,7,232.0,particular,21242,Alicante,agente,anual,2,151,False,601.11,False
AUTO303862,36,17,turismo,15,284.0,particular,16618,Zaragoza,correduria,anual,0,99,False,590.64,False
AUTO303687,61,38,turismo,19,66.0,particular,20772,Zaragoza,telefono,mensual,0,42,True,253.7,False
AUTO302312,65,44,turismo,18,244.0,mixto,23523,Vizcaya,correduria,anual,0,67,False,594.0,False
AUTO304631,20,0,turismo,13,89.0,particular,25603,A Coruna,correduria,mensual,0,82,False,418.07,False
AUTO302187,64,45,turismo,3,148.0,particular,21550,Lleida,agente,mensual,0,136,False,281.66,False
AUTO301042,40,17,turismo,16,213.0,particular,6924,Madrid,correduria,anual,1,57,True,572.47,False
AUTO301983,53,34,turismo,19,157.0,particular,23421,Sevilla,correduria,anual,1,5,False,536.78,False
AUTO302423,64,45,furgoneta,8,133.0,particular,37703,Zaragoza,agente,mensual,1,24,False,316.6,True
AUTO303227,50,28,turismo,1,164.0,particular,8777,Lleida,online,mensual,0,65,False,401.99,False
AUTO301412,68,49,moto,18,151.0,particular,4779,Alicante,online,anual,0,58,False,347.19,False
AUTO302240,37,15,moto,0,124.0,particular,30675,Vizcaya,telefono,anual,0,77,True,332.43,True
AUTO301781,39,19,turismo,9,259.0,particular,31007,Malaga,agente,mensual,0,79,False,508.13,True
AUTO301359,71,52,turismo,12,293.0,mixto,6713,A Coruna,telefono,mensual,0,58,False,514.77,False
AUTO300795,60,37,turismo,16,257.0,particular,34838,Madrid,telefono,anual,2,108,False,646.88,True
AUTO302307,47,24,todoterreno,14,69.0,mixto,21180,Cantabria,correduria,mensual,0,162,False,321.76,False
AUTO303881,53,33,todoterreno,13,235.0,particular,7069,Sevilla,telefono,mensual,0,161,True,488.28,False
AUTO303929,64,41,turismo,0,150.0,particular,13029,Cantabria,telefono,anual,0,179,True,409.87,False
AUTO302286,71,51,turismo,3,258.0,particular,9235,Alicante,agente,anual,0,74,False,475.04,False
AUTO303903,19,0,moto,15,69.0,particular,34908,Zaragoza,correduria,mensual,1,29,False,437.08,False
AUTO304713,29,10,turismo,15,263.0,particular,28114,Vizcaya,telefono,anual,1,61,False,628.92,False
AUTO304452,78,54,turismo,1,103.0,particular,4177,Vizcaya,agente,mensual,0,160,False,306.52,False
AUTO301673,51,31,moto,14,166.0,mixto,30703,Zaragoza,correduria,mensual,0,20,False,427.71,False
AUTO303265,39,15,turismo,10,199.0,particular,22649,A Coruna,online,mensual,2,161,False,655.54,False
AUTO302420,24,0,turismo,11,109.0,mixto,24325,Girona,correduria,mensual,0,89,False,416.53,False
AUTO301059,45,21,turismo,13,191.0,particular,7796,Asturias,correduria,mensual,0,31,False,537.78,True
AUTO302236,36,15,turismo,2,276.0,particular,13005,Zaragoza,correduria,anual,1,108,False,625.22,False
AUTO304002,55,36,turismo,15,236.0,particular,26413,Malaga,correduria,mensual,0,176,False,427.3,False
AUTO304910,44,24,furgoneta,1,106.0,particular,16840,Lleida,telefono,mensual,1,65,False,378.84,False
AUTO301379,58,37,turismo,10,114.0,particular,15529,Vizcaya,correduria,mensual,0,110,True,383.64,True
AUTO303668,56,37,turismo,9,217.0,particular,3947,Valencia,telefono,mensual,2,21,False,570.95,False
AUTO303172,79,60,turismo,11,215.0,particular,25883,Asturias,correduria,mensual,0,169,False,410.31,False
AUTO300064,70,48,turismo,11,254.0,particular,4138,Cantabria,online,anual,0,65,False,461.07,False
AUTO303293,48,26,turismo,2,274.0,particular,12819,Vizcaya,online,anual,0,162,False,454.48,False
AUTO302740,62,42,moto,3,222.0,particular,15533,Barcelona,correduria,anual,0,162,False,475.86,False
AUTO300594,46,25,turismo,15,242.0,particular,3478,Lleida,correduria,mensual,0,5,False,546.72,False
AUTO300351,35,16,furgoneta,3,298.0,particular,33442,Barcelona,telefono,anual,0,127,False,567.04,False
AUTO301494,30,8,turismo,14,65.0,particular,20994,Madrid,correduria,anual,0,172,True,336.37,True
AUTO300986,60,42,moto,0,257.0,particular,33698,Alicante,correduria,mensual,0,71,False,373.63,False
AUTO304487,76,52,turismo,4,179.0,particular,4114,Madrid,agente,mensual,1,138,False,465.01,False
AUTO300981,72,51,todoterreno,8,206.0,mixto,24833,Valencia,agente,mensual,0,41,False,413.8,False
AUTO303554,21,0,turismo,13,96.0,particular,17757,Sevilla,telefono,mensual,0,136,False,418.44,False
AUTO302023,52,30,moto,8,94.0,particular,26981,Lleida,correduria,mensual,0,51,True,392.06,True
AUTO300320,30,7,turismo,0,69.0,particular,30338,Madrid,online,mensual,1,12,True,426.68,False
AUTO303452,52,34,furgoneta,0,240.0,particular,14329,Malaga,correduria,anual,0,42,False,413.83,False
AUTO304862,23,3,moto,14,187.0,particular,39988,Madrid,agente,anual,0,70,False,485.53,False
AUTO301250,54,34,turismo,9,284.0,particular,14427,Alicante,agente,mensual,0,168,False,553.7,False
AUTO300381,22,0,turismo,9,83.0,mixto,2530,A Coruna,telefono,mensual,0,9,False,397.62,False
AUTO302029,71,47,turismo,16,106.0,particular,18964,Tarragona,online,anual,0,138,False,310.99,True
AUTO300745,66,45,moto,3,181.0,mixto,39732,Barcelona,agente,anual,0,8,False,372.99,False
AUTO303331,71,48,turismo,7,77.0,particular,6035,Sevilla,correduria,mensual,1,128,False,393.59,False
AUTO304386,49,28,todoterreno,19,68.0,particular,22436,A Coruna,correduria,mensual,1,133,False,374.77,True
AUTO301613,48,29,turismo,19,135.0,particular,27831,Asturias,agente,anual,0,38,False,379.56,False
AUTO301297,59,37,turismo,16,227.0,particular,18098,Madrid,online,mensual,0,157,False,447.97,False
AUTO300839,30,8,turismo,10,69.0,particular,28625,Asturias,telefono,mensual,0,61,False,302.25,False
AUTO301685,19,0,furgoneta,6,297.0,particular,2460,Malaga,correduria,mensual,0,149,True,617.61,False
AUTO300448,74,50,turismo,16,172.0,particular,25168,Madrid,telefono,anual,0,89,False,388.9,False
AUTO301843,41,17,todoterreno,4,142.0,particular,5013,Alicante,correduria,mensual,1,72,False,460.54,False
AUTO304252,64,42,turismo,14,184.0,mixto,2167,Barcelona,online,anual,0,127,False,463.42,False
AUTO303255,28,9,turismo,17,165.0,particular,27032,Alicante,correduria,mensual,1,2,False,536.75,True
AUTO302829,57,36,turismo,2,123.0,particular,27909,Girona,telefono,mensual,0,87,False,400.51,False
AUTO302433,60,37,turismo,8,121.0,particular,23931,Alicante,online,anual,2,46,False,453.05,True
AUTO301918,69,45,turismo,18,231.0,mixto,22380,Alicante,online,anual,0,109,False,441.37,False
AUTO301425,79,60,turismo,5,116.0,particular,29353,A Coruna,agente,anual,1,37,False,373.83,False
AUTO300605,75,55,turismo,14,237.0,particular,37757,Tarragona,online,mensual,0,87,False,406.35,False
AUTO302073,34,14,todoterreno,7,65.0,particular,17792,Lleida,agente,anual,0,153,False,241.0,True
AUTO304676,58,38,turismo,7,160.0,particular,10342,Malaga,agente,mensual,0,55,False,398.27,True
AUTO302249,78,60,turismo,18,135.0,particular,6059,Cantabria,agente,anual,1,72,False,410.54,False
AUTO303947,63,44,turismo,10,279.0,particular,2307,Barcelona,online,anual,0,171,False,491.81,False
AUTO301779,32,12,moto,1,112.0,particular,23478,Lleida,agente,mensual,0,135,False,384.1,False
AUTO304069,37,15,todoterreno,17,91.0,particular,37011,Malaga,telefono,anual,1,115,False,451.63,False
AUTO300760,29,11,turismo,5,89.0,particular,35428,Vizcaya,agente,mensual,0,54,False,317.1,False
AUTO300345,62,38,furgoneta,14,245.0,particular,20324,Sevilla,agente,anual,0,61,False,426.11,False
AUTO303545,58,39,turismo,7,237.0,particular,37553,A Coruna,agente,anual,0,43,False,520.73,False
AUTO304406,19,0,turismo,11,171.0,particular,33292,Madrid,online,anual,2,121,False,653.25,True
AUTO300851,66,43,turismo,18,205.0,particular,7370,Zaragoza,telefono,mensual,2,140,False,647.18,False
AUTO300905,19,0,furgoneta,11,79.0,mixto,11103,Asturias,telefono,anual,0,99,False,402.48,True
AUTO300273,51,27,turismo,10,164.0,mixto,29319,Vizcaya,online,anual,0,133,False,386.51,False
AUTO302081,73,50,moto,17,142.0,particular,11948,Cantabria,correduria,mensual,0,87,False,377.33,False
AUTO301808,41,19,turismo,12,244.0,particular,29584,Barcelona,agente,anual,0,69,False,528.35,False
AUTO304407,19,0,turismo,2,202.0,particular,3725,Tarragona,online,mensual,1,73,False,560.23,False
AUTO300151,63,41,turismo,18,125.0,particular,5460,Vizcaya,telefono,anual,0,8,True,353.13,False
AUTO303576,59,41,turismo,17,223.0,mixto,28597,A Coruna,correduria,mensual,0,177,False,436.99,False
AUTO301825,21,2,turismo,11,293.0,particular,30802,Tarragona,correduria,mensual,1,120,False,733.6,False
AUTO300677,42,20,turismo,3,,mixto,35853,Girona,telefono,mensual,0,61,False,404.68,False
AUTO304418,62,43,furgoneta,5,61.0,particular,23589,Girona,correduria,mensual,1,1,False,318.91,False
AUTO302047,34,15,turismo,8,224.0,particular,26723,Tarragona,online,anual,0,102,False,486.95,False
AUTO303625,34,15,moto,6,111.0,particular,23736,Madrid,agente,mensual,0,65,False,367.05,False
AUTO304247,70,46,turismo,2,141.0,particular,8255,Madrid,online,anual,0,125,False,307.77,False
AUTO300338,47,28,turismo,11,129.0,particular,25375,Girona,correduria,anual,2,122,False,560.14,False
AUTO300051,25,3,todoterreno,17,84.0,particular,13982,Malaga,online,anual,0,89,False,390.83,False
AUTO303363,32,10,turismo,0,137.0,particular,24623,Baleares,telefono,mensual,0,1,False,425.5,False
AUTO303219,49,25,turismo,6,265.0,particular,27976,Malaga,agente,mensual,0,48,False,579.85,False
AUTO302642,78,60,turismo,1,228.0,particular,34442,Vizcaya,online,mensual,0,67,False,334.87,False
AUTO301264,31,13,turismo,2,131.0,particular,25506,A Coruna,telefono,mensual,0,69,False,356.8,False
AUTO301740,75,56,turismo,1,196.0,particular,18128,Barcelona,online,anual,0,68,False,358.03,False
AUTO304881,59,38,turismo,18,116.0,mixto,19716,Valencia,correduria,anual,0,68,False,304.88,False
AUTO303834,77,58,moto,4,233.0,mixto,16494,Tarragona,telefono,anual,0,120,False,372.84,True
AUTO304066,61,42,turismo,18,62.0,particular,38751,Cantabria,agente,mensual,0,119,False,294.28,False
AUTO301629,75,54,turismo,4,100.0,mixto,38203,Sevilla,correduria,mensual,1,71,False,338.43,True
AUTO303187,37,14,todoterreno,8,185.0,particular,5679,Alicante,agente,anual,0,26,True,460.95,False
AUTO304771,47,24,turismo,2,146.0,particular,23894,Sevilla,online,mensual,1,100,True,504.55,False
AUTO301111,30,9,furgoneta,5,152.0,particular,37256,Alicante,online,anual,0,15,False,408.57,False
AUTO303828,51,32,turismo,9,269.0,particular,7261,Barcelona,telefono,mensual,0,51,False,506.37,True
AUTO301479,44,25,todoterreno,0,221.0,particular,39591,Zaragoza,correduria,mensual,1,174,False,585.09,False
AUTO302666,77,54,turismo,6,239.0,particular,3915,Malaga,online,mensual,1,144,False,560.54,False
AUTO302183,63,39,moto,8,252.0,mixto,17834,Girona,telefono,anual,0,87,False,530.73,False
AUTO302542,26,8,turismo,16,264.0,mixto,16518,Girona,online,mensual,0,88,True,598.89,True
AUTO303855,69,48,turismo,13,231.0,particular,35783,Valencia,telefono,mensual,0,162,False,436.01,True
AUTO302220,26,4,turismo,10,170.0,particular,18837,Barcelona,telefono,mensual,1,147,False,582.28,True
AUTO302096,65,45,moto,1,160.0,particular,32504,Vizcaya,telefono,mensual,1,157,False,413.01,False
AUTO300118,79,55,turismo,3,160.0,mixto,19728,Tarragona,correduria,anual,1,119,False,464.99,False
AUTO302521,21,2,turismo,7,109.0,particular,37166,Sevilla,telefono,mensual,2,107,False,562.95,False
AUTO302319,72,53,turismo,1,252.0,mixto,32169,A Coruna,telefono,anual,1,82,False,488.49,False
AUTO301512,75,57,turismo,12,106.0,particular,33240,Asturias,agente,anual,1,33,False,380.2,False
AUTO304574,21,1,turismo,1,258.0,mixto,24264,Asturias,agente,anual,0,103,False,523.94,True
AUTO304265,45,27,turismo,1,295.0,particular,18344,Alicante,telefono,mensual,0,21,False,469.02,False
AUTO301856,73,53,turismo,10,114.0,particular,12246,Baleares,agente,anual,0,132,False,280.83,False
AUTO302561,33,14,turismo,18,149.0,particular,20717,Barcelona,agente,anual,2,6,False,580.61,False
AUTO303907,40,22,turismo,16,238.0,particular,23675,Malaga,correduria,mensual,0,55,False,526.72,False
AUTO300133,56,38,turismo,9,135.0,mixto,8254,Vizcaya,telefono,mensual,1,128,False,438.63,False
AUTO304420,59,39,turismo,8,281.0,particular,38900,Cantabria,correduria,anual,0,112,False,527.77,False
AUTO303216,62,43,moto,9,272.0,mixto,39062,Barcelona,online,anual,0,125,True,550.4,False
AUTO302927,57,38,turismo,9,75.0,particular,3854,Malaga,agente,mensual,0,112,False,324.39,False
AUTO304240,78,60,turismo,8,209.0,particular,20235,Malaga,correduria,anual,0,2,False,478.19,False
AUTO302251,67,44,turismo,15,112.0,mixto,7586,Girona,agente,anual,0,103,True,333.65,False
AUTO304592,74,56,turismo,3,186.0,particular,12056,Tarragona,agente,mensual,0,137,False,409.77,False
AUTO301737,53,31,turismo,12,249.0,particular,10596,Valencia,correduria,mensual,2,103,False,693.29,True
AUTO304859,35,11,todoterreno,6,278.0,particular,22676,Madrid,agente,mensual,1,136,False,583.66,False
AUTO304294,54,36,turismo,8,64.0,particular,25985,Lleida,telefono,mensual,0,138,True,256.98,False
AUTO303779,55,37,turismo,17,290.0,particular,38545,Asturias,agente,anual,0,143,True,486.65,False
AUTO300547,55,36,turismo,8,202.0,particular,29333,Alicante,telefono,mensual,0,85,False,377.98,False
AUTO304226,42,24,turismo,18,186.0,particular,3824,Lleida,telefono,mensual,0,164,False,455.81,False
AUTO303180,52,31,furgoneta,12,267.0,mixto,18540,Sevilla,online,anual,0,128,False,531.72,False
AUTO304762,61,43,turismo,17,264.0,particular,14414,Girona,agente,mensual,1,134,False,567.23,False
AUTO302983,50,27,turismo,12,62.0,particular,30376,Asturias,correduria,anual,0,34,True,228.35,False
AUTO303805,56,34,turismo,3,92.0,mixto,29986,Zaragoza,telefono,anual,1,27,False,413.25,False
AUTO303207,65,43,todoterreno,18,288.0,particular,12468,Alicante,correduria,mensual,0,150,False,527.36,True
AUTO302785,40,16,moto,12,141.0,particular,31909,Baleares,online,anual,0,166,False,508.57,False
AUTO304310,31,7,turismo,0,202.0,particular,19709,Sevilla,agente,mensual,1,126,False,569.48,False
AUTO303543,76,56,moto,12,241.0,particular,27797,Sevilla,telefono,mensual,0,76,False,478.11,False
AUTO304856,72,49,furgoneta,4,207.0,particular,22125,Tarragona,telefono,mensual,0,155,False,375.27,False
AUTO300081,19,0,turismo,15,148.0,mixto,5624,Valencia,correduria,mensual,0,87,False,527.45,False
AUTO303024,35,15,todoterreno,14,241.0,particular,38951,A Coruna,online,mensual,1,83,False,642.8,False
AUTO300486,32,10,turismo,8,214.0,particular,26326,Valencia,agente,anual,3,8,False,764.81,False
AUTO300708,56,33,moto,19,166.0,particular,4779,Asturias,correduria,anual,0,164,False,484.26,False
AUTO303054,38,19,todoterreno,13,232.0,particular,12593,Asturias,online,mensual,0,164,False,521.25,False
AUTO304831,20,0,turismo,19,68.0,particular,12484,Madrid,telefono,mensual,1,90,True,400.5,False
AUTO303710,62,44,moto,12,108.0,mixto,23872,Malaga,telefono,mensual,0,157,False,360.42,False
AUTO303563,61,38,todoterreno,5,162.0,mixto,31817,Lleida,online,mensual,0,37,False,384.63,False
AUTO304792,31,10,moto,12,193.0,particular,15706,Zaragoza,telefono,anual,0,168,False,518.81,False
AUTO301406,35,13,turismo,7,214.0,particular,15213,Valencia,agente,mensual,2,50,False,693.56,False
AUTO300591,24,2,turismo,9,65.0,particular,8646,A Coruna,telefono,anual,0,64,False,392.66,True
AUTO301405,21,0,moto,10,154.0,particular,32971,Lleida,agente,mensual,0,153,True,387.62,False
AUTO302090,44,26,turismo,10,162.0,particular,9963,Malaga,agente,mensual,3,169,False,716.48,True
AUTO304788,38,17,todoterreno,16,160.0,particular,30669,Valencia,online,mensual,1,10,False,482.29,False
AUTO304222,54,34,turismo,19,193.0,particular,36388,A Coruna,online,mensual,1,110,False,512.73,False
AUTO301797,39,21,turismo,0,201.0,particular,37405,Tarragona,online,anual,1,168,False,469.19,True
AUTO300111,50,29,turismo,0,114.0,particular,9964,Tarragona,online,anual,0,9,False,269.39,True
AUTO303408,33,11,furgoneta,2,136.0,particular,34667,Baleares,correduria,mensual,1,104,False,456.78,False
AUTO302630,64,44,moto,13,267.0,particular,35323,Barcelona,agente,anual,1,101,False,567.81,False
AUTO302663,79,57,turismo,17,170.0,particular,5482,Baleares,agente,mensual,0,7,False,393.3,False
AUTO300680,39,17,turismo,0,233.0,particular,15504,Malaga,correduria,mensual,1,81,False,532.14,False
AUTO303900,76,55,turismo,3,289.0,particular,7409,Valencia,correduria,mensual,0,87,False,410.72,False
AUTO300270,73,50,turismo,14,217.0,particular,12743,Lleida,agente,mensual,0,12,False,471.89,False
AUTO301676,61,40,turismo,7,214.0,particular,37387,Zaragoza,correduria,mensual,1,107,False,491.54,False
AUTO301577,26,6,moto,18,222.0,mixto,21623,Vizcaya,correduria,anual,0,98,True,573.98,False
AUTO303494,37,16,turismo,19,60.0,mixto,23124,Vizcaya,correduria,anual,2,168,False,525.99,False
AUTO304890,79,55,todoterreno,13,184.0,particular,17970,Malaga,agente,mensual,1,150,False,438.0,True
AUTO300955,72,53,turismo,17,71.0,mixto,27159,Lleida,online,mensual,0,109,False,271.35,False
AUTO303334,20,0,turismo,9,153.0,particular,18347,Lleida,agente,anual,1,24,False,499.13,True
AUTO303218,67,43,turismo,5,251.0,particular,36812,Malaga,online,anual,0,172,False,473.09,False
AUTO304460,34,11,turismo,8,114.0,particular,6558,Cantabria,agente,mensual,0,138,False,338.66,False
AUTO300562,50,29,turismo,18,176.0,particular,39665,Girona,agente,anual,1,179,False,541.45,False
AUTO304500,52,28,turismo,19,159.0,particular,19512,Madrid,telefono,mensual,0,85,False,407.71,False
AUTO303858,24,1,turismo,13,82.0,particular,24084,Lleida,online,anual,0,51,False,409.42,False
AUTO300327,21,2,furgoneta,18,266.0,particular,11877,Lleida,correduria,anual,0,68,False,588.36,True
AUTO304543,58,35,turismo,19,121.0,particular,7927,Malaga,agente,mensual,0,18,False,340.04,False
AUTO304271,67,49,moto,17,69.0,particular,2412,A Coruna,correduria,anual,0,8,False,258.88,False
AUTO304991,40,20,turismo,9,295.0,particular,15260,Valencia,telefono,mensual,1,140,False,651.45,False
AUTO302260,71,52,turismo,10,124.0,particular,10394,Cantabria,telefono,anual,1,147,True,423.98,False
AUTO300513,55,31,turismo,19,250.0,particular,34711,Cantabria,agente,mensual,0,21,False,553.26,False
AUTO300114,65,46,turismo,4,110.0,particular,3883,A Coruna,agente,anual,0,18,False,265.61,False
AUTO301208,70,49,turismo,6,101.0,particular,14083,Madrid,agente,anual,1,168,False,364.85,False
AUTO302130,27,4,turismo,14,230.0,particular,18293,Valencia,correduria,anual,1,71,False,619.56,False
AUTO301817,51,33,turismo,9,267.0,particular,18984,Asturias,correduria,anual,1,154,False,570.33,False
AUTO304709,23,0,moto,4,63.0,particular,31977,Barcelona,online,mensual,0,122,False,309.03,False
AUTO304865,37,16,furgoneta,1,224.0,particular,23917,Vizcaya,correduria,anual,0,67,False,529.94,False
AUTO304752,36,17,turismo,17,149.0,particular,4037,Lleida,online,mensual,0,86,False,431.78,False
AUTO303462,76,54,todoterreno,10,149.0,particular,25917,Sevilla,correduria,mensual,0,81,False,310.17,True
AUTO300742,67,44,turismo,5,192.0,particular,6907,Cantabria,agente,mensual,0,55,False,394.32,False
AUTO304551,45,26,furgoneta,13,244.0,particular,6808,Baleares,agente,mensual,0,145,False,486.98,False
AUTO301782,53,31,todoterreno,7,216.0,particular,29000,Alicante,online,mensual,0,138,False,444.13,False
AUTO302106,28,4,turismo,0,288.0,particular,5627,Sevilla,correduria,anual,0,70,False,540.46,False
AUTO303383,39,18,moto,6,288.0,particular,39691,Lleida,telefono,anual,0,147,False,518.78,False
AUTO300993,79,61,turismo,12,93.0,particular,37392,Asturias,online,anual,1,34,False,319.05,False
AUTO302875,34,15,turismo,1,186.0,mixto,5509,Sevilla,telefono,mensual,0,59,False,387.67,False
AUTO303592,48,30,moto,5,134.0,particular,22133,Lleida,telefono,mensual,1,160,False,491.75,False
AUTO301703,44,21,todoterreno,7,236.0,particular,38685,Tarragona,correduria,mensual,0,89,False,551.84,False
AUTO301592,27,3,turismo,17,196.0,particular,14992,Vizcaya,telefono,mensual,0,150,True,535.95,False
AUTO300392,20,1,turismo,18,101.0,particular,34229,Tarragona,online,mensual,0,133,False,410.04,False
AUTO301030,52,31,turismo,10,247.0,particular,39480,Vizcaya,online,mensual,0,106,False,516.49,False
AUTO303600,59,36,moto,11,250.0,particular,37679,Tarragona,agente,mensual,0,83,False,460.86,False
AUTO302898,35,12,turismo,4,221.0,particular,21247,Zaragoza,online,mensual,0,49,True,503.03,False
AUTO303916,55,31,turismo,8,233.0,particular,23181,Baleares,telefono,mensual,1,41,True,574.22,False
AUTO303411,36,17,todoterreno,12,175.0,particular,39385,Baleares,agente,anual,2,62,False,659.69,False
AUTO304104,47,29,todoterreno,11,225.0,particular,18687,Barcelona,correduria,mensual,0,75,False,385.12,False
AUTO304455,54,31,moto,5,70.0,particular,18708,Vizcaya,agente,anual,1,1,False,431.02,False
AUTO304358,39,21,turismo,1,222.0,particular,38826,Alicante,online,anual,0,174,False,515.94,True
AUTO303329,55,35,turismo,14,80.0,particular,34415,Sevilla,online,mensual,1,42,False,395.56,False
AUTO302716,37,14,turismo,16,79.0,particular,13510,Baleares,telefono,anual,0,22,False,339.13,False
AUTO301106,65,43,turismo,9,192.0,particular,16974,Girona,telefono,anual,1,45,False,541.42,False
AUTO304815,38,20,turismo,3,168.0,particular,18732,Baleares,telefono,mensual,0,71,False,374.48,False
AUTO302001,25,5,moto,13,234.0,particular,29641,Madrid,agente,anual,0,16,False,456.04,False
AUTO303499,31,8,turismo,15,111.0,particular,13432,Alicante,agente,anual,0,69,True,410.87,False
AUTO301939,68,46,turismo,12,96.0,mixto,38762,Tarragona,telefono,mensual,0,21,False,273.9,False
AUTO301628,69,45,moto,14,254.0,mixto,15989,Barcelona,telefono,anual,0,140,False,405.13,False
AUTO304114,70,46,turismo,12,142.0,particular,5321,Asturias,correduria,mensual,0,22,False,380.4,False
AUTO300112,79,60,turismo,4,206.0,mixto,24570,Asturias,agente,mensual,0,19,False,449.42,False
AUTO301574,79,59,furgoneta,8,199.0,particular,17720,Asturias,correduria,anual,0,97,False,461.85,False
AUTO303853,34,11,furgoneta,5,214.0,particular,32361,Vizcaya,telefono,mensual,1,179,False,533.78,False
AUTO303766,28,6,turismo,6,143.0,particular,31452,Madrid,correduria,mensual,2,144,False,607.23,False
AUTO300662,57,38,turismo,1,102.0,particular,35248,Lleida,online,anual,0,55,False,319.87,False
AUTO302301,66,42,todoterreno,1,292.0,particular,5135,Lleida,agente,mensual,0,109,False,437.23,False
AUTO304245,29,6,turismo,9,76.0,particular,25214,Lleida,correduria,mensual,1,28,False,451.06,False
AUTO304117,56,33,todoterreno,4,280.0,mixto,29680,Vizcaya,telefono,mensual,0,179,False,475.46,False
AUTO301349,69,51,turismo,15,298.0,mixto,12531,Zaragoza,correduria,mensual,0,177,False,501.15,False
AUTO301840,35,11,turismo,10,192.0,particular,30305,Alicante,correduria,mensual,2,155,False,696.73,False
AUTO301963,71,53,turismo,2,91.0,mixto,34122,Tarragona,telefono,anual,0,136,False,292.19,True
AUTO303394,60,36,turismo,8,202.0,particular,21648,Madrid,correduria,mensual,0,9,False,456.28,False
AUTO300134,57,37,turismo,9,65.0,mixto,14857,Lleida,correduria,mensual,0,3,True,293.71,False
AUTO303573,49,29,todoterreno,8,68.0,mixto,24917,Sevilla,agente,mensual,0,11,False,331.58,False
AUTO300322,78,57,turismo,5,222.0,mixto,36059,Cantabria,online,mensual,0,81,False,399.63,True
AUTO303503,59,39,turismo,4,194.0,mixto,30948,Asturias,telefono,mensual,3,170,False,629.29,False
AUTO304561,79,59,turismo,3,265.0,particular,19434,A Coruna,agente,anual,0,154,True,538.52,True
AUTO302208,24,6,turismo,8,261.0,particular,26867,Alicante,telefono,anual,0,174,True,558.28,False
AUTO303268,38,14,turismo,13,279.0,particular,14533,Sevilla,agente,mensual,0,9,False,622.59,False
AUTO301970,39,20,turismo,4,296.0,particular,18145,Cantabria,telefono,mensual,0,178,False,547.99,False
AUTO301583,67,48,moto,14,143.0,particular,19723,Baleares,telefono,mensual,0,90,False,332.35,False
AUTO304081,48,24,turismo,6,220.0,particular,23913,Tarragona,telefono,anual,1,37,False,571.22,False
AUTO303140,42,18,turismo,11,69.0,particular,27015,Girona,correduria,mensual,0,33,False,356.78,False
AUTO301616,35,13,moto,14,168.0,particular,13901,Lleida,correduria,anual,1,68,False,501.73,False
AUTO301144,77,59,turismo,11,92.0,particular,14112,Madrid,correduria,anual,1,8,False,363.48,True
AUTO300907,50,31,turismo,3,193.0,particular,32175,Lleida,correduria,mensual,1,143,True,563.37,True
AUTO300308,58,38,turismo,19,273.0,particular,17313,Malaga,agente,mensual,0,34,False,614.49,False
AUTO301705,58,38,turismo,5,215.0,particular,29716,Lleida,online,mensual,1,131,False,494.91,False
AUTO301622,78,54,todoterreno,9,213.0,particular,19612,Malaga,correduria,anual,0,73,False,411.55,False
AUTO301724,78,58,furgoneta,14,173.0,particular,14146,Madrid,correduria,anual,2,32,False,547.19,False
AUTO300761,37,17,turismo,16,114.0,particular,11559,Tarragona,agente,mensual,0,25,False,423.04,False
AUTO301360,23,0,turismo,14,175.0,particular,38963,Madrid,correduria,anual,2,138,False,630.7,False
AUTO302141,34,10,turismo,1,194.0,mixto,39975,Vizcaya,online,anual,0,121,False,480.07,False
AUTO302557,48,30,turismo,10,,particular,23916,Tarragona,correduria,mensual,1,17,False,620.99,True
AUTO301979,66,48,furgoneta,14,196.0,particular,3767,Vizcaya,correduria,anual,0,97,False,394.47,False
AUTO300773,58,40,moto,11,172.0,particular,38871,A Coruna,correduria,mensual,0,176,True,447.75,False
AUTO301950,59,35,turismo,1,107.0,particular,17923,A Coruna,agente,mensual,0,11,False,397.2,False
AUTO301080,46,24,turismo,2,179.0,particular,2061,Zaragoza,telefono,mensual,0,76,False,467.4,False
AUTO303487,42,18,turismo,8,164.0,particular,13634,Zaragoza,agente,mensual,0,56,False,379.02,False
AUTO304131,70,46,turismo,7,202.0,particular,29261,Barcelona,correduria,anual,1,151,False,481.04,False
AUTO302618,69,46,moto,15,121.0,particular,19267,A Coruna,agente,mensual,2,47,False,511.12,False
AUTO304974,79,55,turismo,5,299.0,particular,14850,Malaga,correduria,anual,0,95,False,558.81,False
AUTO304789,44,20,todoterreno,1,117.0,particular,28792,Sevilla,correduria,anual,0,161,False,330.26,False
AUTO304545,56,37,turismo,6,125.0,particular,23596,Cantabria,online,mensual,0,133,False,319.09,False
AUTO300848,31,9,todoterreno,13,180.0,particular,33450,Girona,agente,mensual,1,80,False,495.06,False
AUTO303014,59,37,turismo,10,116.0,particular,2952,Valencia,telefono,anual,3,1,False,596.55,False
AUTO303045,37,18,turismo,7,164.0,particular,39699,Madrid,correduria,mensual,1,5,False,607.78,False
AUTO300304,48,27,todoterreno,1,210.0,mixto,32535,Lleida,agente,mensual,0,15,False,460.1,False
AUTO300740,71,50,furgoneta,19,196.0,mixto,15214,Vizcaya,telefono,anual,1,134,False,554.22,True
AUTO303584,27,4,furgoneta,4,92.0,mixto,29223,Baleares,telefono,anual,0,179,False,312.02,False
AUTO301302,54,32,todoterreno,11,298.0,particular,17769,Vizcaya,telefono,anual,0,151,False,728.15,False
AUTO301819,22,0,turismo,2,106.0,particular,22983,Madrid,telefono,anual,0,105,False,393.07,True
AUTO302837,76,54,turismo,4,209.0,particular,17353,Vizcaya,telefono,mensual,1,152,False,466.99,False
AUTO302797,31,7,moto,14,271.0,particular,5173,Barcelona,agente,mensual,0,121,False,624.87,False
AUTO303008,24,6,moto,2,139.0,particular,20446,Barcelona,correduria,mensual,0,172,False,372.05,True
AUTO302780,26,5,furgoneta,17,210.0,particular,3091,Malaga,online,anual,0,35,True,403.12,False
AUTO301810,33,9,moto,16,142.0,particular,39574,Alicante,telefono,anual,0,165,False,439.2,False
AUTO300770,23,5,turismo,14,127.0,particular,32250,Sevilla,agente,anual,1,72,False,489.31,False
AUTO302218,68,50,turismo,6,99.0,particular,13821,Cantabria,correduria,anual,1,12,False,391.79,False
AUTO303360,50,29,turismo,7,242.0,mixto,35588,Lleida,online,mensual,0,85,False,393.16,False
AUTO302472,31,8,turismo,19,232.0,particular,24660,Girona,online,mensual,1,93,False,630.39,True
AUTO301606,34,14,turismo,13,96.0,particular,14217,Madrid,telefono,mensual,2,156,False,603.41,True
AUTO301427,20,2,furgoneta,2,107.0,mixto,20294,Valencia,correduria,mensual,0,77,True,355.56,False
AUTO302269,32,10,turismo,13,214.0,particular,35801,Girona,telefono,mensual,1,52,False,583.54,False
AUTO300386,52,33,turismo,0,195.0,particular,2073,Valencia,online,anual,0,126,False,415.56,False
AUTO303824,19,0,todoterreno,19,220.0,mixto,3311,Alicante,correduria,mensual,0,132,False,585.68,False
AUTO304508,33,14,moto,18,275.0,particular,23585,Valencia,agente,mensual,0,109,False,604.39,True
AUTO303128,53,31,turismo,12,151.0,particular,19521,Sevilla,telefono,anual,0,178,False,475.61,True
AUTO301646,29,9,todoterreno,5,282.0,mixto,15261,Alicante,correduria,mensual,2,144,False,748.93,True
AUTO300932,28,4,turismo,6,250.0,particular,15967,Sevilla,correduria,anual,1,33,False,609.08,False
AUTO303712,24,6,furgoneta,13,203.0,particular,24514,Madrid,correduria,anual,0,90,False,521.97,True
AUTO301179,34,14,turismo,18,274.0,particular,2549,Tarragona,agente,anual,1,179,False,696.3,False
AUTO303527,38,14,moto,0,132.0,mixto,36602,Valencia,agente,mensual,0,88,False,368.18,False
AUTO302475,41,20,turismo,9,167.0,mixto,5681,Lleida,telefono,mensual,0,89,False,396.19,False
AUTO300783,30,7,moto,5,165.0,particular,15996,Sevilla,telefono,mensual,0,160,False,448.33,False
AUTO302111,64,44,turismo,8,199.0,particular,12514,Zaragoza,correduria,mensual,0,156,False,319.95,False
AUTO302762,23,0,turismo,12,91.0,particular,24140,Barcelona,correduria,mensual,0,93,False,437.87,False
AUTO301499,48,25,turismo,14,247.0,particular,15096,Asturias,agente,mensual,0,84,False,459.67,False
AUTO302949,47,25,todoterreno,15,89.0,particular,27580,Sevilla,online,mensual,0,117,False,315.72,False
AUTO302952,41,18,turismo,14,288.0,particular,2235,Barcelona,telefono,anual,0,114,False,563.37,False
AUTO303093,28,8,todoterreno,9,213.0,particular,17110,Barcelona,correduria,mensual,0,104,False,411.27,False
AUTO300693,79,55,turismo,9,68.0,particular,35431,Sevilla,online,anual,0,51,False,287.77,False
AUTO302143,43,21,turismo,1,166.0,particular,9391,Asturias,correduria,anual,0,97,False,433.8,False
AUTO301380,66,47,turismo,2,115.0,particular,10627,Tarragona,telefono,anual,0,109,False,283.14,False
AUTO301154,71,51,turismo,18,264.0,particular,2866,Sevilla,agente,anual,1,55,False,641.99,False
AUTO300373,28,6,moto,4,189.0,particular,13968,Asturias,correduria,anual,0,88,True,423.97,False
AUTO302522,48,28,turismo,7,128.0,particular,18935,Madrid,correduria,mensual,0,123,False,432.0,False
AUTO302064,49,25,turismo,19,225.0,particular,28240,Vizcaya,correduria,mensual,0,18,False,484.72,False
AUTO302755,35,13,turismo,12,239.0,particular,31954,Lleida,agente,mensual,0,157,False,482.76,False
AUTO300138,50,27,turismo,0,256.0,particular,5687,Tarragona,online,anual,1,160,False,574.47,False
AUTO302950,68,47,furgoneta,2,289.0,particular,5203,Lleida,online,mensual,0,118,False,491.58,False
AUTO303604,56,35,moto,10,224.0,particular,21255,Alicante,correduria,mensual,0,92,False,510.14,False
AUTO300456,58,39,turismo,2,71.0,particular,29306,Girona,telefono,mensual,0,132,False,180.0,False
AUTO302709,62,39,turismo,15,262.0,particular,29603,Vizcaya,correduria,mensual,0,19,False,547.64,False
AUTO300737,22,2,moto,8,192.0,particular,18667,Madrid,online,mensual,0,108,True,422.15,False
AUTO302856,35,17,turismo,1,93.0,particular,7834,Lleida,agente,mensual,0,105,False,384.23,False
AUTO301692,79,60,moto,12,205.0,particular,27204,Tarragona,agente,anual,0,47,False,405.54,False
AUTO301998,38,15,turismo,1,116.0,particular,23155,Lleida,agente,anual,0,90,False,314.39,False
AUTO301205,48,26,moto,11,137.0,particular,5348,Alicante,agente,anual,0,171,False,408.62,False
AUTO301632,76,56,turismo,13,130.0,particular,10000,Girona,telefono,mensual,0,112,False,398.6,False
AUTO301464,39,17,furgoneta,1,,particular,9883,Baleares,online,anual,0,147,False,394.46,False
AUTO303544,65,47,turismo,19,252.0,particular,22748,Tarragona,agente,anual,0,1,False,532.27,False
AUTO304092,26,7,turismo,19,173.0,mixto,20021,Madrid,agente,mensual,1,71,False,538.55,False
AUTO300944,42,23,turismo,13,201.0,particular,9054,Asturias,telefono,anual,0,80,False,494.14,False
AUTO300283,29,5,turismo,4,263.0,particular,36758,Girona,online,mensual,0,85,False,604.14,False
AUTO304243,66,42,turismo,11,284.0,particular,6229,Girona,telefono,anual,0,54,False,492.35,False
AUTO300726,28,7,todoterreno,17,132.0,particular,37997,Sevilla,online,mensual,0,63,True,478.01,True
AUTO301460,40,16,turismo,16,264.0,particular,9184,Valencia,online,mensual,0,45,True,473.7,True
AUTO303679,23,0,turismo,11,198.0,mixto,16617,Asturias,agente,mensual,1,167,False,577.78,False
AUTO304899,39,15,moto,7,172.0,particular,24432,Barcelona,telefono,anual,1,82,False,531.61,False
AUTO302326,66,45,furgoneta,4,130.0,mixto,16161,Asturias,online,mensual,0,120,False,337.75,False
AUTO301518,44,26,turismo,9,91.0,particular,14097,Madrid,telefono,mensual,1,139,False,386.37,False
AUTO304086,78,56,turismo,2,208.0,particular,27207,Tarragona,telefono,anual,0,150,False,431.99,False
AUTO304353,42,19,turismo,17,190.0,particular,5728,Sevilla,online,mensual,0,10,False,441.04,False
AUTO300468,30,12,turismo,3,85.0,particular,6232,Girona,correduria,anual,1,155,False,426.29,False
AUTO303037,73,50,turismo,1,74.0,particular,21541,Baleares,agente,anual,0,36,False,270.97,False
AUTO304533,72,50,turismo,10,71.0,particular,16208,Sevilla,telefono,mensual,0,98,False,265.63,False
AUTO303629,65,43,turismo,19,235.0,particular,6500,Barcelona,online,mensual,0,155,False,515.41,True
AUTO301845,35,17,furgoneta,14,193.0,mixto,24474,Asturias,online,mensual,0,109,False,368.32,False
AUTO301055,53,34,moto,16,260.0,particular,7173,Asturias,agente,anual,0,143,False,556.08,False
AUTO302622,24,6,furgoneta,16,230.0,mixto,29305,Barcelona,agente,mensual,0,151,False,536.27,False
AUTO302057,35,11,moto,3,255.0,particular,19886,Alicante,online,mensual,1,83,False,567.84,False
AUTO303080,25,3,furgoneta,15,63.0,particular,34917,Alicante,telefono,mensual,0,113,False,367.89,False
AUTO304260,51,27,turismo,13,95.0,particular,22326,A Coruna,correduria,anual,0,39,False,329.94,False
AUTO304590,48,27,turismo,15,148.0,mixto,31821,Baleares,telefono,mensual,0,161,False,386.45,True
AUTO300734,68,47,turismo,1,294.0,mixto,38083,Vizcaya,telefono,mensual,1,39,False,558.8,False
AUTO302035,67,48,turismo,0,239.0,particular,33619,Alicante,agente,anual,0,7,False,375.46,False
AUTO301378,43,21,furgoneta,6,200.0,particular,5435,Baleares,online,mensual,0,6,False,503.6,False
AUTO301224,61,37,furgoneta,8,294.0,mixto,15439,Baleares,online,anual,0,77,False,605.46,False
AUTO300522,53,31,turismo,4,248.0,particular,31126,Baleares,telefono,anual,1,36,True,575.22,False
AUTO304751,62,38,turismo,5,64.0,particular,12465,Cantabria,agente,mensual,0,2,False,294.68,False
AUTO304020,46,23,turismo,8,248.0,particular,5334,Barcelona,agente,mensual,0,149,False,491.91,False
AUTO302065,36,18,furgoneta,18,299.0,mixto,20409,Malaga,correduria,anual,0,12,False,617.94,False
AUTO301354,31,12,moto,15,238.0,particular,13621,Cantabria,agente,anual,1,67,True,658.33,False
AUTO300623,40,20,turismo,1,61.0,particular,38601,Valencia,online,mensual,0,46,False,245.73,False
AUTO301081,66,46,moto,3,93.0,particular,30228,Barcelona,telefono,anual,0,46,False,296.76,False
AUTO302920,59,38,furgoneta,17,278.0,mixto,3845,Malaga,online,anual,0,129,False,564.67,False
AUTO303052,36,15,turismo,12,252.0,particular,26020,Cantabria,telefono,mensual,0,33,False,557.74,True
AUTO301286,66,45,turismo,12,198.0,particular,33839,Vizcaya,online,mensual,0,176,False,405.68,False
AUTO304442,68,49,turismo,16,267.0,particular,10431,Baleares,agente,mensual,0,53,False,434.61,False
AUTO301141,64,44,furgoneta,12,77.0,particular,23130,Asturias,agente,mensual,0,29,False,250.79,False
AUTO302478,34,16,turismo,2,112.0,mixto,25710,Malaga,online,anual,0,115,True,370.66,False
AUTO301850,67,46,turismo,19,101.0,particular,25156,Baleares,online,mensual,0,76,False,384.4,False
AUTO304127,46,25,furgoneta,11,231.0,particular,15399,Tarragona,telefono,mensual,0,89,False,424.03,False
AUTO303459,62,43,furgoneta,8,128.0,particular,15894,Baleares,agente,anual,1,109,False,539.05,False
AUTO300103,61,41,todoterreno,2,241.0,mixto,25042,Valencia,online,anual,0,120,False,435.61,False
AUTO303294,54,34,furgoneta,9,177.0,particular,15786,Asturias,correduria,mensual,0,28,True,438.57,False
AUTO300219,48,25,turismo,7,219.0,particular,21943,Malaga,agente,anual,0,32,False,503.15,False
AUTO301681,23,1,turismo,14,163.0,particular,35879,Valencia,telefono,mensual,0,10,False,444.51,False
AUTO300688,54,30,furgoneta,15,213.0,mixto,18273,Zaragoza,online,mensual,0,136,False,456.27,False
AUTO300436,77,58,turismo,4,209.0,particular,17534,Sevilla,online,mensual,0,35,True,373.42,False
AUTO302560,32,9,turismo,18,115.0,particular,2809,Vizcaya,correduria,mensual,1,171,True,454.03,False
AUTO301588,45,25,turismo,7,91.0,particular,16255,Valencia,correduria,anual,0,151,False,298.99,False
AUTO301993,58,38,turismo,1,107.0,particular,29284,Madrid,online,mensual,2,15,False,488.37,True
AUTO301532,70,51,turismo,7,116.0,particular,2966,Cantabria,correduria,mensual,1,98,False,384.22,False
AUTO304555,51,31,turismo,7,206.0,particular,20076,Zaragoza,agente,mensual,1,177,False,507.3,False
AUTO302144,57,37,moto,13,,particular,5241,Sevilla,telefono,anual,0,53,False,455.36,False
AUTO302487,68,46,todoterreno,16,204.0,particular,11913,Malaga,correduria,anual,1,42,False,513.22,False
AUTO304316,57,34,moto,2,252.0,particular,37971,Zaragoza,telefono,mensual,0,16,True,453.52,False
AUTO303410,35,11,turismo,15,68.0,particular,22263,Girona,agente,mensual,1,17,False,389.25,False
AUTO303609,57,39,furgoneta,13,110.0,particular,36745,Zaragoza,correduria,mensual,1,124,True,412.41,False
AUTO301572,18,0,turismo,5,238.0,particular,32523,Baleares,agente,mensual,1,97,False,620.11,False
AUTO300072,38,17,turismo,17,216.0,particular,27534,Baleares,correduria,mensual,1,55,True,567.55,False
AUTO303333,45,23,moto,16,289.0,particular,27313,Cantabria,online,anual,0,108,False,520.89,False
AUTO302723,57,33,moto,12,151.0,particular,20064,Sevilla,telefono,mensual,1,99,False,485.39,False
AUTO301091,76,55,todoterreno,19,256.0,particular,31510,Malaga,agente,anual,0,119,False,473.24,False
AUTO302877,42,19,todoterreno,15,198.0,mixto,28665,A Coruna,telefono,mensual,0,105,False,540.38,True
AUTO303029,47,26,turismo,6,102.0,particular,3433,Sevilla,correduria,mensual,0,131,True,341.99,True
AUTO301296,76,54,turismo,8,71.0,particular,36431,Sevilla,agente,mensual,0,127,False,265.17,False
AUTO304602,41,18,moto,12,194.0,particular,25942,Lleida,agente,mensual,0,129,False,461.57,False
AUTO302293,34,10,moto,4,243.0,particular,7262,Cantabria,correduria,mensual,1,6,False,589.46,False
AUTO302404,75,56,turismo,13,77.0,particular,26096,Zaragoza,telefono,mensual,0,107,False,259.83,False
AUTO304030,58,35,furgoneta,17,179.0,particular,37894,Alicante,telefono,mensual,0,57,False,495.62,False
AUTO300394,35,16,turismo,15,299.0,particular,3004,A Coruna,telefono,mensual,0,35,True,547.47,False
AUTO300385,59,41,todoterreno,6,140.0,particular,6204,Tarragona,online,anual,1,1,False,425.42,False
AUTO303538,62,40,moto,2,232.0,particular,31800,Valencia,telefono,anual,0,107,False,395.81,False
AUTO302568,55,36,turismo,3,190.0,particular,23111,Zaragoza,agente,anual,1,156,False,496.27,False
AUTO301010,37,13,turismo,16,181.0,particular,18778,Zaragoza,online,anual,2,82,False,638.28,False
AUTO300274,32,14,turismo,1,221.0,particular,3152,Alicante,online,mensual,1,66,False,502.02,False
AUTO300197,72,51,moto,12,73.0,particular,2088,Malaga,correduria,mensual,1,103,False,338.38,False
AUTO302664,20,0,turismo,5,256.0,mixto,14863,Barcelona,online,mensual,0,87,False,599.19,False
AUTO301883,53,33,furgoneta,8,298.0,particular,38054,Valencia,correduria,anual,1,121,False,603.11,False
AUTO304008,49,28,furgoneta,7,262.0,mixto,4800,Baleares,telefono,mensual,1,11,False,552.4,False
AUTO301806,25,6,turismo,2,205.0,particular,20023,Barcelona,agente,mensual,1,157,False,427.96,True
AUTO300971,69,51,turismo,4,185.0,mixto,2859,Vizcaya,correduria,anual,1,69,False,455.8,True
AUTO301180,24,1,todoterreno,4,84.0,particular,20171,A Coruna,correduria,mensual,2,32,False,489.22,False
AUTO301484,64,40,turismo,8,186.0,particular,29634,Madrid,telefono,mensual,0,139,True,371.77,True
AUTO303972,76,54,turismo,7,104.0,particular,6383,Girona,correduria,anual,0,144,False,249.23,False
AUTO303200,76,58,moto,17,290.0,particular,17321,Malaga,telefono,mensual,0,73,False,508.85,True
AUTO300514,71,49,turismo,18,212.0,mixto,3541,Lleida,telefono,mensual,0,140,False,486.31,False
AUTO300285,65,41,turismo,1,228.0,particular,29600,Girona,agente,mensual,0,119,False,406.75,False
AUTO304184,49,30,turismo,3,275.0,particular,22639,Barcelona,telefono,anual,0,89,False,516.27,False
AUTO304230,20,0,furgoneta,8,290.0,mixto,16428,Sevilla,agente,anual,0,81,False,624.93,False
AUTO300574,39,18,turismo,4,239.0,particular,15592,Tarragona,correduria,mensual,0,58,False,504.21,False
AUTO303884,32,9,moto,1,156.0,mixto,6002,Zaragoza,agente,mensual,0,45,True,312.1,False
AUTO300226,42,23,moto,11,117.0,particular,21190,Girona,online,anual,0,82,False,410.0,False
AUTO304552,19,1,todoterreno,9,228.0,mixto,7845,Alicante,correduria,mensual,0,44,False,584.51,False
AUTO301469,52,30,turismo,0,221.0,particular,11612,Zaragoza,telefono,anual,0,119,False,469.01,False
AUTO304492,46,25,todoterreno,9,171.0,particular,29999,Vizcaya,correduria,mensual,0,81,False,471.57,True
AUTO302645,54,33,turismo,19,110.0,particular,9324,Barcelona,agente,mensual,0,152,False,399.24,False
AUTO300438,77,54,turismo,19,237.0,particular,7806,Asturias,agente,anual,0,98,True,514.65,False
AUTO303810,48,28,moto,13,119.0,mixto,29401,Girona,telefono,mensual,0,36,False,404.88,False
AUTO302280,48,27,turismo,13,226.0,particular,4597,Madrid,telefono,mensual,0,123,False,501.37,False
AUTO304302,68,44,turismo,11,240.0,particular,8398,Baleares,online,anual,0,175,False,501.07,False
AUTO301226,43,25,turismo,18,212.0,particular,6250,Madrid,online,mensual,0,40,False,489.87,False
AUTO301215,70,46,moto,7,165.0,particular,3826,Girona,telefono,anual,1,40,False,415.21,False
AUTO300276,18,0,turismo,1,133.0,particular,28400,Tarragona,agente,anual,1,159,False,516.16,False
AUTO300485,71,48,turismo,1,269.0,mixto,27350,Asturias,correduria,mensual,0,91,False,480.28,False
AUTO302635,38,15,todoterreno,3,208.0,particular,4899,Tarragona,online,mensual,0,175,False,450.63,False
AUTO304698,56,34,moto,19,197.0,particular,14825,Asturias,online,anual,0,54,True,455.32,False
AUTO304929,20,0,turismo,3,278.0,mixto,15095,Zaragoza,telefono,anual,1,164,False,600.72,False
AUTO302465,39,20,moto,19,168.0,particular,12017,A Coruna,telefono,anual,0,44,False,409.09,False
AUTO301023,77,56,turismo,18,177.0,mixto,7306,A Coruna,telefono,anual,0,82,True,385.55,False
AUTO301568,59,37,turismo,10,61.0,particular,22442,Malaga,telefono,anual,1,86,False,441.66,True
AUTO300469,77,57,furgoneta,5,222.0,particular,29388,Valencia,agente,anual,1,158,False,431.67,False
AUTO301761,23,4,turismo,6,209.0,mixto,38038,Alicante,telefono,mensual,1,5,False,503.45,False
AUTO303715,57,34,turismo,5,120.0,particular,25740,A Coruna,online,anual,1,93,False,421.11,False
AUTO304606,51,30,moto,0,149.0,particular,17405,Asturias,online,mensual,1,95,False,406.42,True
AUTO304390,46,22,turismo,2,259.0,particular,11728,Zaragoza,agente,anual,0,119,False,490.32,False
AUTO303283,79,58,todoterreno,15,246.0,mixto,3144,Vizcaya,correduria,mensual,0,70,False,441.39,True
AUTO304328,50,28,turismo,17,134.0,particular,36154,Barcelona,online,anual,1,68,False,468.47,False
AUTO300063,29,11,turismo,9,223.0,mixto,11201,Valencia,agente,anual,0,18,False,505.19,False
AUTO304879,41,23,turismo,17,84.0,particular,34531,Madrid,telefono,mensual,0,148,False,453.27,True
AUTO301310,57,38,moto,12,176.0,particular,9326,Malaga,online,anual,0,70,False,392.07,False
AUTO300729,31,7,turismo,10,152.0,mixto,38516,Zaragoza,online,mensual,0,120,False,553.97,False
AUTO300088,53,31,moto,9,66.0,mixto,4058,Cantabria,correduria,anual,1,130,True,385.03,True
AUTO303847,37,14,turismo,3,68.0,particular,33503,Zaragoza,telefono,mensual,1,85,False,417.78,False
AUTO303641,58,38,furgoneta,12,101.0,particular,35170,Cantabria,online,mensual,1,100,False,414.32,False
AUTO303430,64,45,furgoneta,7,225.0,particular,22837,Sevilla,agente,anual,1,103,False,537.52,False
AUTO300328,74,55,todoterreno,18,124.0,mixto,21598,Barcelona,telefono,mensual,0,56,False,374.74,True
AUTO303256,47,23,furgoneta,10,221.0,particular,26649,Vizcaya,agente,mensual,0,18,False,445.8,False
AUTO304019,65,41,turismo,3,216.0,particular,38466,Cantabria,correduria,anual,0,149,False,358.95,False
AUTO304398,40,18,turismo,6,148.0,particular,15361,Baleares,telefono,mensual,0,150,True,340.32,False
AUTO300302,18,0,todoterreno,14,228.0,particular,20505,Lleida,agente,anual,0,12,False,533.23,False
AUTO301882,64,43,turismo,6,225.0,particular,34913,Malaga,online,anual,1,30,False,493.03,False
AUTO301419,21,3,turismo,4,135.0,mixto,5453,Girona,agente,mensual,0,153,False,371.14,False
AUTO301394,23,0,turismo,6,125.0,mixto,13467,Vizcaya,telefono,anual,0,50,False,325.02,False
AUTO301107,39,21,turismo,0,212.0,particular,37477,Madrid,online,mensual,0,24,False,409.09,True
AUTO303197,25,6,turismo,10,282.0,mixto,16652,Malaga,online,mensual,1,114,False,652.22,False
AUTO303391,39,19,turismo,5,171.0,particular,10509,Baleares,agente,anual,0,166,False,373.63,False
AUTO302179,63,45,turismo,1,183.0,particular,39289,Asturias,correduria,anual,1,113,False,407.29,False
AUTO303745,76,57,moto,8,105.0,particular,37507,Zaragoza,agente,anual,0,158,False,372.55,False
AUTO303482,65,43,turismo,6,177.0,particular,39337,Zaragoza,correduria,mensual,0,97,False,347.6,True
AUTO301134,38,17,turismo,17,72.0,particular,9393,Vizcaya,online,mensual,0,117,False,237.68,False
AUTO304710,21,0,todoterreno,8,124.0,particular,34644,Cantabria,correduria,anual,0,71,False,435.78,False
AUTO301125,62,41,todoterreno,13,203.0,particular,36841,Asturias,correduria,mensual,0,47,False,409.66,False
AUTO304575,32,10,turismo,18,133.0,mixto,38771,Sevilla,agente,anual,0,20,False,440.8,False
AUTO304886,63,45,turismo,10,86.0,particular,15735,Baleares,telefono,mensual,0,122,False,303.04,False
AUTO301436,76,55,turismo,5,177.0,particular,28482,Zaragoza,agente,anual,0,143,False,327.73,False
AUTO303741,51,31,todoterreno,0,123.0,particular,7925,Zaragoza,online,mensual,1,159,False,416.86,False
AUTO302311,45,24,turismo,18,121.0,particular,19142,Sevilla,telefono,mensual,2,125,False,602.12,False
AUTO304425,61,39,turismo,12,237.0,particular,36876,Madrid,telefono,anual,1,93,False,604.68,False
AUTO300945,39,20,furgoneta,6,103.0,particular,27981,Barcelona,telefono,mensual,0,89,False,349.31,False
AUTO300466,75,54,turismo,11,100.0,mixto,29294,Baleares,correduria,anual,0,99,False,282.52,False
AUTO303764,60,42,turismo,19,290.0,particular,16987,Malaga,online,mensual,0,88,True,552.08,False
AUTO304529,39,21,turismo,13,81.0,mixto,33808,Vizcaya,telefono,mensual,0,100,False,369.65,False
AUTO304994,68,46,turismo,9,222.0,mixto,8079,A Coruna,online,mensual,3,120,False,678.45,False
AUTO300982,28,10,moto,0,159.0,particular,18778,Malaga,online,mensual,0,46,False,391.85,False
AUTO301410,75,55,turismo,5,90.0,particular,4667,Baleares,telefono,mensual,1,86,False,398.95,True
AUTO301908,61,40,turismo,17,147.0,particular,33927,Malaga,telefono,mensual,0,114,False,411.27,False
AUTO300573,26,4,turismo,6,219.0,particular,26534,Sevilla,correduria,mensual,1,16,False,529.68,False
AUTO300838,66,46,furgoneta,9,298.0,particular,10276,Asturias,correduria,mensual,1,159,False,544.24,False
AUTO300621,70,52,furgoneta,18,219.0,particular,27189,Alicante,agente,anual,0,26,False,485.76,False
AUTO301426,26,2,todoterreno,19,187.0,particular,7130,Asturias,agente,mensual,0,36,False,549.61,False
AUTO304471,68,48,furgoneta,13,280.0,particular,28627,Girona,agente,anual,0,43,False,557.73,False
AUTO303580,78,55,turismo,7,276.0,particular,5382,Lleida,online,mensual,0,16,False,461.35,False
AUTO304692,70,47,turismo,0,238.0,particular,11931,Malaga,telefono,mensual,0,122,False,463.26,False
AUTO303328,41,23,todoterreno,15,95.0,particular,38239,Zaragoza,online,anual,0,63,False,339.77,False
AUTO304172,49,30,turismo,17,83.0,mixto,19740,Madrid,online,anual,0,75,False,263.84,False
AUTO304248,70,51,turismo,5,167.0,mixto,7523,Baleares,online,mensual,0,7,False,314.47,False
AUTO303593,34,10,turismo,12,93.0,mixto,16276,Sevilla,correduria,anual,0,162,False,367.67,False
AUTO304009,40,22,todoterreno,6,84.0,particular,4421,Lleida,correduria,anual,0,146,False,332.16,False
AUTO300557,32,10,furgoneta,1,276.0,mixto,8511,Valencia,correduria,mensual,1,94,False,612.27,False
AUTO303365,79,57,todoterreno,13,101.0,mixto,6159,Malaga,telefono,mensual,0,55,True,327.76,False
AUTO304324,70,48,turismo,10,161.0,particular,6275,Zaragoza,correduria,anual,0,112,False,401.35,False
AUTO300281,36,18,todoterreno,12,230.0,particular,30770,Zaragoza,online,anual,1,112,False,591.79,False
AUTO301411,28,5,turismo,14,295.0,particular,15569,Lleida,online,anual,0,82,False,637.02,False
AUTO300874,35,16,turismo,13,187.0,particular,11386,Alicante,correduria,mensual,0,90,False,510.07,False
AUTO304228,67,45,turismo,8,116.0,mixto,19027,Malaga,telefono,mensual,0,160,False,286.21,False
AUTO301974,55,33,furgoneta,9,298.0,particular,5018,Madrid,agente,anual,0,10,False,566.05,False
AUTO300479,57,35,turismo,18,267.0,particular,23361,Lleida,online,mensual,1,68,False,541.28,False
AUTO302256,45,24,turismo,15,254.0,particular,18382,Vizcaya,correduria,anual,0,138,False,560.28,False
AUTO301466,33,11,furgoneta,10,224.0,mixto,39294,Valencia,online,anual,0,79,False,498.73,False
AUTO300413,53,34,turismo,12,183.0,particular,24145,Girona,online,mensual,1,91,True,537.19,False
AUTO300245,44,25,turismo,6,291.0,mixto,23643,Cantabria,correduria,anual,0,62,False,525.9,False
AUTO302416,56,36,turismo,11,204.0,mixto,29135,Zaragoza,correduria,anual,0,179,False,482.4,False
AUTO303571,72,48,todoterreno,8,172.0,particular,14282,Cantabria,agente,mensual,0,172,False,366.69,False
AUTO302634,46,28,turismo,6,294.0,particular,6672,Asturias,correduria,mensual,0,95,False,490.99,False
AUTO302434,33,10,turismo,11,240.0,mixto,15143,Malaga,correduria,mensual,0,51,False,493.5,False
AUTO303528,30,7,turismo,17,299.0,mixto,13672,Alicante,telefono,mensual,0,44,True,606.98,False
AUTO303137,62,43,moto,9,78.0,particular,18176,A Coruna,correduria,mensual,0,129,False,318.72,False
AUTO300161,28,10,moto,3,177.0,mixto,27642,Valencia,correduria,anual,0,4,False,409.91,False
AUTO304334,67,45,turismo,7,78.0,particular,23412,Sevilla,correduria,anual,3,2,False,500.61,False
AUTO304428,50,32,moto,3,156.0,particular,18542,Baleares,online,mensual,0,143,False,413.93,False
AUTO303449,27,9,todoterreno,2,162.0,particular,23857,Sevilla,agente,mensual,0,147,False,406.64,False
AUTO304919,73,55,todoterreno,18,78.0,particular,31273,Tarragona,telefono,mensual,2,41,False,536.86,False
AUTO302915,57,36,turismo,12,293.0,particular,25345,Cantabria,telefono,anual,1,82,False,719.27,False
AUTO304885,45,21,turismo,19,112.0,particular,8467,Alicante,online,anual,0,73,False,344.83,False
AUTO300039,70,50,furgoneta,12,294.0,particular,7853,Baleares,online,mensual,0,94,False,554.49,False
AUTO301787,23,0,furgoneta,18,114.0,particular,8605,Madrid,correduria,mensual,0,117,True,402.58,False
AUTO300313,64,45,todoterreno,4,116.0,particular,15278,A Coruna,agente,mensual,1,13,False,362.72,False
AUTO300188,43,23,turismo,8,177.0,particular,21207,Zaragoza,agente,anual,0,20,False,520.56,False
AUTO300632,33,11,moto,5,108.0,particular,29116,Barcelona,telefono,anual,2,14,False,585.99,True
AUTO300715,59,37,turismo,18,74.0,particular,10303,Sevilla,online,mensual,0,165,True,319.36,True
AUTO303184,59,39,turismo,12,162.0,particular,5925,Barcelona,correduria,anual,0,16,False,413.54,False
AUTO303210,52,34,moto,8,280.0,particular,4894,Malaga,online,mensual,1,138,False,638.17,False
AUTO302316,51,28,moto,12,72.0,particular,13999,Baleares,correduria,mensual,0,113,False,333.17,False
AUTO301839,39,21,todoterreno,5,62.0,mixto,21942,Baleares,telefono,mensual,0,23,False,317.86,False
AUTO300834,39,15,furgoneta,2,190.0,particular,23668,Tarragona,online,mensual,0,134,False,408.84,False
AUTO302199,20,0,turismo,9,190.0,particular,24214,Barcelona,correduria,anual,0,134,False,478.74,False
AUTO304834,79,59,turismo,14,194.0,particular,23521,Sevilla,online,mensual,0,156,False,358.85,False
AUTO300349,72,52,moto,18,277.0,particular,24466,Sevilla,online,anual,1,134,False,675.56,False
AUTO304397,40,17,turismo,1,203.0,mixto,31879,Barcelona,telefono,mensual,1,59,True,556.34,True
AUTO304415,23,3,turismo,16,66.0,particular,24443,Sevilla,correduria,mensual,1,8,False,420.2,False
AUTO301202,23,2,moto,9,233.0,mixto,30126,Vizcaya,online,anual,0,174,False,538.87,False
AUTO303819,26,7,turismo,7,259.0,particular,4816,Cantabria,telefono,anual,0,156,False,560.78,False
AUTO304911,78,54,turismo,1,96.0,particular,7916,Malaga,correduria,mensual,1,51,False,394.1,True
AUTO303468,22,0,turismo,2,84.0,particular,27479,Lleida,agente,anual,0,66,False,368.96,False
AUTO301339,46,28,turismo,1,138.0,particular,17594,Girona,online,mensual,0,89,False,331.32,False
AUTO303990,62,41,turismo,17,295.0,particular,34794,Barcelona,agente,mensual,0,79,False,547.87,False
AUTO301416,48,29,turismo,1,100.0,mixto,5773,Alicante,agente,anual,0,15,False,288.45,False
AUTO300131,76,54,furgoneta,6,225.0,mixto,5123,Malaga,agente,mensual,0,120,False,434.41,False
AUTO302815,59,39,turismo,11,119.0,mixto,36288,Vizcaya,online,mensual,0,48,False,355.65,False
AUTO300250,79,58,turismo,15,64.0,particular,9714,Baleares,agente,mensual,0,30,False,189.99,False
AUTO302027,59,38,moto,16,137.0,mixto,10698,Lleida,agente,anual,2,142,False,559.7,False
AUTO301680,19,0,turismo,2,149.0,particular,4110,Sevilla,online,mensual,0,174,False,429.14,False
AUTO301291,75,52,turismo,1,153.0,mixto,28911,Alicante,agente,anual,0,81,False,274.91,False
AUTO301723,25,2,turismo,14,208.0,particular,8888,Valencia,agente,anual,0,37,True,560.43,True
AUTO302611,48,24,furgoneta,5,134.0,particular,30952,Malaga,telefono,anual,0,85,False,350.59,False
AUTO303261,26,8,furgoneta,1,225.0,particular,32967,Tarragona,telefono,mensual,2,140,False,644.31,False
AUTO302868,37,14,todoterreno,19,277.0,particular,11818,Baleares,telefono,mensual,0,164,False,564.27,True
AUTO301096,37,13,turismo,11,232.0,mixto,2262,Lleida,agente,mensual,1,2,False,596.06,False
AUTO302707,35,17,turismo,19,254.0,particular,10103,A Coruna,telefono,anual,1,167,False,611.23,False
AUTO300183,36,18,moto,14,183.0,particular,8757,Lleida,online,mensual,0,15,False,465.34,False
AUTO300641,23,5,turismo,14,194.0,particular,10016,Cantabria,online,mensual,0,159,False,541.11,False
AUTO304905,62,43,turismo,0,291.0,particular,34781,Girona,online,mensual,0,159,False,571.7,False
AUTO300083,53,30,turismo,6,264.0,particular,15772,Baleares,online,anual,0,38,False,478.37,False
AUTO304675,74,54,furgoneta,15,143.0,particular,2183,Sevilla,online,mensual,1,74,False,463.51,True
AUTO303959,43,23,turismo,18,131.0,mixto,5984,Madrid,online,mensual,0,61,False,409.62,False
AUTO301032,31,7,turismo,12,170.0,particular,6599,Madrid,online,mensual,0,172,False,425.37,False
AUTO303427,68,49,turismo,0,159.0,mixto,29191,Baleares,telefono,mensual,0,110,False,340.71,False
AUTO302092,36,17,todoterreno,1,254.0,particular,20277,Madrid,correduria,mensual,0,68,False,479.64,False
AUTO304695,60,38,turismo,3,146.0,particular,29849,Vizcaya,online,anual,3,70,True,644.64,False
AUTO304259,58,39,turismo,6,79.0,particular,28342,Tarragona,online,anual,0,54,False,336.3,True
AUTO302490,62,43,turismo,18,189.0,particular,15634,Vizcaya,online,anual,0,117,False,386.75,False
AUTO304738,63,45,turismo,6,185.0,particular,24893,Asturias,correduria,mensual,0,89,False,395.95,False
AUTO302003,65,46,turismo,11,291.0,particular,38622,Valencia,online,anual,0,128,False,514.59,False
AUTO303597,41,17,moto,4,252.0,particular,18717,Cantabria,correduria,mensual,0,179,False,550.98,False
AUTO304836,35,14,furgoneta,17,250.0,particular,39255,Girona,correduria,mensual,0,111,True,554.92,False
AUTO303589,54,30,turismo,14,232.0,particular,39122,Barcelona,online,anual,0,161,False,470.45,False
AUTO302395,45,22,turismo,0,173.0,particular,10428,Tarragona,online,anual,0,103,False,486.17,False
AUTO303493,54,32,turismo,13,112.0,mixto,39698,Madrid,telefono,anual,1,84,False,407.25,False
AUTO304219,20,0,turismo,15,88.0,particular,10785,Girona,correduria,mensual,1,101,False,534.72,True
AUTO303814,70,48,turismo,2,82.0,particular,9991,Barcelona,online,anual,1,64,False,403.99,True
AUTO304396,78,57,turismo,6,292.0,mixto,39436,Valencia,online,mensual,0,82,False,423.78,False
AUTO304851,71,48,todoterreno,2,72.0,particular,2672,Vizcaya,agente,mensual,0,34,False,267.3,False
AUTO303491,29,6,todoterreno,8,77.0,particular,9716,Sevilla,agente,mensual,0,90,False,419.09,False
AUTO303915,24,5,turismo,3,175.0,particular,33273,Girona,agente,mensual,1,119,False,540.94,False
AUTO302075,33,12,turismo,18,213.0,mixto,11155,Vizcaya,agente,mensual,0,133,False,491.46,False
AUTO300153,47,24,turismo,7,130.0,particular,20514,A Coruna,agente,mensual,0,97,False,383.21,False
AUTO300866,61,39,turismo,4,281.0,particular,12861,Zaragoza,telefono,mensual,0,152,False,526.23,False
AUTO304347,32,11,turismo,18,233.0,mixto,30400,Vizcaya,agente,mensual,3,6,False,785.48,False
AUTO303590,45,26,turismo,4,168.0,particular,29016,Barcelona,telefono,mensual,0,40,False,404.63,False
AUTO300757,37,17,todoterreno,14,261.0,particular,35621,Malaga,agente,mensual,1,101,False,763.81,False
AUTO300625,65,46,turismo,13,265.0,particular,31186,Madrid,online,anual,0,107,False,496.21,False
AUTO300656,79,60,turismo,9,257.0,mixto,14475,Sevilla,agente,anual,0,102,False,467.76,False
AUTO301195,35,17,turismo,4,68.0,particular,14685,Tarragona,telefono,mensual,1,38,False,423.65,False
AUTO301370,70,48,turismo,18,290.0,particular,15703,Asturias,telefono,anual,0,146,True,517.33,False
AUTO303643,18,0,turismo,16,225.0,particular,23079,Baleares,correduria,mensual,0,149,False,499.64,False
AUTO300860,51,31,moto,14,130.0,particular,16760,Vizcaya,agente,anual,0,64,False,417.21,False
AUTO303497,54,33,moto,9,212.0,particular,28497,A Coruna,correduria,mensual,0,52,False,425.97,False
AUTO302998,73,50,todoterreno,9,243.0,particular,20721,Zaragoza,online,anual,1,76,False,541.86,False
AUTO304467,71,51,furgoneta,18,174.0,particular,7827,Valencia,agente,anual,0,20,False,387.47,False
AUTO304909,45,26,turismo,6,264.0,particular,34338,Tarragona,correduria,mensual,0,26,False,469.41,False
AUTO301089,78,55,turismo,2,222.0,mixto,17812,Asturias,telefono,anual,1,90,False,515.98,False
AUTO304542,27,8,turismo,17,107.0,particular,33007,Vizcaya,telefono,mensual,0,54,False,381.03,False
AUTO304503,65,45,furgoneta,19,105.0,mixto,6059,Cantabria,correduria,mensual,0,177,False,390.96,False
AUTO302473,78,54,turismo,7,92.0,particular,33445,Baleares,agente,anual,0,145,False,188.91,False
AUTO304750,64,44,turismo,19,233.0,particular,14191,Tarragona,correduria,mensual,0,63,False,467.01,True
AUTO302123,22,0,turismo,19,114.0,mixto,8479,Zaragoza,telefono,anual,0,119,False,418.65,False
AUTO303877,55,36,turismo,5,285.0,particular,36007,Madrid,telefono,mensual,0,42,False,500.99,False
AUTO301741,53,33,furgoneta,13,228.0,particular,39347,Malaga,online,mensual,0,66,True,447.85,True
AUTO303729,28,8,turismo,5,188.0,particular,13568,Cantabria,correduria,mensual,0,77,True,440.18,False
AUTO301475,48,29,moto,3,76.0,particular,22430,Sevilla,correduria,mensual,0,25,False,330.05,False
AUTO303976,50,30,turismo,9,190.0,particular,6189,Alicante,telefono,mensual,0,4,False,424.63,True
AUTO300822,27,7,turismo,2,141.0,mixto,9919,Baleares,telefono,mensual,0,9,False,367.18,False
AUTO302418,64,43,moto,16,287.0,particular,17125,Alicante,online,mensual,1,98,True,556.4,False
AUTO300846,61,38,furgoneta,0,92.0,mixto,23141,Sevilla,agente,mensual,0,39,True,289.76,True
AUTO303438,48,27,turismo,15,67.0,particular,12155,Sevilla,telefono,anual,1,94,False,408.08,False
AUTO303030,61,39,moto,14,124.0,particular,29791,Tarragona,telefono,mensual,0,114,True,350.0,False
AUTO303103,42,20,moto,1,257.0,mixto,32072,Madrid,online,anual,0,169,False,586.79,False
AUTO304682,33,10,moto,5,223.0,particular,16408,Malaga,telefono,mensual,1,91,False,595.46,False
AUTO302497,52,28,turismo,17,74.0,mixto,32619,Tarragona,online,mensual,0,115,False,317.75,False
AUTO304377,48,26,todoterreno,2,70.0,particular,34230,Malaga,telefono,anual,0,61,False,312.41,False
AUTO302580,78,58,turismo,2,130.0,particular,12025,Tarragona,online,mensual,0,77,False,267.47,False
AUTO302257,79,57,moto,9,69.0,mixto,6421,Barcelona,online,mensual,0,86,False,271.47,False
AUTO302139,27,3,turismo,3,152.0,particular,15878,Alicante,telefono,mensual,0,123,False,389.02,False
AUTO300120,53,34,todoterreno,18,283.0,particular,22383,Cantabria,correduria,mensual,2,88,False,701.45,False
AUTO302826,75,51,turismo,11,86.0,particular,30709,Malaga,telefono,mensual,0,24,False,319.1,True
AUTO301525,53,34,moto,3,62.0,particular,27077,Malaga,online,anual,0,69,False,262.39,False
AUTO302727,73,49,turismo,12,165.0,particular,34231,Girona,correduria,anual,0,36,False,391.9,False
AUTO303191,53,30,turismo,8,68.0,particular,9737,Cantabria,correduria,mensual,0,70,False,310.42,False
AUTO303838,39,20,turismo,14,87.0,particular,35466,Alicante,telefono,mensual,0,52,False,312.05,False
AUTO300801,45,24,todoterreno,13,,mixto,25158,A Coruna,agente,anual,0,150,False,456.39,False
AUTO302017,31,13,turismo,13,225.0,particular,31494,Tarragona,online,mensual,0,25,True,615.27,False
AUTO304869,38,16,furgoneta,19,172.0,particular,5366,Tarragona,agente,anual,1,57,False,517.52,False
AUTO302109,64,43,turismo,12,102.0,mixto,16512,Alicante,agente,anual,0,119,False,297.3,False
AUTO304207,32,13,moto,18,241.0,particular,3385,A Coruna,telefono,mensual,2,78,False,697.48,False
AUTO300473,42,19,turismo,13,265.0,mixto,14910,Tarragona,telefono,anual,0,74,False,536.43,False
AUTO301298,23,0,turismo,19,277.0,particular,13472,Malaga,telefono,mensual,1,62,False,675.24,False
AUTO303755,22,4,turismo,16,106.0,particular,12280,Valencia,correduria,anual,0,51,False,382.51,False
AUTO300150,21,0,turismo,18,87.0,particular,36897,Valencia,agente,mensual,0,55,False,442.15,False
AUTO300280,37,17,turismo,4,147.0,particular,9510,Alicante,online,anual,1,14,False,415.52,False
AUTO304541,35,16,todoterreno,5,276.0,particular,9763,Malaga,online,mensual,0,5,False,529.43,False
AUTO304447,22,1,turismo,16,109.0,particular,3361,Sevilla,correduria,anual,0,55,False,424.28,False
AUTO300537,49,29,turismo,1,196.0,particular,37947,Cantabria,online,anual,0,22,False,344.94,False
AUTO301172,47,29,turismo,14,133.0,particular,28587,Barcelona,telefono,anual,0,128,False,395.93,False
AUTO304499,26,5,turismo,7,68.0,particular,30085,Tarragona,correduria,mensual,0,179,False,277.26,False
AUTO304464,31,11,turismo,7,283.0,particular,20090,Alicante,agente,anual,0,81,False,596.28,False
AUTO300074,41,23,turismo,6,148.0,particular,33901,Sevilla,telefono,mensual,0,145,False,441.04,False
AUTO300585,64,40,turismo,17,169.0,particular,25933,Zaragoza,telefono,anual,0,69,True,433.44,False
AUTO301520,68,50,turismo,6,214.0,mixto,19828,Asturias,correduria,mensual,0,55,True,378.82,False
AUTO301313,22,0,turismo,0,254.0,particular,10504,Madrid,online,mensual,0,86,False,542.64,False
AUTO300599,49,30,todoterreno,2,123.0,mixto,15747,Malaga,agente,mensual,1,119,False,399.12,False
AUTO301769,79,55,turismo,7,296.0,particular,32598,Zaragoza,online,mensual,0,93,False,511.01,False
AUTO303928,25,6,turismo,15,145.0,mixto,11291,Zaragoza,telefono,mensual,1,97,False,506.57,False
AUTO301201,35,12,moto,10,179.0,particular,13627,Vizcaya,online,anual,0,34,False,399.1,False
AUTO300301,76,53,turismo,17,122.0,particular,26784,Valencia,telefono,mensual,0,78,False,371.68,False
AUTO303524,21,0,turismo,1,128.0,particular,11720,Lleida,correduria,anual,0,43,False,421.22,False
AUTO303867,51,31,moto,1,99.0,particular,17776,Malaga,telefono,anual,0,37,False,288.81,True
AUTO304379,29,9,turismo,19,206.0,mixto,28494,Zaragoza,telefono,mensual,0,102,False,531.31,False
AUTO301049,47,23,furgoneta,14,196.0,particular,19735,Barcelona,online,anual,0,114,False,431.46,False
AUTO300442,76,56,turismo,18,228.0,particular,11220,Barcelona,telefono,anual,1,152,False,517.68,False
AUTO304341,79,57,turismo,0,141.0,particular,17160,Girona,telefono,mensual,0,32,False,283.79,False
AUTO303259,47,28,turismo,16,264.0,particular,7853,Alicante,agente,mensual,0,127,False,564.53,False
AUTO300940,60,37,turismo,12,67.0,mixto,5601,Asturias,telefono,mensual,0,133,False,255.7,False
AUTO303031,69,47,turismo,1,299.0,mixto,17878,Baleares,online,mensual,1,66,False,629.02,True
AUTO301031,38,17,turismo,3,208.0,particular,16352,Valencia,telefono,mensual,0,68,False,456.58,False
AUTO301927,34,13,furgoneta,15,236.0,mixto,3896,Valencia,telefono,anual,0,153,False,499.59,False
AUTO303209,28,10,turismo,7,112.0,particular,38912,Tarragona,telefono,mensual,0,5,False,355.62,False
AUTO303690,78,57,turismo,0,149.0,particular,21645,Cantabria,correduria,mensual,0,55,False,368.83,False
AUTO301314,24,3,moto,15,236.0,particular,24406,Baleares,telefono,anual,0,1,True,517.43,False
AUTO303936,64,41,turismo,17,129.0,mixto,31070,Vizcaya,agente,mensual,0,171,False,375.46,False
AUTO300191,29,9,furgoneta,8,201.0,particular,24307,Asturias,telefono,anual,0,112,False,495.5,False
AUTO301521,63,45,moto,9,295.0,particular,13419,Asturias,telefono,mensual,0,74,False,545.01,False
AUTO304893,27,9,turismo,14,135.0,mixto,37822,Baleares,agente,mensual,0,77,False,452.56,False
AUTO300804,45,23,turismo,0,110.0,particular,36532,Baleares,telefono,mensual,0,106,False,330.44,False
AUTO304380,52,31,turismo,17,280.0,particular,28222,Valencia,telefono,anual,1,41,True,665.97,True
AUTO300644,73,49,turismo,8,249.0,mixto,28835,Malaga,online,anual,0,64,True,561.63,False
AUTO304523,60,40,turismo,17,218.0,particular,21169,Malaga,agente,anual,1,170,False,494.38,False
AUTO302363,40,19,turismo,0,,mixto,35679,Vizcaya,correduria,anual,0,160,False,358.02,True
AUTO303381,37,13,todoterreno,8,94.0,particular,4600,Malaga,online,mensual,0,20,False,318.66,False
AUTO303413,26,3,turismo,15,150.0,particular,35005,Alicante,online,mensual,1,28,False,593.95,True
AUTO300407,68,48,moto,7,222.0,mixto,2134,Madrid,correduria,mensual,0,135,False,437.12,True
AUTO303743,45,22,turismo,1,87.0,particular,30328,Sevilla,agente,mensual,0,139,False,266.71,False
AUTO300826,40,18,turismo,13,99.0,particular,37217,A Coruna,online,mensual,1,155,False,381.51,False
AUTO303813,46,25,turismo,17,126.0,particular,26294,A Coruna,correduria,mensual,1,23,False,443.54,False
AUTO302733,44,22,moto,14,292.0,particular,13016,Cantabria,correduria,mensual,1,30,False,611.04,False
AUTO300098,77,57,turismo,9,200.0,particular,16831,Girona,online,mensual,2,134,False,511.34,False
AUTO302461,19,1,turismo,2,205.0,mixto,21190,Lleida,online,mensual,1,166,False,605.03,True
AUTO304833,18,0,todoterreno,1,206.0,particular,38992,Madrid,online,anual,0,108,False,508.55,False
AUTO304103,19,0,turismo,4,289.0,particular,19596,Girona,telefono,mensual,1,161,False,665.76,False
AUTO303478,76,52,furgoneta,13,178.0,particular,5420,Zaragoza,telefono,mensual,0,143,False,393.22,False
AUTO300344,20,0,turismo,3,143.0,mixto,14327,Sevilla,online,anual,0,18,False,424.82,False
AUTO304249,27,5,turismo,3,71.0,mixto,17715,Lleida,telefono,mensual,0,128,False,314.59,False
AUTO303760,59,40,moto,2,253.0,mixto,38275,Valencia,agente,anual,0,177,True,479.51,False
AUTO304564,61,43,turismo,15,,mixto,4114,Asturias,correduria,anual,0,62,False,321.17,False
AUTO300125,65,42,turismo,19,230.0,particular,11251,A Coruna,online,anual,0,8,False,540.12,False
AUTO302396,71,50,turismo,4,253.0,particular,11495,Valencia,correduria,anual,1,10,True,556.17,False
AUTO300425,53,30,turismo,0,118.0,particular,17826,Vizcaya,agente,anual,0,156,True,369.77,False
AUTO300267,26,7,turismo,7,216.0,particular,23275,Barcelona,agente,mensual,1,4,False,576.71,True
AUTO303318,18,0,turismo,18,139.0,particular,39953,Valencia,agente,anual,1,110,False,544.95,False
AUTO304587,38,15,furgoneta,2,274.0,particular,18621,Tarragona,correduria,anual,0,141,True,539.57,False
AUTO302224,24,0,turismo,11,107.0,mixto,36690,Baleares,agente,mensual,0,125,False,346.4,True
AUTO303616,35,11,turismo,3,136.0,particular,28849,A Coruna,agente,anual,1,90,False,493.94,False
AUTO300247,27,7,turismo,4,142.0,particular,26575,Alicante,correduria,mensual,0,81,False,419.38,False
AUTO302896,19,0,turismo,0,212.0,particular,33959,A Coruna,online,anual,0,3,False,533.39,False
AUTO301462,50,31,furgoneta,11,119.0,particular,7157,Girona,telefono,mensual,0,127,True,317.95,False
AUTO303385,36,18,turismo,14,76.0,particular,5523,A Coruna,online,mensual,0,60,False,287.83,False
AUTO302929,47,24,turismo,18,263.0,mixto,10603,Baleares,correduria,mensual,0,169,False,569.92,False
AUTO300092,68,47,turismo,12,282.0,particular,27324,Girona,telefono,mensual,0,177,False,518.72,False
AUTO304945,25,7,moto,11,122.0,mixto,16065,Alicante,telefono,mensual,0,71,True,467.3,False
AUTO302210,31,8,turismo,19,173.0,particular,8858,Valencia,correduria,mensual,0,166,False,522.21,False
AUTO303757,37,19,moto,11,166.0,particular,33505,Sevilla,agente,mensual,1,40,False,563.59,False
AUTO301272,45,26,furgoneta,14,144.0,particular,22085,Lleida,online,anual,1,39,False,456.89,True
AUTO304797,36,18,turismo,9,232.0,particular,14954,Malaga,telefono,mensual,3,171,False,768.35,False
AUTO303775,41,19,turismo,3,182.0,particular,4406,Madrid,telefono,mensual,0,132,False,458.41,False
AUTO302383,71,51,turismo,18,213.0,particular,30207,Valencia,correduria,anual,1,139,False,507.37,False
AUTO303736,66,48,turismo,2,97.0,particular,11707,Valencia,telefono,mensual,1,140,False,409.81,False
AUTO302085,58,34,turismo,13,283.0,mixto,2323,Alicante,correduria,mensual,1,28,True,591.88,True
AUTO304307,66,48,todoterreno,15,222.0,mixto,8058,Malaga,correduria,mensual,0,156,False,409.81,False
AUTO303071,28,5,turismo,13,196.0,particular,29274,Zaragoza,agente,mensual,0,4,True,462.95,False
AUTO304739,38,14,turismo,14,222.0,mixto,28988,Baleares,telefono,mensual,0,172,False,412.19,False
AUTO302082,35,12,turismo,16,274.0,particular,28336,Zaragoza,telefono,mensual,0,46,False,550.27,False
AUTO300152,58,34,furgoneta,11,160.0,mixto,20381,Zaragoza,correduria,anual,0,140,False,449.68,True
AUTO300406,65,41,turismo,14,60.0,particular,38409,Madrid,telefono,mensual,0,163,False,294.89,False
AUTO300423,64,40,turismo,8,113.0,particular,15398,Zaragoza,online,mensual,0,80,False,296.34,False
AUTO303841,64,46,turismo,6,243.0,particular,4824,Lleida,online,anual,1,70,True,601.54,False
AUTO300934,67,48,turismo,17,150.0,mixto,12898,A Coruna,correduria,mensual,0,103,False,381.68,False
AUTO300465,71,53,todoterreno,9,287.0,particular,7643,A Coruna,telefono,anual,0,134,False,516.25,False
AUTO300024,52,30,todoterreno,10,289.0,mixto,36118,A Coruna,agente,anual,0,179,False,513.47,False
AUTO302234,53,31,todoterreno,8,110.0,particular,14209,Malaga,agente,mensual,0,160,False,311.52,False
AUTO304977,44,26,todoterreno,9,202.0,particular,28855,Barcelona,telefono,mensual,0,72,False,468.49,False
AUTO303692,61,39,turismo,18,151.0,particular,2036,Lleida,online,anual,0,58,False,416.72,False
AUTO301387,75,55,turismo,17,97.0,particular,9291,Madrid,online,mensual,0,56,True,278.53,False
AUTO304778,77,53,turismo,9,101.0,particular,29472,Tarragona,online,anual,0,23,True,256.49,False
AUTO303484,27,5,moto,6,198.0,mixto,30992,Cantabria,agente,mensual,0,148,False,468.87,False
AUTO300396,26,8,turismo,4,226.0,particular,30176,A Coruna,telefono,anual,3,51,False,813.02,False
AUTO304933,49,27,moto,9,277.0,particular,3147,Asturias,correduria,mensual,1,80,False,647.27,True
AUTO301554,59,38,turismo,19,209.0,particular,29913,Baleares,agente,anual,0,82,False,435.53,False
AUTO304268,52,28,turismo,8,174.0,particular,32442,Alicante,correduria,anual,0,67,False,394.31,False
AUTO303776,45,26,turismo,9,92.0,particular,26678,Asturias,online,mensual,0,141,True,396.3,False
AUTO303870,26,6,turismo,8,155.0,particular,18552,Zaragoza,online,anual,0,56,False,483.47,True
AUTO301304,75,52,turismo,0,260.0,particular,27699,Madrid,telefono,mensual,1,52,False,540.71,False
AUTO302110,40,20,moto,5,167.0,particular,38350,Alicante,online,anual,1,21,False,418.37,False
AUTO303109,76,53,todoterreno,16,261.0,particular,12554,Lleida,correduria,mensual,1,146,False,584.33,True
AUTO304345,28,10,turismo,10,218.0,particular,16449,Madrid,online,mensual,0,74,False,436.09,False
AUTO303514,37,13,moto,4,103.0,particular,3009,Madrid,correduria,anual,0,31,False,283.48,False
AUTO300922,76,57,todoterreno,2,293.0,particular,22552,Lleida,agente,mensual,0,20,False,456.14,False
AUTO301623,52,28,turismo,7,259.0,particular,6702,Zaragoza,online,mensual,0,1,False,516.43,False
AUTO300629,24,5,turismo,8,176.0,particular,33538,Cantabria,telefono,mensual,1,171,False,512.71,True
AUTO300638,60,39,furgoneta,2,253.0,mixto,4316,Asturias,telefono,mensual,0,60,False,450.09,False
AUTO303992,54,32,turismo,15,117.0,mixto,32680,Tarragona,telefono,mensual,0,149,False,416.09,False
AUTO302933,55,34,turismo,11,257.0,particular,25501,Lleida,online,mensual,1,87,False,609.7,False
AUTO302767,37,16,todoterreno,12,202.0,particular,32748,Asturias,correduria,anual,0,159,False,471.13,False
AUTO302230,26,8,turismo,2,81.0,particular,2545,A Coruna,agente,mensual,0,12,False,348.86,False
AUTO302000,39,16,furgoneta,15,286.0,particular,21398,Zaragoza,agente,mensual,1,89,False,700.42,False
AUTO303016,67,43,turismo,6,246.0,particular,22136,Baleares,correduria,mensual,1,176,False,531.63,False
AUTO301790,61,38,moto,8,281.0,mixto,26657,Valencia,online,mensual,0,131,False,512.01,False
AUTO302914,68,45,turismo,3,221.0,particular,12963,Valencia,telefono,mensual,0,104,False,410.59,False
AUTO300181,39,17,turismo,0,179.0,particular,39424,Girona,correduria,mensual,0,145,False,402.72,False
AUTO302470,47,23,turismo,5,227.0,particular,30183,Tarragona,telefono,anual,0,132,False,490.56,False
AUTO303015,40,18,turismo,12,273.0,particular,5159,Lleida,agente,mensual,0,61,False,601.86,False
AUTO301362,51,30,turismo,7,92.0,particular,20967,Valencia,correduria,mensual,0,154,False,238.05,False
AUTO303308,59,39,turismo,10,,particular,2710,Girona,online,mensual,1,93,True,482.15,False
AUTO301842,74,52,furgoneta,19,299.0,particular,6744,Vizcaya,correduria,mensual,0,16,False,511.23,False
AUTO300582,52,28,todoterreno,3,242.0,mixto,12239,Tarragona,telefono,mensual,1,116,False,547.04,False
AUTO300429,48,24,turismo,11,138.0,particular,7126,Vizcaya,telefono,anual,0,123,False,401.89,False
AUTO300556,35,14,turismo,17,93.0,particular,33858,Cantabria,agente,mensual,1,44,False,481.41,False
AUTO303198,39,17,todoterreno,8,240.0,mixto,35308,Vizcaya,correduria,anual,0,24,False,496.49,False
AUTO301811,22,3,turismo,2,154.0,particular,11606,Alicante,correduria,mensual,0,155,False,431.31,False
AUTO302469,45,27,turismo,4,274.0,particular,35364,Tarragona,online,mensual,0,61,False,534.95,False
AUTO300432,40,17,turismo,1,202.0,particular,34413,Asturias,telefono,anual,1,11,False,500.06,False
AUTO303104,60,38,moto,3,259.0,particular,26748,Tarragona,telefono,anual,0,93,False,544.89,False
AUTO303681,22,0,furgoneta,13,73.0,particular,31374,Sevilla,online,mensual,0,131,False,428.49,True
AUTO302145,68,49,todoterreno,3,113.0,particular,29433,Girona,telefono,mensual,0,48,False,271.51,False
AUTO300948,27,8,turismo,5,89.0,particular,22913,A Coruna,correduria,anual,0,111,False,303.56,False
AUTO301077,61,43,moto,4,246.0,particular,31357,Zaragoza,correduria,mensual,1,84,False,485.62,False
AUTO303714,35,14,moto,1,169.0,particular,33856,Cantabria,agente,mensual,0,50,False,422.52,False
AUTO304209,38,15,moto,5,277.0,particular,36803,Sevilla,agente,anual,0,33,False,518.46,False
AUTO301948,67,43,turismo,16,100.0,particular,34094,Girona,correduria,mensual,0,129,True,323.45,False
AUTO301795,56,32,moto,3,61.0,particular,38412,Girona,telefono,anual,1,60,True,368.02,False
AUTO303934,32,11,furgoneta,17,134.0,particular,18950,A Coruna,agente,anual,0,89,False,375.8,False
AUTO302865,58,37,furgoneta,17,64.0,mixto,6415,Lleida,agente,mensual,0,86,False,273.31,False
AUTO304270,34,11,turismo,17,229.0,particular,12867,Cantabria,agente,mensual,0,157,False,619.31,False
AUTO301951,71,50,moto,17,72.0,particular,22969,Alicante,agente,mensual,0,100,False,404.82,False
AUTO300899,25,7,turismo,14,,mixto,21900,Alicante,online,mensual,1,57,False,454.3,True
AUTO302248,43,23,turismo,14,267.0,particular,17107,Barcelona,agente,anual,1,144,False,627.82,False
AUTO301355,26,4,turismo,0,152.0,mixto,15695,Valencia,correduria,mensual,0,128,False,323.69,False
AUTO301745,52,34,turismo,16,282.0,particular,2799,Madrid,telefono,mensual,0,57,False,549.39,False
AUTO304370,49,26,turismo,3,245.0,particular,24856,Barcelona,telefono,mensual,1,125,False,497.8,False
AUTO303154,55,31,furgoneta,15,220.0,particular,15714,Girona,correduria,mensual,1,41,False,521.16,False
AUTO300101,54,33,turismo,17,215.0,particular,11553,Barcelona,correduria,mensual,1,122,False,608.51,False
AUTO302273,40,18,moto,4,125.0,particular,36797,Barcelona,online,mensual,0,102,True,366.17,False
AUTO302113,79,58,moto,10,150.0,particular,8484,Girona,agente,anual,0,64,False,305.3,False
AUTO303146,31,12,turismo,17,99.0,mixto,37806,Alicante,telefono,mensual,1,7,False,492.31,True
AUTO301382,37,13,turismo,7,,particular,27908,Malaga,agente,mensual,0,87,False,328.89,False
AUTO304468,42,21,moto,3,203.0,particular,25828,Alicante,correduria,mensual,0,123,False,425.83,False
AUTO304725,20,0,turismo,3,127.0,mixto,22837,Valencia,online,anual,0,139,False,410.63,False
AUTO301853,22,3,furgoneta,13,149.0,particular,29024,Asturias,correduria,mensual,0,45,False,397.61,False
AUTO303887,61,38,turismo,2,251.0,mixto,25034,Malaga,agente,anual,0,169,False,521.07,False
AUTO301245,34,12,furgoneta,11,71.0,particular,6618,Valencia,correduria,anual,1,163,False,526.58,False
AUTO301461,49,30,turismo,14,140.0,particular,7765,Malaga,agente,mensual,0,33,False,379.98,False
AUTO300728,54,31,furgoneta,4,217.0,particular,38547,A Coruna,online,anual,0,94,False,492.15,False
AUTO303619,34,14,turismo,16,190.0,mixto,31218,Lleida,telefono,mensual,2,19,False,717.84,False
AUTO303347,63,44,todoterreno,1,82.0,particular,30874,Tarragona,correduria,mensual,0,69,False,263.9,False
AUTO303769,53,33,todoterreno,12,105.0,particular,38449,A Coruna,correduria,anual,1,171,False,386.68,False
AUTO304056,36,13,turismo,1,101.0,particular,37887,Sevilla,agente,mensual,0,65,False,329.92,False
AUTO304903,64,43,turismo,4,281.0,particular,29456,Tarragona,correduria,mensual,1,56,False,548.67,False
AUTO300554,51,32,turismo,15,147.0,particular,35897,Sevilla,correduria,anual,0,68,False,438.14,False
AUTO304553,68,46,furgoneta,13,238.0,mixto,8544,Cantabria,agente,mensual,1,20,False,576.82,False
AUTO304999,42,20,turismo,5,82.0,particular,18989,Alicante,online,mensual,0,175,True,350.92,False
AUTO304573,27,3,turismo,9,162.0,particular,27654,Valencia,correduria,mensual,0,130,False,435.09,False
AUTO302204,23,3,todoterreno,1,104.0,particular,39660,Baleares,online,anual,0,156,False,358.74,False
AUTO302769,59,39,turismo,5,113.0,mixto,10672,Sevilla,telefono,anual,1,120,False,426.73,False
AUTO301153,21,0,turismo,17,177.0,particular,30639,Zaragoza,online,mensual,0,135,True,523.03,True
AUTO303001,66,45,todoterreno,17,257.0,particular,24906,Asturias,correduria,anual,0,166,False,571.71,False
AUTO302393,34,10,turismo,10,154.0,particular,35787,Tarragona,correduria,anual,0,54,False,405.44,False
AUTO300149,34,15,turismo,17,215.0,particular,8723,Alicante,online,mensual,1,167,False,630.07,False
AUTO301369,59,36,turismo,12,166.0,particular,33945,Baleares,agente,anual,1,9,False,538.76,False
AUTO301217,39,17,turismo,4,267.0,particular,30790,Cantabria,correduria,mensual,0,37,False,477.64,False
AUTO302944,33,12,turismo,18,294.0,particular,32967,Baleares,agente,anual,0,167,False,621.19,False
AUTO303596,28,8,turismo,3,283.0,particular,12816,Asturias,telefono,anual,1,179,True,618.16,False
AUTO302181,75,57,turismo,11,151.0,particular,39807,Valencia,agente,mensual,0,36,False,414.6,False
AUTO302570,56,32,furgoneta,17,116.0,particular,17189,Asturias,telefono,mensual,2,55,False,584.31,False
AUTO301562,36,14,turismo,7,215.0,particular,8001,Tarragona,telefono,mensual,0,179,False,449.25,False
AUTO303876,66,42,moto,10,230.0,particular,10027,Barcelona,telefono,mensual,0,94,True,520.59,True
AUTO300497,41,19,turismo,11,166.0,mixto,34384,Alicante,online,mensual,0,44,False,442.28,False
AUTO303865,51,27,turismo,3,155.0,particular,7443,Barcelona,agente,mensual,0,97,False,325.4,False
AUTO302102,79,55,turismo,4,158.0,particular,36658,A Coruna,agente,mensual,1,49,False,424.2,False
AUTO304199,36,13,turismo,14,168.0,mixto,29536,Tarragona,agente,anual,1,99,False,574.94,False
AUTO300232,55,35,turismo,18,177.0,particular,28104,Baleares,telefono,mensual,1,102,False,502.16,False
AUTO303746,32,10,turismo,11,180.0,particular,11663,Asturias,telefono,mensual,1,80,False,588.09,False
AUTO301801,55,36,turismo,14,208.0,particular,25935,Asturias,online,anual,1,23,False,573.71,False
AUTO300295,41,22,moto,17,179.0,particular,5495,Vizcaya,telefono,anual,0,73,False,479.48,False
AUTO301671,75,53,todoterreno,17,215.0,particular,21047,Lleida,online,anual,3,97,False,732.62,False
AUTO303943,55,33,turismo,8,210.0,particular,38857,Asturias,correduria,anual,1,5,False,531.06,False
AUTO300666,49,26,turismo,4,131.0,particular,39222,Baleares,online,mensual,0,147,False,295.37,False
AUTO300504,24,4,turismo,14,276.0,particular,9509,Zaragoza,agente,mensual,3,17,False,899.2,False
AUTO300500,50,31,turismo,11,166.0,particular,15165,Valencia,agente,mensual,0,88,False,412.29,False
AUTO302053,36,14,turismo,15,121.0,particular,5741,Asturias,correduria,mensual,0,170,False,407.36,False
AUTO303890,69,45,turismo,11,134.0,mixto,23653,A Coruna,online,mensual,1,149,True,403.28,True
AUTO304775,71,48,turismo,7,75.0,particular,4711,Cantabria,telefono,anual,1,172,False,350.12,False
AUTO301710,36,12,turismo,15,134.0,mixto,13741,A Coruna,agente,anual,0,171,False,387.72,False
AUTO302185,65,47,todoterreno,9,146.0,mixto,22445,Alicante,telefono,mensual,2,103,False,543.16,False
AUTO301440,42,22,turismo,7,174.0,particular,18054,Valencia,correduria,mensual,1,23,False,570.16,True
AUTO300102,77,53,turismo,18,87.0,particular,34756,Asturias,correduria,anual,1,157,False,327.31,False
AUTO302058,73,53,turismo,4,178.0,particular,20487,Tarragona,telefono,mensual,1,129,False,382.14,False
AUTO301531,64,43,turismo,0,162.0,particular,17947,A Coruna,telefono,mensual,1,65,False,481.23,False
AUTO300290,45,25,turismo,18,295.0,particular,19253,Malaga,telefono,mensual,0,164,False,577.72,True
AUTO300947,35,15,turismo,11,223.0,particular,26528,Malaga,correduria,mensual,0,132,False,579.09,False
AUTO301067,63,41,furgoneta,5,90.0,particular,35683,Alicante,correduria,mensual,1,22,False,382.46,False
AUTO300119,60,40,turismo,3,271.0,particular,27262,Asturias,correduria,anual,0,159,False,496.95,False
AUTO302821,50,31,turismo,16,119.0,mixto,10562,Zaragoza,agente,mensual,1,59,False,519.45,False
AUTO302604,39,19,turismo,13,246.0,mixto,32993,Baleares,correduria,mensual,0,47,False,495.25,False
AUTO303628,24,2,turismo,13,187.0,particular,21353,Valencia,telefono,mensual,0,142,False,453.42,False
AUTO304144,46,25,turismo,14,87.0,particular,4135,Madrid,online,anual,0,59,False,314.75,False
AUTO303325,62,40,todoterreno,17,234.0,particular,22517,Barcelona,agente,anual,0,12,True,527.32,False
AUTO304630,62,38,turismo,2,205.0,mixto,26129,Asturias,agente,anual,0,5,False,418.47,False
AUTO303070,78,55,moto,11,128.0,particular,38722,Lleida,agente,mensual,0,81,False,296.92,False
AUTO301105,40,16,turismo,15,293.0,particular,33036,Alicante,online,anual,0,119,False,603.65,False
AUTO304279,50,31,turismo,5,180.0,particular,3404,Vizcaya,online,anual,0,73,False,363.25,False
AUTO301008,20,0,turismo,9,258.0,particular,18261,Madrid,telefono,anual,2,67,False,754.84,False
AUTO304151,62,40,turismo,3,134.0,particular,37240,Cantabria,online,anual,0,115,False,336.17,False
AUTO301017,69,46,turismo,1,292.0,particular,7482,Zaragoza,correduria,mensual,0,26,False,519.95,False
AUTO304845,66,43,furgoneta,13,90.0,mixto,15393,Malaga,correduria,anual,1,171,False,347.51,False
AUTO302033,45,26,furgoneta,17,269.0,particular,24672,Baleares,online,anual,1,16,False,637.27,False
AUTO302937,59,37,furgoneta,12,123.0,particular,13396,Madrid,correduria,anual,0,21,False,314.31,False
AUTO301635,71,47,furgoneta,5,68.0,mixto,23264,Lleida,telefono,mensual,0,32,False,262.44,True
AUTO303302,58,39,turismo,10,174.0,particular,36358,Malaga,agente,mensual,0,19,False,436.25,False
AUTO302100,66,45,turismo,9,269.0,particular,26212,Barcelona,online,anual,0,100,False,535.38,False
AUTO301376,35,12,turismo,1,233.0,particular,9281,Girona,online,anual,0,131,False,543.0,False
AUTO302119,72,49,turismo,14,240.0,mixto,32355,Vizcaya,online,mensual,0,88,True,431.74,False
AUTO303235,55,35,todoterreno,14,222.0,particular,15861,Alicante,agente,mensual,0,76,False,460.73,False
AUTO300886,21,0,turismo,2,94.0,mixto,9284,Tarragona,telefono,anual,0,70,False,398.96,True
AUTO301507,43,21,turismo,9,105.0,particular,36883,Barcelona,agente,anual,2,141,False,532.17,False
AUTO301731,70,52,todoterreno,11,282.0,mixto,23069,Lleida,correduria,mensual,2,33,False,626.14,False
AUTO303060,19,0,turismo,11,227.0,mixto,24014,A Coruna,agente,mensual,0,102,True,536.77,True
AUTO300129,18,0,todoterreno,4,277.0,mixto,37658,Malaga,correduria,mensual,1,23,False,623.0,False
AUTO300476,38,16,turismo,10,279.0,particular,24192,Lleida,online,mensual,0,118,False,524.4,False
AUTO302374,68,48,moto,5,192.0,particular,35752,Alicante,correduria,mensual,2,38,False,602.68,False
AUTO303705,60,40,turismo,12,146.0,particular,12606,Barcelona,agente,mensual,2,134,False,517.53,False
AUTO304233,62,39,turismo,12,60.0,particular,32287,Tarragona,correduria,mensual,1,110,True,396.12,True
AUTO303588,55,32,turismo,18,267.0,particular,21413,Tarragona,telefono,anual,0,143,True,561.85,False
AUTO302015,21,0,furgoneta,6,218.0,particular,28930,Malaga,correduria,anual,0,128,False,531.22,False
AUTO304323,42,22,furgoneta,0,136.0,particular,29554,Asturias,online,mensual,1,79,False,452.6,False
AUTO301931,33,13,turismo,2,138.0,particular,35315,Asturias,online,anual,0,139,False,344.08,False
AUTO304071,23,2,turismo,10,166.0,particular,7644,Tarragona,correduria,mensual,0,96,False,439.78,False
AUTO300658,21,0,turismo,14,113.0,particular,39788,Malaga,correduria,mensual,0,64,False,460.48,False
AUTO301739,55,36,turismo,13,288.0,particular,30311,Alicante,correduria,mensual,0,70,False,527.88,False
AUTO302781,49,31,furgoneta,2,148.0,particular,29331,Lleida,online,anual,0,157,True,389.49,False
AUTO302828,44,26,moto,4,199.0,particular,19516,Sevilla,correduria,mensual,1,151,False,495.85,False
AUTO301305,20,2,furgoneta,6,288.0,particular,21011,Zaragoza,agente,mensual,0,90,False,608.85,False
AUTO303914,77,59,turismo,15,169.0,particular,26704,Cantabria,online,mensual,0,109,False,429.5,False
AUTO304669,22,3,turismo,11,291.0,particular,22752,Malaga,online,anual,0,44,False,626.34,False
AUTO304588,56,32,turismo,17,159.0,particular,6998,Zaragoza,telefono,mensual,0,120,False,440.49,False
AUTO302314,73,54,turismo,7,188.0,particular,30114,Vizcaya,telefono,mensual,0,172,False,359.62,False
AUTO304611,50,28,furgoneta,2,83.0,mixto,32612,Malaga,telefono,mensual,0,173,False,369.15,False
AUTO300132,31,9,turismo,4,104.0,particular,18585,Tarragona,correduria,anual,0,56,True,314.81,False
AUTO304818,79,57,todoterreno,1,222.0,particular,11792,Cantabria,agente,mensual,1,20,False,467.54,False
AUTO302193,18,0,turismo,17,247.0,particular,33565,Asturias,correduria,anual,1,61,False,681.58,False
AUTO303882,76,52,turismo,9,134.0,mixto,14772,Zaragoza,correduria,anual,0,59,False,398.52,False
AUTO303455,53,31,furgoneta,18,71.0,particular,35183,Cantabria,telefono,mensual,0,160,False,344.72,True
AUTO303477,67,49,moto,3,159.0,particular,4738,Vizcaya,telefono,anual,0,121,False,295.79,False
AUTO304354,73,53,turismo,10,291.0,particular,3091,Tarragona,agente,anual,0,116,False,555.26,False
AUTO303774,59,39,todoterreno,18,267.0,mixto,8053,Asturias,online,mensual,0,139,False,473.29,False
AUTO304457,54,34,turismo,4,158.0,particular,15786,Barcelona,correduria,anual,0,105,False,337.84,False
AUTO300763,28,7,turismo,18,85.0,mixto,22004,Sevilla,correduria,anual,0,165,False,435.0,False
AUTO304960,50,32,furgoneta,4,214.0,particular,14090,Asturias,telefono,anual,1,79,False,590.61,False
AUTO300284,30,8,turismo,13,149.0,particular,10004,Asturias,online,mensual,0,120,False,449.16,False
AUTO303049,69,46,turismo,2,290.0,particular,38701,Baleares,agente,mensual,0,31,False,493.71,False
AUTO302259,73,49,todoterreno,6,175.0,particular,18090,Alicante,agente,anual,0,11,False,420.63,False
AUTO302848,28,4,turismo,5,298.0,mixto,22780,Zaragoza,telefono,anual,0,100,False,542.2,False
AUTO302108,31,7,turismo,8,113.0,mixto,17761,Alicante,telefono,mensual,1,141,False,447.87,False
AUTO302476,77,56,turismo,15,183.0,particular,11760,Sevilla,online,mensual,0,88,False,282.17,False
AUTO303444,62,38,turismo,8,213.0,particular,15306,Valencia,agente,mensual,0,173,False,407.66,False
AUTO304361,47,26,turismo,3,60.0,mixto,28025,Baleares,agente,mensual,0,115,True,289.38,False
AUTO302246,71,51,furgoneta,15,161.0,particular,9553,Valencia,online,anual,0,34,False,406.32,False
AUTO300208,69,50,moto,19,165.0,particular,5516,Girona,online,anual,0,156,False,427.52,False
AUTO301194,49,29,turismo,8,137.0,particular,36725,Baleares,online,mensual,0,173,False,264.69,False
AUTO303733,76,58,moto,17,65.0,mixto,20520,Zaragoza,online,mensual,1,26,False,364.99,False
AUTO300697,72,48,turismo,11,154.0,mixto,32715,Malaga,online,mensual,1,147,False,475.79,False
AUTO301533,69,45,moto,12,250.0,particular,31137,A Coruna,telefono,mensual,0,158,False,537.96,False
AUTO302322,52,28,turismo,6,285.0,particular,8742,Tarragona,online,anual,0,152,False,519.49,False
AUTO302225,24,5,turismo,4,173.0,particular,27524,Asturias,online,anual,1,95,False,563.72,False
AUTO301565,30,11,moto,18,222.0,particular,20879,Lleida,agente,mensual,2,124,False,701.28,False
AUTO303174,25,6,turismo,12,168.0,particular,15716,Madrid,correduria,mensual,0,131,True,471.53,False
AUTO304918,64,40,turismo,4,103.0,particular,34693,Baleares,agente,mensual,1,12,False,347.16,False
AUTO301881,70,48,moto,17,232.0,particular,20137,Barcelona,online,mensual,0,109,False,466.38,False
AUTO301919,54,36,turismo,11,223.0,particular,26557,Valencia,agente,mensual,0,115,False,433.0,False
AUTO302883,58,34,turismo,6,268.0,particular,23848,Girona,telefono,anual,1,149,False,579.34,False
AUTO301541,71,47,turismo,11,234.0,particular,36857,A Coruna,online,mensual,0,153,False,494.68,False
AUTO301895,79,57,turismo,17,200.0,mixto,27578,Lleida,telefono,mensual,0,130,False,413.75,True
AUTO301474,50,26,furgoneta,11,140.0,mixto,35387,Zaragoza,telefono,mensual,1,102,False,498.97,False
AUTO303253,20,1,turismo,5,208.0,particular,7925,Cantabria,telefono,anual,0,150,False,518.72,False
AUTO302734,31,11,turismo,2,195.0,mixto,12187,Barcelona,correduria,anual,0,62,False,404.25,False
AUTO303547,63,42,turismo,19,215.0,particular,13457,Tarragona,telefono,mensual,0,2,False,505.77,True
AUTO303276,39,18,turismo,11,256.0,particular,36446,Baleares,agente,mensual,0,86,False,548.1,False
AUTO304283,21,0,moto,0,99.0,particular,2076,Valencia,online,mensual,0,144,False,374.74,False
AUTO301778,44,24,turismo,10,81.0,particular,33129,Vizcaya,correduria,anual,1,118,False,486.75,True
AUTO303382,33,9,furgoneta,17,61.0,particular,11621,Madrid,correduria,mensual,1,144,False,428.13,False
AUTO304966,49,31,turismo,17,196.0,particular,7028,Lleida,agente,mensual,1,47,False,646.12,False
AUTO304329,53,32,turismo,11,193.0,particular,20612,Baleares,correduria,anual,0,121,False,431.19,False
AUTO300142,40,20,turismo,6,281.0,particular,30032,Tarragona,online,mensual,0,135,False,514.89,False
AUTO302804,59,37,furgoneta,10,110.0,particular,17568,Malaga,telefono,anual,0,101,True,286.99,False
AUTO304712,74,54,turismo,12,67.0,particular,23426,Baleares,correduria,mensual,0,129,False,268.74,False
AUTO303091,42,19,turismo,4,151.0,particular,19552,Valencia,online,mensual,0,8,False,422.05,False
AUTO300748,67,44,turismo,12,146.0,particular,25428,Barcelona,online,mensual,0,19,False,377.49,False
AUTO303337,57,36,turismo,7,168.0,particular,18764,Malaga,online,mensual,0,63,False,425.16,False
AUTO300272,42,21,furgoneta,0,255.0,particular,25965,Sevilla,telefono,anual,2,121,False,675.1,False
AUTO300439,37,14,turismo,6,242.0,particular,4012,Lleida,online,mensual,0,70,False,559.72,False
AUTO301086,76,53,turismo,8,235.0,particular,10266,Alicante,online,mensual,0,118,False,406.59,False
AUTO301127,39,15,furgoneta,2,277.0,particular,31871,Tarragona,telefono,anual,0,64,False,529.16,False
AUTO301653,74,53,turismo,16,256.0,particular,31395,Malaga,agente,anual,1,151,False,623.14,False
AUTO304742,41,22,turismo,3,119.0,mixto,31925,A Coruna,telefono,mensual,1,116,False,394.13,False
AUTO304088,60,38,moto,3,72.0,particular,6368,Valencia,telefono,anual,0,142,False,297.29,False
AUTO302441,66,43,turismo,11,202.0,particular,33527,Asturias,online,mensual,0,22,False,406.65,False
AUTO301356,71,52,turismo,3,230.0,particular,28930,Malaga,telefono,mensual,1,139,False,604.47,True
AUTO304321,58,40,turismo,11,170.0,particular,34425,Sevilla,online,anual,0,18,False,379.1,False
AUTO300806,63,41,turismo,17,152.0,particular,6705,A Coruna,online,mensual,0,99,False,427.02,False
AUTO304423,47,28,turismo,12,180.0,mixto,23462,Barcelona,agente,anual,0,68,False,490.13,False
AUTO304521,52,30,turismo,3,162.0,particular,23690,Lleida,agente,mensual,0,50,False,397.83,True
AUTO301809,71,50,turismo,16,135.0,particular,3352,Zaragoza,correduria,mensual,1,14,False,390.63,False
AUTO302756,23,0,todoterreno,16,181.0,particular,5130,A Coruna,telefono,mensual,0,169,False,524.34,False
AUTO303839,60,42,turismo,0,177.0,particular,33433,Girona,telefono,anual,2,132,False,514.24,False
AUTO301012,74,55,turismo,2,96.0,particular,38053,Malaga,online,mensual,0,122,False,238.02,False
AUTO304973,72,51,moto,2,99.0,particular,34507,Baleares,correduria,anual,0,35,False,295.04,False
AUTO302947,42,23,furgoneta,16,60.0,particular,10669,Cantabria,telefono,anual,1,161,True,433.38,True
AUTO304076,25,5,todoterreno,2,156.0,particular,23555,Cantabria,telefono,mensual,0,166,False,483.2,False
AUTO300902,77,54,furgoneta,7,213.0,particular,11308,Lleida,correduria,mensual,0,108,False,422.41,False
AUTO303397,71,52,moto,14,285.0,particular,9252,Malaga,correduria,anual,0,25,False,549.7,False
AUTO302254,24,4,furgoneta,12,267.0,particular,28774,Sevilla,telefono,anual,1,87,False,693.25,False
AUTO304337,64,45,moto,5,280.0,particular,36403,Barcelona,correduria,anual,1,60,False,574.02,False
AUTO302270,46,22,turismo,0,183.0,particular,13574,Barcelona,online,mensual,0,90,False,388.81,True
AUTO300515,37,13,turismo,10,123.0,particular,2944,Cantabria,agente,anual,0,16,False,398.99,False
AUTO300411,78,57,turismo,7,272.0,particular,25776,A Coruna,agente,mensual,0,114,False,526.65,False
AUTO302598,65,46,turismo,5,163.0,particular,31289,Valencia,online,anual,0,84,False,339.61,False
AUTO301995,66,47,turismo,8,65.0,particular,10703,Alicante,online,anual,0,51,False,235.86,False
AUTO303311,74,50,moto,1,146.0,particular,34035,Sevilla,agente,anual,0,138,False,324.74,False
AUTO300122,51,30,turismo,13,101.0,particular,21046,Vizcaya,correduria,mensual,0,97,False,334.66,False
AUTO302636,66,43,moto,3,288.0,mixto,29440,Baleares,correduria,mensual,1,52,False,604.81,False
AUTO302906,58,35,turismo,17,296.0,particular,21657,Zaragoza,agente,mensual,0,85,False,611.87,False
AUTO302902,19,0,turismo,1,174.0,mixto,21210,A Coruna,telefono,mensual,1,138,False,508.28,False
AUTO302438,71,49,furgoneta,2,214.0,particular,10686,Lleida,agente,anual,0,160,False,450.92,False
AUTO301784,37,13,moto,9,211.0,particular,21533,Barcelona,agente,mensual,0,156,True,393.84,False
AUTO300717,38,20,turismo,10,78.0,particular,18590,Cantabria,agente,mensual,1,143,False,391.91,False
AUTO304015,51,28,todoterreno,13,218.0,particular,28248,Zaragoza,correduria,anual,0,110,True,409.63,False
AUTO300403,42,21,turismo,14,251.0,particular,27565,Lleida,correduria,mensual,1,45,False,611.73,False
AUTO300696,67,47,turismo,5,209.0,particular,18548,Cantabria,agente,mensual,0,177,False,351.3,False
AUTO300803,24,5,furgoneta,14,75.0,particular,23290,Girona,correduria,mensual,1,78,False,436.03,False
AUTO303322,66,42,turismo,17,116.0,particular,26080,Tarragona,online,mensual,0,94,False,451.11,False
AUTO300961,39,18,turismo,14,247.0,particular,36238,Asturias,telefono,anual,0,114,False,545.49,False
AUTO300025,35,12,turismo,9,196.0,mixto,24353,Vizcaya,telefono,mensual,2,100,True,673.02,True
AUTO304821,63,40,turismo,11,166.0,particular,13350,Valencia,correduria,anual,0,163,False,369.96,True
AUTO301903,40,19,todoterreno,11,274.0,particular,2471,Madrid,agente,mensual,1,154,False,613.49,False
AUTO301949,43,23,turismo,17,220.0,particular,26686,Cantabria,online,anual,1,36,False,590.86,False
AUTO304557,49,28,furgoneta,17,269.0,particular,27703,Vizcaya,telefono,mensual,0,118,False,550.27,False
AUTO302658,21,0,turismo,14,66.0,particular,35373,Lleida,correduria,mensual,0,77,False,419.18,False
AUTO302747,21,0,turismo,14,115.0,particular,26391,Lleida,correduria,mensual,0,136,False,445.84,False
AUTO300531,40,16,turismo,11,221.0,mixto,26142,Valencia,correduria,mensual,0,88,False,509.22,False
AUTO303873,23,0,turismo,6,195.0,particular,10856,Malaga,correduria,anual,1,123,False,655.1,False
AUTO302574,20,2,turismo,18,285.0,particular,9466,Madrid,correduria,anual,0,72,False,614.8,False
AUTO300579,33,12,todoterreno,1,232.0,particular,29881,Alicante,agente,anual,0,5,False,488.13,False
AUTO303783,75,52,turismo,4,137.0,particular,2231,Tarragona,agente,anual,0,24,False,336.18,False
AUTO300199,66,47,turismo,14,290.0,particular,14004,Malaga,online,mensual,0,34,False,477.61,False
AUTO304303,58,36,todoterreno,19,210.0,particular,9770,Alicante,telefono,mensual,0,158,True,458.35,False
AUTO301679,40,17,turismo,15,130.0,mixto,36293,Valencia,online,anual,0,61,False,360.1,False
AUTO302518,78,55,turismo,11,153.0,mixto,16597,Baleares,telefono,mensual,0,173,False,287.84,False
AUTO300925,78,55,turismo,1,193.0,particular,3639,Cantabria,online,mensual,0,81,False,385.54,False
AUTO301755,59,39,furgoneta,1,260.0,particular,22885,Madrid,correduria,mensual,1,15,False,615.05,False
AUTO300598,64,40,todoterreno,18,169.0,particular,8264,Tarragona,online,mensual,0,59,True,386.07,False
AUTO301275,67,49,moto,17,100.0,particular,29665,Lleida,online,mensual,0,145,False,371.33,False
AUTO302778,22,3,todoterreno,8,151.0,particular,3706,Valencia,telefono,anual,1,90,True,573.73,False
AUTO301325,61,40,moto,14,83.0,particular,29832,Valencia,online,mensual,0,137,True,261.3,False
AUTO301385,65,41,turismo,19,113.0,particular,20848,Barcelona,telefono,anual,1,179,False,470.21,False
AUTO302807,47,25,turismo,4,293.0,particular,22528,Malaga,telefono,mensual,1,35,False,644.71,False
AUTO300532,70,52,turismo,12,250.0,particular,15080,Sevilla,agente,mensual,0,155,False,465.35,False
AUTO301160,26,3,turismo,2,138.0,mixto,17631,Zaragoza,online,anual,0,6,False,396.85,False
AUTO304200,76,55,turismo,1,173.0,particular,36930,Barcelona,correduria,mensual,0,177,False,392.2,False
AUTO301625,52,34,turismo,0,66.0,particular,31165,Malaga,online,mensual,0,20,False,281.19,False
AUTO304866,27,5,todoterreno,4,117.0,mixto,20933,Lleida,agente,mensual,0,121,False,407.0,False
AUTO303649,31,8,turismo,18,291.0,mixto,36970,Madrid,correduria,mensual,1,105,False,693.86,False
AUTO303481,74,51,moto,18,144.0,particular,27170,Lleida,agente,mensual,0,92,False,341.19,False
AUTO301890,34,12,turismo,0,194.0,particular,15000,Alicante,agente,anual,0,61,False,382.9,False
AUTO301090,76,53,furgoneta,10,77.0,particular,30689,A Coruna,online,mensual,0,59,False,231.94,False
AUTO303513,43,23,turismo,0,171.0,particular,38165,Barcelona,telefono,anual,0,35,False,451.09,False
AUTO303440,37,18,moto,8,157.0,mixto,13788,Cantabria,correduria,anual,0,99,True,460.09,False
AUTO302824,67,46,furgoneta,7,133.0,particular,25089,Cantabria,online,mensual,0,28,True,318.91,False
AUTO301925,54,33,turismo,3,244.0,particular,5267,Vizcaya,telefono,mensual,0,56,False,531.24,True
AUTO303260,29,5,turismo,10,111.0,mixto,21530,Malaga,correduria,mensual,0,44,True,419.93,False
AUTO303532,79,56,moto,15,196.0,particular,17211,Barcelona,online,mensual,0,22,False,411.56,False
AUTO301108,70,52,moto,11,267.0,particular,34784,Alicante,telefono,mensual,0,47,False,437.66,True
AUTO302272,54,34,turismo,11,114.0,particular,37765,Madrid,telefono,anual,1,117,False,447.95,False
AUTO303899,55,33,turismo,2,186.0,particular,19093,Zaragoza,correduria,anual,0,137,False,465.92,False
AUTO302667,55,31,furgoneta,5,283.0,particular,18566,Barcelona,correduria,mensual,0,96,False,526.17,False
AUTO302347,79,61,furgoneta,9,151.0,particular,28527,Lleida,agente,anual,1,52,True,414.5,False
AUTO301413,35,11,furgoneta,3,190.0,particular,32465,Zaragoza,correduria,anual,0,94,True,508.74,False
AUTO304937,75,52,turismo,5,184.0,particular,32575,Baleares,agente,mensual,0,136,False,336.0,False
AUTO303742,51,30,turismo,14,204.0,particular,4325,Madrid,agente,anual,0,92,False,421.48,False
AUTO300214,69,46,turismo,16,107.0,particular,14121,Valencia,correduria,anual,0,92,True,315.95,False
AUTO304140,46,22,moto,10,206.0,mixto,32632,Barcelona,telefono,anual,0,47,False,586.64,False
AUTO300387,45,24,turismo,15,105.0,particular,33623,Tarragona,telefono,mensual,1,56,False,466.26,False
AUTO304944,29,5,todoterreno,1,246.0,mixto,19885,Barcelona,online,anual,2,48,False,685.62,False
AUTO302025,74,51,turismo,1,85.0,particular,25047,Tarragona,telefono,mensual,0,88,False,261.9,False
AUTO302644,20,0,furgoneta,14,203.0,mixto,34252,Alicante,correduria,anual,0,129,False,506.33,False
AUTO300731,19,0,turismo,2,100.0,particular,11149,Cantabria,agente,mensual,1,103,False,426.41,True
AUTO302659,59,36,turismo,13,187.0,particular,39649,Zaragoza,telefono,mensual,0,45,True,405.83,True
AUTO302126,59,35,moto,6,205.0,mixto,27264,Asturias,online,anual,0,83,False,427.06,False
AUTO300707,64,41,turismo,1,179.0,particular,29975,Cantabria,agente,anual,0,14,False,366.06,False
AUTO301116,57,35,moto,2,61.0,particular,18856,Lleida,online,anual,0,39,False,304.16,False
AUTO301510,48,29,turismo,7,128.0,particular,31559,Alicante,telefono,mensual,1,127,False,396.81,False
AUTO301445,73,49,turismo,7,150.0,particular,28190,Cantabria,correduria,mensual,1,138,False,370.01,False
AUTO301776,50,28,turismo,12,92.0,mixto,10544,Sevilla,telefono,mensual,0,7,False,343.33,False
AUTO304214,39,21,turismo,14,74.0,mixto,26866,Barcelona,telefono,mensual,1,152,False,393.82,False
AUTO302965,76,57,turismo,3,292.0,particular,15093,Tarragona,online,mensual,1,72,False,510.34,False
AUTO304806,62,38,turismo,15,245.0,particular,3104,Lleida,agente,anual,1,176,False,545.77,False
AUTO302975,53,34,turismo,3,290.0,particular,12450,Girona,telefono,anual,1,135,False,653.08,True
AUTO302243,75,52,turismo,17,147.0,particular,23433,Barcelona,online,mensual,0,116,False,355.69,True
AUTO301156,45,25,turismo,13,63.0,particular,29614,Malaga,telefono,mensual,0,70,True,361.18,False
AUTO303232,37,19,turismo,14,296.0,mixto,38117,Baleares,agente,mensual,0,105,False,522.93,False
AUTO300942,30,6,turismo,8,179.0,particular,12439,Tarragona,online,anual,0,77,False,473.53,False
AUTO301115,63,44,turismo,5,112.0,mixto,5560,Malaga,agente,mensual,0,88,False,344.17,False
AUTO303061,50,26,todoterreno,8,211.0,particular,18440,Barcelona,agente,mensual,0,33,False,513.77,False
AUTO300805,39,15,turismo,5,176.0,particular,36500,Cantabria,online,mensual,1,23,False,491.46,False
AUTO303919,35,14,turismo,11,64.0,particular,3504,Malaga,online,mensual,0,76,False,376.69,False
AUTO301502,61,39,turismo,4,179.0,particular,16058,Sevilla,telefono,anual,0,116,False,372.67,False
AUTO304934,34,14,turismo,18,107.0,particular,29578,Madrid,telefono,anual,0,123,False,456.83,False
AUTO300332,48,26,moto,9,227.0,particular,29773,Tarragona,correduria,anual,0,156,False,478.92,False
AUTO303445,39,16,turismo,8,209.0,particular,7058,Tarragona,online,anual,0,47,True,466.87,False
AUTO301589,31,13,turismo,12,251.0,particular,3679,Valencia,online,anual,0,141,False,547.46,False
AUTO304616,74,53,furgoneta,17,188.0,particular,12262,Asturias,correduria,anual,0,167,False,386.61,False
AUTO304887,19,0,moto,8,75.0,particular,17766,Cantabria,telefono,mensual,0,115,False,341.72,False
AUTO303920,62,41,moto,2,140.0,particular,4623,Tarragona,telefono,anual,0,111,False,380.8,False
AUTO302601,45,22,turismo,19,281.0,particular,30170,Malaga,agente,mensual,0,42,False,635.56,False
AUTO303161,19,0,turismo,4,214.0,particular,35936,Alicante,correduria,mensual,0,30,False,468.04,False
AUTO303905,79,56,turismo,9,210.0,mixto,37014,Vizcaya,agente,anual,0,123,False,313.02,False
AUTO301035,44,21,turismo,0,213.0,particular,26498,Tarragona,telefono,anual,0,151,False,426.72,False
AUTO303723,23,1,turismo,8,100.0,particular,35147,Barcelona,correduria,mensual,1,53,False,480.21,False
AUTO304079,37,14,turismo,17,137.0,particular,8437,Malaga,telefono,anual,0,128,False,397.1,False
AUTO301556,28,4,turismo,6,236.0,particular,24085,Barcelona,telefono,mensual,0,138,False,496.76,False
AUTO303437,41,20,moto,9,144.0,particular,15991,Girona,agente,anual,0,99,False,373.56,False
AUTO300549,53,30,turismo,4,142.0,particular,21054,Vizcaya,correduria,mensual,0,103,True,325.71,False
AUTO303978,36,17,turismo,15,80.0,particular,32521,Valencia,telefono,anual,1,110,False,466.42,False
AUTO304962,33,15,turismo,9,221.0,particular,14405,Baleares,telefono,mensual,0,19,False,419.34,False
AUTO301564,71,47,todoterreno,10,138.0,mixto,16879,Barcelona,telefono,mensual,0,43,False,324.25,False
AUTO301743,27,4,turismo,15,171.0,particular,33111,Vizcaya,telefono,anual,0,173,True,440.31,False
AUTO303684,41,18,furgoneta,4,268.0,particular,25149,Barcelona,agente,mensual,1,117,False,672.16,False
AUTO302303,47,27,moto,13,184.0,particular,15565,Vizcaya,agente,mensual,1,100,False,512.84,False
AUTO300216,43,19,furgoneta,11,139.0,particular,12629,Tarragona,correduria,mensual,0,130,False,421.44,False
AUTO300491,73,50,moto,3,125.0,particular,20087,Lleida,agente,mensual,1,46,False,467.12,False
AUTO301501,57,36,turismo,11,295.0,particular,26617,Zaragoza,correduria,anual,0,163,False,567.26,False
AUTO300043,67,47,furgoneta,1,75.0,particular,19091,Sevilla,agente,mensual,1,98,False,304.16,False
AUTO302101,37,16,turismo,14,169.0,mixto,9543,Asturias,telefono,mensual,0,55,False,397.15,False
AUTO304839,77,54,furgoneta,3,110.0,particular,14232,Zaragoza,correduria,mensual,2,99,False,475.63,False
AUTO303505,52,32,turismo,15,66.0,particular,7516,Lleida,telefono,anual,0,63,False,272.69,False
AUTO301849,49,27,furgoneta,2,287.0,particular,31628,Cantabria,online,anual,0,159,False,530.87,True
AUTO302066,75,55,turismo,6,152.0,particular,29177,Barcelona,telefono,mensual,1,44,False,352.89,False
AUTO304311,59,36,moto,16,276.0,particular,30745,Sevilla,online,anual,0,78,False,505.04,False
AUTO300408,46,23,turismo,12,122.0,particular,39199,Zaragoza,correduria,anual,0,89,False,373.49,False
AUTO301912,19,0,turismo,18,278.0,particular,21566,Malaga,telefono,mensual,0,71,False,534.24,False
AUTO303262,79,55,turismo,11,161.0,particular,36918,Lleida,online,anual,0,83,False,323.23,False
AUTO301833,72,48,moto,8,132.0,mixto,7702,Zaragoza,correduria,mensual,0,76,False,309.24,False
AUTO304814,47,26,turismo,4,227.0,particular,20091,Sevilla,telefono,anual,1,131,False,469.24,True
AUTO302911,78,59,furgoneta,9,148.0,particular,11121,Baleares,correduria,mensual,0,108,True,379.44,False
AUTO301527,64,45,turismo,9,115.0,particular,8500,Alicante,correduria,anual,0,109,False,309.27,False
AUTO304205,53,30,turismo,17,126.0,particular,2682,Malaga,telefono,anual,0,38,False,385.71,False
AUTO300198,41,19,moto,3,126.0,particular,34750,Madrid,online,mensual,0,41,False,392.62,True
AUTO302900,21,2,turismo,18,202.0,particular,22927,Valencia,telefono,anual,0,43,False,483.86,False
AUTO301063,22,0,turismo,3,267.0,particular,39706,Girona,telefono,mensual,0,1,False,572.29,False
AUTO302675,43,22,turismo,19,217.0,particular,12455,A Coruna,online,mensual,0,165,False,503.76,False
AUTO302380,35,13,turismo,0,81.0,particular,10680,Barcelona,telefono,mensual,1,176,False,295.54,False
AUTO302304,34,15,furgoneta,17,244.0,particular,27377,Vizcaya,telefono,mensual,0,6,False,514.23,False
AUTO303849,61,38,turismo,7,238.0,mixto,34025,A Coruna,telefono,mensual,0,149,False,478.26,False
AUTO300891,58,36,todoterreno,18,261.0,particular,34360,Asturias,agente,mensual,0,7,True,546.24,False
AUTO304505,29,7,turismo,11,158.0,particular,23420,Cantabria,online,anual,1,130,False,572.37,False
AUTO304121,35,11,furgoneta,11,280.0,particular,26343,Madrid,telefono,mensual,0,100,True,532.9,False
AUTO302217,55,35,turismo,0,119.0,particular,5108,Lleida,online,mensual,0,167,False,321.82,True
AUTO301677,53,35,moto,12,68.0,particular,36037,A Coruna,correduria,anual,0,56,False,182.83,False
AUTO300251,73,51,turismo,12,80.0,mixto,17449,Tarragona,correduria,anual,0,153,True,331.54,False
AUTO301428,76,57,moto,9,91.0,particular,9501,A Coruna,telefono,anual,0,132,False,209.9,False
AUTO300845,48,27,turismo,7,257.0,particular,9746,Malaga,telefono,anual,1,33,False,589.43,False
AUTO303788,30,12,turismo,4,253.0,mixto,18652,Vizcaya,telefono,mensual,1,121,False,640.25,False
AUTO304597,25,2,todoterreno,12,297.0,particular,10456,Valencia,agente,mensual,0,177,False,610.19,False
AUTO300814,46,22,todoterreno,0,298.0,mixto,16866,Madrid,online,mensual,1,129,False,588.2,False
AUTO300061,30,10,turismo,5,196.0,particular,34384,Zaragoza,telefono,anual,0,127,False,522.09,False
AUTO301973,71,48,furgoneta,0,185.0,particular,15125,Girona,online,mensual,1,83,False,451.9,False
AUTO301864,34,11,turismo,13,182.0,particular,30214,Barcelona,agente,mensual,0,103,False,422.53,True
AUTO302978,57,38,moto,3,155.0,particular,35515,Vizcaya,correduria,mensual,0,157,False,315.19,False
AUTO300927,60,41,turismo,9,216.0,particular,28034,Zaragoza,telefono,anual,1,85,False,529.99,False
AUTO304758,78,54,turismo,2,236.0,particular,35946,Madrid,correduria,mensual,0,68,False,442.11,False
AUTO303193,46,25,moto,3,169.0,particular,3563,Madrid,correduria,mensual,0,3,False,395.37,False
AUTO304176,65,41,furgoneta,15,145.0,particular,18334,Girona,online,mensual,0,73,False,356.65,False
AUTO303416,75,56,furgoneta,0,206.0,mixto,35961,A Coruna,telefono,mensual,1,88,False,384.81,False
AUTO304297,47,24,moto,19,127.0,particular,31436,Madrid,telefono,anual,0,91,True,367.29,False
AUTO303523,50,27,moto,7,76.0,particular,19239,Zaragoza,correduria,anual,2,156,False,567.73,False
AUTO303585,39,17,todoterreno,9,286.0,particular,30109,Zaragoza,correduria,anual,0,156,False,554.38,False
AUTO303221,53,33,moto,3,88.0,mixto,14656,Tarragona,correduria,mensual,0,76,False,215.82,False
AUTO301866,31,8,turismo,8,60.0,particular,30169,Baleares,online,mensual,1,131,False,406.37,False
AUTO304826,62,39,todoterreno,18,214.0,particular,8743,Tarragona,online,mensual,0,179,True,530.9,True
AUTO304896,73,49,turismo,15,270.0,particular,33052,Barcelona,agente,mensual,1,91,False,662.89,False
AUTO304488,70,50,turismo,3,206.0,particular,22984,Madrid,telefono,anual,0,18,False,423.84,False
AUTO301068,35,13,furgoneta,3,192.0,mixto,35452,Vizcaya,correduria,mensual,0,122,False,470.44,False
AUTO303160,64,40,turismo,11,136.0,particular,3199,Valencia,agente,anual,0,57,False,333.71,False
AUTO303158,67,49,turismo,7,270.0,particular,34109,Zaragoza,agente,anual,0,96,False,480.28,False
AUTO300563,62,40,turismo,13,175.0,particular,10189,Zaragoza,correduria,mensual,1,160,True,462.91,False
AUTO302036,43,20,moto,18,219.0,particular,35111,Barcelona,telefono,mensual,1,17,True,647.32,False
AUTO300278,60,36,turismo,5,190.0,particular,33299,Madrid,telefono,anual,1,100,True,457.08,False
AUTO300957,38,14,moto,15,255.0,particular,6068,A Coruna,agente,anual,1,155,False,651.9,False
AUTO300443,31,10,todoterreno,15,63.0,particular,17193,Cantabria,agente,mensual,0,67,False,274.03,False
AUTO304858,44,26,turismo,7,237.0,particular,17715,Madrid,telefono,mensual,0,67,False,449.02,False
AUTO301555,47,26,turismo,17,227.0,particular,14008,Sevilla,telefono,mensual,1,142,False,681.13,False
AUTO301929,38,20,turismo,0,113.0,particular,33169,Alicante,telefono,anual,0,138,False,373.14,True
AUTO301537,74,56,turismo,6,217.0,particular,33678,Sevilla,online,anual,0,150,False,377.39,False
AUTO303970,79,57,furgoneta,11,229.0,mixto,14157,Lleida,telefono,mensual,2,43,False,602.27,False
AUTO300983,65,47,turismo,13,215.0,particular,12907,Alicante,correduria,anual,0,53,False,506.51,False
AUTO304443,34,12,turismo,12,100.0,particular,5727,Asturias,telefono,anual,0,28,False,343.78,False
AUTO301418,73,49,turismo,5,205.0,particular,30362,Zaragoza,agente,anual,0,147,False,362.45,False
AUTO302070,79,59,turismo,18,234.0,particular,18482,Asturias,online,anual,0,43,False,506.05,False
AUTO300440,70,46,turismo,8,168.0,particular,9962,Valencia,telefono,mensual,1,7,False,471.18,False
AUTO300242,58,40,moto,2,193.0,particular,10740,Lleida,agente,anual,0,14,False,429.27,False
AUTO303056,58,36,turismo,2,117.0,mixto,16021,Alicante,agente,mensual,2,177,False,517.27,False
AUTO304149,64,45,turismo,0,225.0,particular,31057,Vizcaya,correduria,anual,0,26,False,418.87,False
AUTO302817,68,48,turismo,19,93.0,particular,14379,Asturias,agente,anual,0,46,False,365.88,False
AUTO300419,65,41,turismo,4,85.0,particular,8507,Zaragoza,correduria,anual,1,116,False,347.7,False
AUTO302115,53,32,furgoneta,6,200.0,particular,23822,Cantabria,online,mensual,0,134,False,521.95,False
AUTO301320,76,54,turismo,18,242.0,particular,39964,Valencia,online,mensual,0,8,False,446.38,False
AUTO304113,39,18,turismo,5,164.0,particular,35514,Girona,online,anual,1,173,False,464.06,False
AUTO300135,22,4,turismo,3,115.0,mixto,2893,Baleares,correduria,mensual,0,87,False,314.2,False
AUTO300397,19,0,turismo,2,115.0,mixto,10934,Baleares,agente,mensual,0,89,False,359.73,False
AUTO302640,77,57,turismo,7,193.0,particular,28161,Vizcaya,telefono,anual,0,31,False,435.36,False
AUTO301373,76,53,turismo,3,74.0,particular,7256,Asturias,correduria,mensual,0,29,False,309.18,False
AUTO302146,39,21,turismo,1,285.0,particular,24894,Barcelona,correduria,mensual,0,13,False,507.73,False
AUTO301954,52,30,moto,11,258.0,particular,26020,A Coruna,correduria,mensual,0,106,False,557.1,False
AUTO302547,55,34,turismo,10,235.0,mixto,28122,Asturias,telefono,anual,1,159,False,518.69,False
AUTO302694,39,16,turismo,11,142.0,particular,27064,Tarragona,online,mensual,0,120,False,389.97,False
AUTO301500,22,4,turismo,7,119.0,particular,15846,Cantabria,agente,mensual,0,117,False,426.01,False
AUTO300048,56,38,turismo,12,212.0,mixto,13022,Asturias,online,mensual,1,175,False,514.34,True
AUTO304253,77,56,todoterreno,13,95.0,particular,37952,Alicante,agente,anual,0,26,False,363.42,False
AUTO303803,31,11,turismo,1,283.0,particular,35231,Zaragoza,online,mensual,0,161,False,583.18,False
AUTO303287,43,25,furgoneta,13,133.0,particular,32876,Tarragona,agente,anual,0,85,True,344.33,False
AUTO302990,76,56,turismo,3,116.0,particular,28070,Asturias,correduria,anual,0,88,False,275.99,False
AUTO301431,57,38,todoterreno,0,234.0,particular,4610,Vizcaya,agente,mensual,1,137,False,514.75,True
AUTO301789,63,43,furgoneta,18,263.0,particular,34347,Barcelona,correduria,mensual,0,75,False,504.47,False
AUTO303068,65,47,turismo,11,113.0,particular,37731,Sevilla,correduria,mensual,0,25,False,359.26,False
AUTO300218,38,16,turismo,7,273.0,mixto,18558,Tarragona,online,mensual,0,77,False,600.02,False
AUTO304018,24,4,turismo,0,247.0,particular,28201,Asturias,agente,anual,0,79,True,452.52,False
AUTO300875,27,9,turismo,7,153.0,particular,30867,Madrid,telefono,mensual,0,47,True,432.47,False
AUTO303796,57,39,turismo,14,265.0,particular,37286,A Coruna,correduria,anual,0,81,False,489.07,False
AUTO303420,58,40,todoterreno,5,299.0,particular,37615,Girona,agente,anual,0,80,False,542.72,False
AUTO302790,59,37,turismo,13,171.0,particular,14352,Girona,correduria,mensual,0,9,False,404.73,False
AUTO302008,49,25,furgoneta,19,266.0,particular,9222,Cantabria,online,anual,1,91,False,628.78,False
AUTO300706,29,9,todoterreno,11,168.0,particular,29195,Vizcaya,online,mensual,1,112,False,512.11,False
AUTO300652,47,28,moto,14,246.0,particular,12621,Alicante,online,anual,1,101,False,631.51,False
AUTO304053,46,23,turismo,3,282.0,particular,23749,A Coruna,telefono,mensual,1,140,False,538.77,False
AUTO302279,27,3,turismo,17,288.0,particular,15129,Vizcaya,online,anual,0,72,False,704.33,False
AUTO300065,24,2,turismo,19,283.0,mixto,9048,Sevilla,correduria,anual,0,131,False,577.45,False
AUTO302078,70,49,furgoneta,8,261.0,particular,15597,Cantabria,agente,mensual,0,5,False,453.96,False
AUTO302550,39,19,turismo,6,94.0,particular,6342,Barcelona,agente,mensual,0,101,False,320.08,False
AUTO302006,79,57,moto,10,253.0,particular,2019,A Coruna,telefono,mensual,1,63,False,516.78,False
AUTO300173,62,44,turismo,3,195.0,particular,4143,Tarragona,online,anual,0,146,False,448.63,True
AUTO303073,69,50,turismo,10,264.0,particular,32431,Cantabria,telefono,mensual,0,78,False,493.54,False
AUTO303799,32,8,moto,18,89.0,particular,20034,Lleida,telefono,anual,0,166,False,340.31,False
AUTO301157,31,11,todoterreno,1,148.0,particular,34554,Baleares,online,mensual,1,161,False,472.51,False
AUTO301982,29,8,turismo,14,171.0,particular,37313,Asturias,online,anual,0,164,False,384.66,True
AUTO304037,67,48,turismo,17,284.0,particular,29443,Vizcaya,correduria,anual,0,79,False,554.54,False
AUTO302846,53,33,turismo,15,266.0,particular,30093,Barcelona,agente,anual,1,163,False,637.33,False
AUTO301829,19,0,todoterreno,10,225.0,particular,21549,Asturias,online,mensual,0,14,False,523.5,False
AUTO302098,21,0,turismo,16,143.0,particular,35424,Baleares,correduria,anual,1,41,False,428.21,False
AUTO301267,23,5,turismo,18,286.0,particular,5857,Baleares,telefono,mensual,0,70,False,601.44,False
AUTO304737,51,28,turismo,15,116.0,particular,8885,Asturias,agente,anual,0,116,True,424.68,False
AUTO304549,69,48,todoterreno,3,278.0,particular,39748,Valencia,correduria,mensual,0,16,False,475.97,False
AUTO302412,47,26,todoterreno,14,233.0,mixto,28098,Madrid,agente,mensual,0,64,False,503.63,False
AUTO301493,42,20,turismo,17,139.0,particular,23471,Alicante,telefono,mensual,0,179,False,481.39,False
AUTO303284,28,5,turismo,18,238.0,particular,10161,Vizcaya,telefono,anual,0,111,False,499.89,False
AUTO304790,74,52,moto,6,97.0,particular,20651,Madrid,telefono,mensual,1,70,False,445.01,False
AUTO301177,40,16,turismo,7,268.0,particular,36405,Valencia,correduria,mensual,1,53,False,565.89,False
AUTO301025,25,1,todoterreno,4,222.0,mixto,16097,Madrid,telefono,mensual,0,102,False,564.5,False
AUTO301235,52,34,turismo,1,73.0,mixto,14778,Malaga,online,mensual,0,148,False,204.1,False
AUTO300506,78,57,moto,19,96.0,particular,39691,Cantabria,online,anual,2,118,False,504.86,False
AUTO301612,73,50,furgoneta,8,239.0,particular,4043,Girona,correduria,mensual,0,157,False,466.8,False
AUTO301093,67,44,turismo,12,111.0,particular,28296,Sevilla,telefono,mensual,0,115,False,366.04,False
AUTO300503,54,30,turismo,13,258.0,particular,11908,Baleares,agente,mensual,0,138,False,472.19,False
AUTO301037,55,36,turismo,17,92.0,particular,39005,Sevilla,agente,mensual,1,144,False,401.76,False
AUTO300883,40,20,furgoneta,9,179.0,particular,36035,Zaragoza,correduria,anual,0,135,False,450.53,False
AUTO302471,30,8,turismo,19,65.0,particular,34507,Vizcaya,correduria,mensual,0,175,True,323.42,True
AUTO304677,58,35,moto,7,206.0,particular,27634,Cantabria,telefono,mensual,0,31,False,409.75,False
AUTO301099,22,0,turismo,8,96.0,particular,24775,Girona,correduria,anual,1,168,False,488.82,False
AUTO302198,67,46,turismo,6,181.0,mixto,24568,Madrid,telefono,mensual,1,128,False,436.7,False
AUTO303233,41,20,turismo,15,240.0,particular,38983,Sevilla,agente,mensual,0,66,True,599.89,False
AUTO302589,60,40,turismo,19,184.0,mixto,15636,A Coruna,telefono,mensual,2,177,True,629.26,False
AUTO300487,57,36,turismo,10,61.0,particular,3352,Madrid,agente,anual,0,60,False,275.68,False
AUTO303152,61,39,turismo,6,117.0,particular,15546,Barcelona,agente,mensual,0,93,False,270.73,False
AUTO303377,30,10,turismo,19,206.0,particular,3573,Tarragona,telefono,mensual,1,10,False,666.95,False
AUTO304849,67,44,turismo,19,156.0,particular,17061,Cantabria,telefono,mensual,0,163,False,324.92,True
AUTO303759,39,21,turismo,12,167.0,particular,18556,Alicante,online,mensual,0,124,False,377.18,False
AUTO302352,76,54,turismo,6,285.0,particular,16416,A Coruna,telefono,anual,0,84,False,455.66,False
AUTO300546,61,42,todoterreno,11,193.0,particular,35389,Asturias,correduria,anual,0,138,False,397.63,False
AUTO303022,20,2,turismo,8,260.0,mixto,38569,Vizcaya,agente,anual,0,88,False,551.28,False
AUTO303918,48,28,todoterreno,13,239.0,particular,28489,Alicante,agente,anual,0,107,False,550.1,False
AUTO304524,47,25,turismo,5,290.0,particular,37391,Sevilla,telefono,mensual,0,155,False,578.99,True
AUTO304451,24,1,turismo,3,285.0,particular,37172,Valencia,online,mensual,0,72,False,562.91,False
AUTO303040,72,53,moto,19,213.0,particular,18029,A Coruna,correduria,mensual,2,112,False,603.15,False
AUTO300237,57,37,turismo,7,234.0,particular,19770,Sevilla,telefono,mensual,0,135,True,428.4,True
AUTO303981,47,27,moto,5,191.0,particular,6722,Girona,online,mensual,1,15,True,450.35,True
AUTO303645,65,43,turismo,0,154.0,particular,21773,Malaga,online,mensual,0,12,False,431.67,False
AUTO302152,34,15,turismo,4,62.0,mixto,28581,Cantabria,telefono,mensual,1,136,False,438.23,False
AUTO304861,36,12,turismo,8,266.0,particular,9504,Madrid,agente,mensual,1,64,False,567.65,False
AUTO304105,52,30,turismo,18,205.0,particular,16815,Baleares,correduria,mensual,1,50,False,534.38,False
AUTO303488,37,18,turismo,13,274.0,particular,30930,Sevilla,telefono,mensual,0,158,False,519.65,False
AUTO301222,65,47,turismo,9,98.0,particular,34355,Vizcaya,telefono,mensual,0,76,False,313.33,False
AUTO303388,72,48,todoterreno,19,243.0,particular,9378,Lleida,agente,mensual,2,62,False,644.87,False
AUTO303282,61,38,moto,16,214.0,particular,8014,Alicante,telefono,mensual,0,97,True,527.74,False
AUTO304153,38,20,turismo,3,222.0,particular,4485,Girona,correduria,anual,0,81,False,462.94,False
AUTO302120,60,42,moto,6,156.0,particular,9360,Baleares,online,anual,0,51,False,388.99,False
AUTO301316,22,0,turismo,0,261.0,particular,29850,Tarragona,correduria,mensual,0,11,False,609.73,False
AUTO304014,30,9,turismo,11,255.0,particular,19248,Vizcaya,online,mensual,0,177,False,583.51,True
AUTO301674,60,40,furgoneta,18,123.0,particular,9532,Malaga,agente,mensual,0,39,True,340.96,False
AUTO302392,31,11,turismo,12,257.0,mixto,19794,Barcelona,telefono,mensual,0,109,False,539.22,False
AUTO302010,28,4,turismo,16,72.0,particular,29618,Madrid,online,anual,0,67,False,347.68,False
AUTO303079,53,30,moto,10,102.0,mixto,12000,Malaga,online,mensual,0,22,False,338.59,False
AUTO302508,74,51,turismo,13,105.0,particular,36923,Zaragoza,online,anual,0,118,False,289.15,False
AUTO302114,25,5,turismo,19,,particular,37563,Sevilla,correduria,mensual,1,162,False,564.83,False
AUTO302306,67,45,turismo,1,92.0,particular,34411,Lleida,correduria,anual,0,59,True,284.87,True
AUTO301438,70,49,turismo,14,290.0,particular,34585,Vizcaya,telefono,mensual,1,113,False,576.79,False
AUTO302067,27,6,turismo,13,,particular,35574,Lleida,telefono,anual,0,54,False,381.23,False
AUTO301704,56,37,turismo,6,276.0,particular,7916,Girona,telefono,mensual,0,60,False,514.02,False
AUTO304196,48,26,turismo,8,72.0,particular,27285,Baleares,correduria,mensual,0,59,False,275.13,False
AUTO303608,43,22,turismo,12,166.0,particular,4584,Barcelona,online,mensual,1,147,False,550.31,False
AUTO302435,19,0,todoterreno,4,139.0,particular,35939,Tarragona,online,mensual,2,112,False,565.39,False
AUTO303857,71,52,turismo,0,72.0,particular,15573,Zaragoza,correduria,anual,0,146,False,238.18,False
AUTO303893,66,47,turismo,5,219.0,particular,30779,Vizcaya,correduria,anual,0,92,False,373.21,False
AUTO302443,49,28,moto,3,229.0,particular,16173,Sevilla,online,anual,0,143,False,499.44,False
AUTO300511,49,26,turismo,15,195.0,particular,35133,Barcelona,online,anual,0,39,False,498.58,False
AUTO302704,60,39,turismo,2,230.0,particular,30047,Madrid,online,anual,0,76,False,467.63,False
AUTO302292,56,34,turismo,3,112.0,mixto,24052,Sevilla,telefono,anual,2,96,False,505.36,False
AUTO300433,56,36,turismo,6,183.0,particular,5325,Girona,online,mensual,0,11,False,413.43,False
AUTO303247,58,34,turismo,4,125.0,particular,18173,Baleares,online,mensual,0,145,False,352.78,False
AUTO304182,30,12,turismo,10,87.0,particular,18881,Valencia,agente,mensual,0,172,False,340.42,False
AUTO301783,36,18,todoterreno,0,216.0,particular,34048,Valencia,telefono,mensual,0,150,True,458.09,False
AUTO302931,75,57,todoterreno,19,100.0,particular,38391,Cantabria,correduria,mensual,0,124,False,263.27,False
AUTO302419,20,0,furgoneta,4,80.0,particular,11850,Zaragoza,agente,mensual,0,10,True,362.15,False
AUTO302919,35,17,turismo,13,121.0,particular,22824,Barcelona,agente,mensual,0,51,False,471.32,False
AUTO300483,24,2,turismo,6,242.0,particular,19672,Malaga,telefono,anual,1,4,True,666.97,False
AUTO304819,40,19,turismo,18,172.0,mixto,23270,Tarragona,agente,anual,1,113,False,600.2,False
AUTO302816,71,50,turismo,18,217.0,particular,9676,Sevilla,correduria,anual,1,104,False,484.08,False
AUTO302180,79,55,turismo,0,83.0,particular,10980,Valencia,correduria,anual,0,127,False,266.89,False
AUTO301630,75,52,moto,18,84.0,particular,30853,Malaga,telefono,anual,0,29,False,273.52,False
AUTO302147,24,0,turismo,1,279.0,mixto,32878,Baleares,correduria,anual,1,76,False,585.95,False
AUTO304034,30,10,turismo,7,219.0,particular,20513,Cantabria,correduria,anual,0,61,False,463.12,False
AUTO301668,78,59,turismo,6,173.0,particular,18334,Malaga,online,anual,0,131,False,349.88,False
AUTO304367,55,33,turismo,16,250.0,mixto,6304,Valencia,correduria,mensual,0,44,False,508.8,False
AUTO300622,27,4,turismo,8,80.0,particular,31689,Malaga,telefono,anual,2,94,False,582.24,False
AUTO302431,67,44,turismo,9,171.0,mixto,18487,Malaga,online,anual,0,60,False,384.82,False
AUTO300045,67,44,todoterreno,15,249.0,mixto,8650,Valencia,online,anual,0,88,False,543.55,False
AUTO301775,70,48,turismo,3,242.0,particular,21132,Girona,online,mensual,0,103,False,401.81,False
AUTO300949,37,15,furgoneta,10,214.0,particular,22761,Madrid,online,anual,0,139,False,512.25,False
AUTO300428,43,23,turismo,12,202.0,particular,33381,Sevilla,telefono,mensual,0,164,False,559.6,True
AUTO304355,61,42,turismo,16,257.0,particular,17284,Lleida,online,anual,0,8,False,455.3,False
AUTO304990,62,44,moto,10,127.0,particular,6741,Baleares,telefono,mensual,0,118,False,361.72,False
AUTO302962,68,50,moto,2,272.0,particular,7700,Cantabria,telefono,mensual,0,72,False,490.72,False
AUTO302169,47,24,turismo,2,113.0,particular,2725,Vizcaya,telefono,anual,2,107,False,500.25,False
AUTO301434,43,21,turismo,19,271.0,mixto,33087,Baleares,correduria,anual,0,89,False,588.74,False
AUTO302007,36,15,furgoneta,14,95.0,particular,27516,Baleares,online,mensual,0,95,False,368.63,False
AUTO302511,75,53,furgoneta,15,132.0,particular,4175,Girona,correduria,anual,0,78,True,415.42,False
AUTO301331,31,7,furgoneta,5,66.0,particular,21164,Zaragoza,correduria,anual,1,77,False,445.16,True
AUTO301637,67,46,turismo,3,60.0,particular,10693,Madrid,online,anual,0,62,False,180.38,True
AUTO303591,76,55,turismo,17,151.0,particular,10041,Sevilla,agente,mensual,2,109,False,531.06,True
AUTO300282,28,10,furgoneta,9,229.0,particular,9965,Vizcaya,online,anual,0,41,False,495.08,False
AUTO300164,71,48,moto,8,170.0,particular,12520,Baleares,agente,mensual,1,130,False,435.5,True
AUTO304554,60,38,turismo,12,256.0,particular,35707,Vizcaya,telefono,mensual,2,13,False,642.76,False
AUTO302338,26,2,turismo,13,132.0,mixto,4428,Sevilla,telefono,mensual,0,63,False,470.25,False
AUTO301057,58,39,todoterreno,0,69.0,particular,6788,Zaragoza,online,mensual,1,112,False,317.67,True
AUTO301342,47,28,furgoneta,1,230.0,particular,34267,Vizcaya,agente,anual,0,119,False,432.55,False
AUTO303521,34,14,turismo,7,158.0,particular,28435,Lleida,telefono,anual,0,137,False,381.32,False
AUTO302258,61,42,turismo,6,214.0,particular,26914,Barcelona,online,anual,0,4,False,458.72,False
AUTO303658,59,38,turismo,13,83.0,particular,3139,Baleares,agente,mensual,0,40,False,355.08,False
AUTO301763,20,0,turismo,11,78.0,particular,30118,Zaragoza,correduria,mensual,0,9,False,352.43,False
AUTO302867,45,27,moto,15,269.0,mixto,37950,Zaragoza,correduria,anual,0,92,False,447.95,False
AUTO301657,52,31,furgoneta,2,191.0,particular,33213,Girona,correduria,mensual,0,37,True,419.15,False
AUTO304593,63,40,turismo,5,294.0,particular,12672,Madrid,correduria,mensual,0,173,True,486.35,False
AUTO300918,64,43,turismo,12,116.0,mixto,27230,Valencia,correduria,anual,0,117,False,296.69,False
AUTO302014,48,24,turismo,1,154.0,particular,38591,Sevilla,agente,anual,0,96,False,355.7,False
AUTO303451,19,0,turismo,2,88.0,particular,20964,Cantabria,online,anual,0,39,False,353.87,False
AUTO304409,59,37,turismo,14,139.0,particular,24698,Lleida,telefono,mensual,1,163,False,369.4,True
AUTO302719,20,0,turismo,5,182.0,particular,25976,Asturias,telefono,anual,0,125,True,468.69,False
AUTO301070,28,7,turismo,3,240.0,particular,29886,Tarragona,agente,anual,0,88,False,524.95,False
AUTO302195,33,13,turismo,10,261.0,mixto,34052,Alicante,correduria,mensual,0,160,False,580.64,False
AUTO303136,56,36,turismo,10,166.0,particular,32431,Zaragoza,agente,mensual,0,123,True,387.51,False
AUTO303635,33,15,moto,7,113.0,particular,3338,Baleares,telefono,mensual,0,103,False,351.15,False
AUTO304688,72,50,turismo,9,279.0,particular,5877,Baleares,agente,mensual,0,117,False,472.21,False
AUTO304863,67,48,turismo,9,75.0,particular,7891,Madrid,agente,mensual,0,23,False,206.6,False
AUTO303683,47,24,turismo,5,285.0,particular,26698,Girona,telefono,mensual,1,109,False,694.12,False
AUTO304109,76,52,turismo,4,244.0,particular,18831,Sevilla,telefono,mensual,0,87,False,446.37,False
AUTO304084,40,20,turismo,2,151.0,mixto,23942,Girona,online,mensual,1,163,False,452.82,False
AUTO304707,78,54,turismo,5,273.0,particular,3146,Sevilla,agente,mensual,1,38,False,469.4,False
AUTO301816,43,25,todoterreno,13,220.0,particular,17733,Vizcaya,agente,anual,0,107,False,422.07,True
AUTO304733,41,20,furgoneta,12,95.0,particular,28632,Baleares,agente,mensual,0,8,False,362.62,True
AUTO300571,71,53,todoterreno,4,169.0,particular,19194,Barcelona,correduria,anual,1,117,False,459.82,False
AUTO303777,43,19,turismo,18,130.0,particular,2612,Asturias,correduria,mensual,1,25,False,466.99,False
AUTO300972,46,28,moto,16,92.0,particular,25228,Malaga,correduria,anual,0,119,False,381.46,False
AUTO302400,75,57,furgoneta,16,192.0,particular,25946,Asturias,correduria,mensual,0,71,True,433.83,False
AUTO301794,36,13,todoterreno,12,240.0,particular,5028,Zaragoza,correduria,mensual,0,155,False,478.91,False
AUTO301454,48,26,todoterreno,0,252.0,particular,17906,Asturias,telefono,anual,0,49,False,406.21,False
AUTO301171,43,24,moto,9,272.0,particular,9404,Cantabria,telefono,anual,0,111,True,557.36,False
AUTO303724,27,3,furgoneta,1,260.0,particular,3150,Barcelona,online,mensual,0,99,False,539.15,False
AUTO303243,75,57,moto,5,215.0,particular,39123,Malaga,agente,mensual,1,2,True,476.9,False
AUTO302960,22,0,moto,4,225.0,mixto,20007,Tarragona,online,mensual,0,63,False,576.27,False
AUTO304383,77,59,turismo,5,138.0,mixto,20978,Zaragoza,agente,anual,0,20,False,282.07,False
AUTO300254,53,29,todoterreno,12,215.0,particular,9164,Zaragoza,online,anual,0,139,False,566.63,False
AUTO304012,18,0,todoterreno,9,279.0,mixto,19069,Asturias,correduria,anual,0,46,False,585.86,False
AUTO302720,75,52,furgoneta,11,,particular,17949,Zaragoza,agente,anual,0,44,False,481.45,False
AUTO301200,56,35,todoterreno,6,227.0,particular,8164,Zaragoza,online,mensual,0,163,False,423.1,False
AUTO304342,49,28,turismo,7,299.0,mixto,28506,Malaga,agente,anual,1,63,False,652.85,False
AUTO303504,65,47,turismo,6,184.0,particular,35164,A Coruna,telefono,mensual,0,7,False,412.28,True
AUTO302510,18,0,turismo,17,270.0,particular,7494,Girona,telefono,mensual,0,63,False,617.89,True
AUTO302117,57,33,furgoneta,6,254.0,particular,7161,Alicante,agente,anual,0,90,False,502.23,False
AUTO301295,79,61,turismo,19,83.0,particular,30029,Malaga,telefono,anual,1,55,False,384.84,False
AUTO300843,72,51,turismo,17,244.0,particular,24704,Alicante,agente,anual,3,35,False,697.22,False
AUTO300868,54,36,turismo,3,80.0,particular,37857,Tarragona,telefono,anual,0,102,False,238.15,False
AUTO301048,27,9,turismo,8,267.0,particular,28851,Vizcaya,correduria,mensual,0,4,False,499.01,True
AUTO304403,25,3,furgoneta,12,148.0,particular,4282,Malaga,correduria,mensual,1,51,False,554.34,False
AUTO302444,42,18,todoterreno,11,162.0,particular,23931,Asturias,agente,mensual,0,3,True,395.12,False
AUTO304988,73,49,moto,17,259.0,particular,21607,Valencia,correduria,anual,0,109,False,474.1,False
AUTO302876,71,51,turismo,17,267.0,particular,18154,Madrid,agente,anual,1,113,False,572.28,False
AUTO300113,41,20,moto,16,133.0,particular,31687,Barcelona,telefono,mensual,1,62,False,505.92,False
AUTO304525,29,5,turismo,8,244.0,mixto,24414,Valencia,online,mensual,1,97,False,637.87,True
AUTO302809,28,7,turismo,19,108.0,particular,31575,Valencia,online,mensual,1,25,False,485.72,False
AUTO301937,75,53,turismo,16,206.0,particular,27604,Madrid,online,mensual,0,143,False,444.94,False
AUTO301455,52,31,turismo,1,251.0,particular,38264,Valencia,online,mensual,1,85,False,518.38,False
AUTO303770,23,5,turismo,1,176.0,particular,7754,Madrid,telefono,mensual,1,152,False,547.53,False
AUTO300147,61,39,turismo,2,255.0,particular,6257,Vizcaya,agente,anual,1,66,False,546.88,False
AUTO302982,22,0,turismo,8,216.0,mixto,31486,Alicante,correduria,anual,0,56,False,532.32,False
AUTO303375,75,56,furgoneta,0,172.0,particular,6464,Cantabria,telefono,mensual,2,143,False,520.58,False
AUTO300121,42,21,turismo,15,289.0,particular,37624,Valencia,online,mensual,0,148,False,635.68,False
AUTO303443,49,29,turismo,17,197.0,particular,11025,Asturias,correduria,anual,0,167,False,505.8,False
AUTO304798,58,40,moto,8,252.0,particular,25573,Sevilla,correduria,mensual,1,113,False,518.37,False
AUTO304716,41,20,moto,13,132.0,particular,4643,Tarragona,agente,mensual,1,7,False,534.67,False
AUTO303258,49,29,turismo,14,179.0,particular,13832,Lleida,online,mensual,0,87,False,378.73,False
AUTO301415,67,48,turismo,2,106.0,particular,9314,Lleida,telefono,anual,1,126,False,322.58,False
AUTO300490,51,27,furgoneta,13,123.0,particular,7739,Baleares,agente,mensual,1,23,False,461.34,True
AUTO303552,32,10,turismo,13,108.0,particular,21519,Sevilla,correduria,anual,0,83,False,381.99,False
AUTO300976,53,35,furgoneta,16,179.0,particular,36695,Malaga,correduria,mensual,1,36,False,531.96,False
AUTO300067,36,18,todoterreno,12,162.0,particular,15306,A Coruna,telefono,anual,0,52,False,393.06,False
AUTO301263,41,18,turismo,1,89.0,mixto,24472,Girona,telefono,mensual,0,8,False,256.83,False
AUTO300920,44,26,turismo,16,206.0,mixto,36553,Alicante,online,mensual,1,158,False,537.62,False
AUTO302928,19,0,moto,12,271.0,particular,32474,Baleares,agente,mensual,0,46,False,527.96,False
AUTO301018,39,18,turismo,2,101.0,particular,24348,Valencia,agente,mensual,1,102,False,457.07,False
AUTO304441,74,54,turismo,3,147.0,particular,3367,Baleares,online,mensual,1,121,True,440.68,False
AUTO303013,74,50,turismo,11,166.0,particular,13117,Lleida,online,mensual,1,121,False,504.58,True
AUTO302129,40,17,turismo,4,,particular,5695,Vizcaya,telefono,mensual,0,100,False,420.9,False
AUTO300040,20,2,moto,2,67.0,particular,37121,Baleares,telefono,mensual,0,167,False,315.94,False
AUTO303595,77,55,furgoneta,15,127.0,particular,4285,Sevilla,agente,anual,0,121,False,350.83,True
AUTO304860,24,5,furgoneta,8,258.0,particular,34925,Baleares,correduria,mensual,0,126,False,585.64,False
AUTO303703,70,47,turismo,3,270.0,particular,9969,Valencia,correduria,anual,1,102,False,572.9,False
AUTO303190,75,54,turismo,5,243.0,mixto,27215,Cantabria,correduria,mensual,0,110,False,439.51,False
AUTO303094,68,46,turismo,3,65.0,particular,11017,Vizcaya,agente,anual,0,100,False,185.13,False
AUTO301807,78,60,turismo,14,108.0,mixto,23166,Sevilla,online,mensual,0,18,False,314.91,False
AUTO300239,49,28,furgoneta,6,244.0,mixto,38236,Malaga,correduria,anual,1,30,False,676.06,False
AUTO301229,42,20,turismo,12,200.0,particular,36569,Vizcaya,agente,mensual,0,36,False,389.75,False
AUTO302695,35,14,moto,15,213.0,mixto,7894,Tarragona,online,mensual,1,138,False,640.22,False
AUTO304417,39,17,turismo,11,215.0,particular,15698,A Coruna,agente,mensual,0,172,True,438.42,False
AUTO300855,19,0,turismo,18,173.0,particular,13123,Girona,correduria,mensual,0,49,False,575.24,False
AUTO304340,40,18,turismo,9,102.0,mixto,31784,Madrid,correduria,anual,0,139,False,362.45,False
AUTO301285,26,4,furgoneta,1,238.0,particular,23763,Asturias,online,anual,0,60,False,507.66,False
AUTO301820,25,3,furgoneta,18,193.0,particular,10816,A Coruna,online,mensual,0,28,False,560.41,False
AUTO300699,50,28,turismo,3,161.0,particular,8697,Malaga,telefono,mensual,2,84,False,618.69,False
AUTO301590,65,44,turismo,7,256.0,particular,29090,Vizcaya,agente,anual,1,101,False,556.02,False
AUTO303691,29,10,furgoneta,10,81.0,particular,39566,Malaga,correduria,anual,0,48,False,327.98,False
AUTO304489,61,41,turismo,4,150.0,mixto,34542,Barcelona,agente,mensual,0,168,False,325.02,False
AUTO300700,64,44,turismo,1,212.0,particular,8202,Barcelona,online,anual,0,51,False,384.96,False
AUTO302093,57,39,moto,4,115.0,particular,25081,A Coruna,correduria,anual,0,7,False,378.95,False
AUTO301274,67,43,moto,6,288.0,mixto,34859,Vizcaya,correduria,mensual,1,80,False,591.01,False
AUTO301400,34,11,turismo,18,206.0,mixto,14738,Barcelona,online,anual,0,133,False,546.29,False
AUTO302857,72,52,turismo,4,255.0,particular,38940,Madrid,agente,anual,0,151,True,523.46,False
AUTO300670,67,47,furgoneta,11,88.0,particular,32650,Lleida,telefono,mensual,0,123,False,343.7,False
AUTO300244,36,13,todoterreno,2,93.0,particular,9205,Cantabria,telefono,mensual,0,40,False,302.06,False
AUTO302959,75,57,turismo,0,257.0,particular,21355,Zaragoza,correduria,mensual,0,120,False,423.79,False
AUTO303555,62,38,turismo,16,174.0,particular,31682,Alicante,agente,mensual,0,42,False,377.81,False
AUTO300009,27,6,turismo,15,119.0,particular,7838,Tarragona,correduria,anual,0,64,False,328.08,True
AUTO302670,70,46,turismo,9,223.0,particular,23599,Cantabria,agente,mensual,0,94,False,361.44,True
AUTO304571,62,44,turismo,4,268.0,particular,36139,Sevilla,agente,anual,0,44,False,461.27,False
AUTO304158,51,30,moto,9,218.0,particular,13591,Lleida,online,anual,0,134,False,371.71,False
AUTO303264,42,20,turismo,18,92.0,mixto,8482,Madrid,online,mensual,1,116,False,427.06,False
AUTO304192,34,16,turismo,0,228.0,mixto,8361,Sevilla,online,anual,0,39,False,488.67,True
AUTO300441,32,13,turismo,12,177.0,particular,3455,Zaragoza,agente,mensual,1,81,False,572.28,False
AUTO300600,74,50,turismo,8,161.0,particular,12863,Baleares,agente,mensual,0,109,False,369.14,False
AUTO302648,26,4,turismo,8,146.0,particular,19794,A Coruna,correduria,mensual,0,31,False,411.11,False
AUTO304122,64,44,todoterreno,3,108.0,particular,7881,Vizcaya,correduria,anual,1,151,True,326.56,False
AUTO301478,66,45,turismo,11,203.0,particular,11821,Valencia,online,anual,0,157,False,444.53,False
AUTO303108,76,52,turismo,15,167.0,particular,28330,Tarragona,agente,mensual,1,15,False,455.76,True
AUTO303471,23,0,moto,15,248.0,particular,15296,A Coruna,agente,mensual,0,25,False,529.61,False
AUTO300032,45,27,turismo,0,124.0,particular,30513,Tarragona,telefono,mensual,0,83,False,270.9,False
AUTO304979,40,19,todoterreno,4,126.0,particular,2529,Barcelona,agente,mensual,1,156,False,395.84,False
AUTO303956,19,0,todoterreno,14,173.0,mixto,12440,Tarragona,agente,anual,0,151,False,496.26,False
AUTO304706,57,35,turismo,13,93.0,particular,10329,Malaga,agente,mensual,0,156,False,342.74,False
AUTO301659,22,3,turismo,11,141.0,particular,3555,Zaragoza,agente,mensual,0,106,True,485.49,True
AUTO303781,32,12,turismo,12,186.0,particular,15180,Malaga,correduria,anual,0,111,False,497.29,False
AUTO304135,71,51,turismo,0,272.0,particular,6204,Baleares,agente,mensual,0,70,False,455.2,False
AUTO300912,47,23,turismo,14,122.0,mixto,9074,Madrid,telefono,anual,0,51,False,403.16,False
AUTO303435,53,31,turismo,13,188.0,particular,37338,Tarragona,telefono,anual,0,83,False,424.72,False
AUTO300996,60,40,moto,16,115.0,particular,25350,Lleida,agente,mensual,0,62,False,393.21,False
AUTO303652,32,13,furgoneta,2,155.0,mixto,26714,Alicante,agente,mensual,0,158,False,412.34,False
AUTO302468,38,16,turismo,17,191.0,mixto,25518,Cantabria,telefono,mensual,0,25,True,475.14,False
AUTO300536,64,42,turismo,6,289.0,particular,38303,Baleares,online,anual,0,91,False,466.15,False
AUTO302062,74,56,furgoneta,2,124.0,particular,27431,Girona,agente,mensual,0,146,False,303.35,False
AUTO301422,63,39,turismo,18,110.0,mixto,3941,Zaragoza,online,anual,0,70,False,326.13,False
AUTO302046,48,24,todoterreno,6,152.0,particular,12575,Madrid,online,mensual,0,44,False,350.25,False
AUTO303566,31,12,todoterreno,4,248.0,mixto,28892,Lleida,online,mensual,0,6,False,575.21,False
AUTO302930,38,14,turismo,15,69.0,mixto,18127,Zaragoza,online,mensual,0,159,False,397.9,False
AUTO301675,52,28,turismo,7,223.0,particular,21801,Sevilla,telefono,anual,0,55,False,567.63,False
AUTO304928,24,5,moto,11,240.0,mixto,12446,Malaga,online,mensual,1,89,False,653.99,False
AUTO303988,67,43,moto,13,102.0,particular,20643,Zaragoza,online,anual,0,79,False,220.69,False
AUTO301137,70,51,turismo,4,97.0,particular,13119,Alicante,agente,mensual,0,29,True,322.73,False
AUTO302515,33,15,moto,6,189.0,particular,31205,Alicante,online,mensual,0,164,False,469.42,False
AUTO301133,49,25,turismo,4,188.0,particular,37317,Alicante,telefono,mensual,0,79,False,306.05,True
AUTO301015,51,33,turismo,11,229.0,particular,16143,Sevilla,agente,mensual,0,97,False,644.4,False
AUTO303670,77,59,furgoneta,13,223.0,particular,37141,Cantabria,agente,mensual,0,12,False,382.76,False
AUTO301828,57,34,moto,12,216.0,particular,39194,Tarragona,agente,mensual,0,89,False,418.33,False
AUTO303127,34,16,turismo,3,96.0,particular,18214,Cantabria,online,mensual,0,151,False,269.49,False
AUTO301999,59,40,turismo,15,271.0,particular,10207,Madrid,online,mensual,0,13,False,485.04,False
AUTO300427,22,4,furgoneta,0,122.0,particular,22204,Madrid,telefono,anual,0,62,False,363.29,False
AUTO301033,44,21,turismo,5,294.0,mixto,33734,Sevilla,correduria,mensual,0,58,False,487.13,True
AUTO302250,74,52,todoterreno,10,211.0,particular,31423,Asturias,telefono,anual,2,32,False,637.58,False
AUTO302377,46,26,todoterreno,6,218.0,particular,12660,Alicante,correduria,mensual,1,24,False,595.02,False
AUTO304619,40,17,turismo,10,72.0,particular,23251,Zaragoza,online,mensual,0,6,False,421.79,False
AUTO303063,65,47,turismo,10,261.0,particular,28868,Girona,online,anual,0,145,False,471.11,False
AUTO300661,65,43,furgoneta,14,214.0,mixto,27677,Asturias,correduria,anual,0,139,False,471.52,False
AUTO303761,69,49,turismo,11,86.0,mixto,15199,Alicante,agente,mensual,0,158,False,344.42,False
AUTO300241,75,52,turismo,18,202.0,particular,18889,Vizcaya,agente,mensual,0,27,False,447.85,False
AUTO302653,41,21,furgoneta,2,146.0,particular,38637,Lleida,correduria,mensual,1,104,False,423.21,False
AUTO302637,36,15,moto,8,104.0,particular,35526,Girona,agente,anual,0,30,False,311.16,False
AUTO304878,21,0,turismo,8,287.0,particular,25037,Zaragoza,online,mensual,1,107,False,657.48,False
AUTO304747,33,10,turismo,8,202.0,particular,38027,Alicante,telefono,anual,1,103,False,561.41,False
AUTO304055,52,29,turismo,2,114.0,particular,35840,Barcelona,online,mensual,1,147,False,416.31,False
AUTO300110,79,57,turismo,13,96.0,particular,35926,Vizcaya,correduria,mensual,0,54,True,278.31,False
AUTO301490,25,1,furgoneta,9,146.0,particular,15315,Malaga,agente,mensual,0,169,False,477.42,False
AUTO300148,57,36,todoterreno,18,187.0,particular,24306,Alicante,online,anual,0,154,True,440.03,True
AUTO300861,19,0,moto,9,268.0,particular,32833,Girona,correduria,anual,0,163,False,552.02,False
AUTO304344,63,40,turismo,19,231.0,particular,10372,Madrid,online,mensual,0,141,False,481.2,False
AUTO302171,62,42,todoterreno,12,89.0,particular,4756,Barcelona,correduria,mensual,0,141,False,259.16,False
AUTO301444,65,44,furgoneta,16,242.0,particular,21277,Baleares,agente,mensual,0,44,False,468.03,False
AUTO303533,65,41,furgoneta,16,116.0,particular,20401,Tarragona,agente,anual,0,78,False,348.92,False
AUTO301575,38,14,furgoneta,3,138.0,particular,23058,Cantabria,agente,anual,1,4,False,505.53,False
AUTO301548,71,48,turismo,16,284.0,particular,17793,Sevilla,online,mensual,1,25,False,600.18,True
AUTO304373,44,24,furgoneta,10,235.0,particular,7295,Cantabria,agente,anual,0,143,False,471.65,False
AUTO301735,36,15,turismo,10,217.0,particular,5072,Madrid,online,mensual,0,26,True,485.74,False
AUTO303344,74,54,turismo,18,109.0,particular,19864,Valencia,agente,mensual,0,157,False,404.19,False
AUTO302030,71,53,turismo,7,123.0,mixto,27338,Asturias,telefono,anual,0,58,False,288.28,False
AUTO302582,53,33,todoterreno,8,155.0,particular,26101,Malaga,agente,mensual,0,125,False,384.53,True
AUTO304840,27,6,turismo,6,110.0,particular,3974,Asturias,correduria,mensual,0,124,False,414.16,True
AUTO303224,48,28,turismo,9,211.0,particular,24564,Zaragoza,online,mensual,2,122,False,628.53,False
AUTO302847,32,11,todoterreno,15,182.0,particular,15741,Baleares,agente,mensual,1,15,False,549.13,False
AUTO303856,45,25,todoterreno,15,78.0,mixto,35951,Tarragona,correduria,anual,0,101,False,321.99,False
AUTO303199,60,36,turismo,4,72.0,particular,29128,Baleares,telefono,mensual,1,63,False,360.18,False
AUTO304805,35,15,turismo,15,230.0,mixto,35365,Alicante,telefono,mensual,0,164,True,423.31,False
AUTO304241,52,33,furgoneta,18,104.0,particular,28001,Sevilla,online,mensual,2,119,False,566.43,False
AUTO303749,42,18,turismo,0,189.0,particular,5536,Sevilla,telefono,anual,0,46,False,442.71,False
AUTO302439,49,26,todoterreno,8,155.0,mixto,26815,Madrid,telefono,anual,0,4,True,371.61,False
AUTO302055,58,39,turismo,8,71.0,particular,9407,Girona,agente,anual,1,142,False,334.29,False
AUTO301975,36,12,turismo,18,81.0,particular,4837,Madrid,agente,anual,0,32,False,318.17,False
AUTO304044,77,57,furgoneta,15,233.0,mixto,4612,Asturias,online,anual,0,165,False,409.07,False
AUTO302166,43,23,turismo,12,82.0,particular,3038,Barcelona,telefono,mensual,0,114,False,300.28,False
AUTO300673,27,8,turismo,18,187.0,particular,27469,Vizcaya,agente,mensual,1,39,True,577.51,False
AUTO301867,30,9,turismo,6,179.0,particular,6356,Sevilla,online,anual,0,156,False,461.92,True
AUTO304665,30,8,todoterreno,17,266.0,particular,13489,Valencia,online,mensual,2,40,False,802.23,False
AUTO302429,26,7,turismo,13,128.0,particular,39605,Malaga,telefono,anual,0,6,False,472.89,False
AUTO303963,55,31,turismo,6,299.0,particular,32577,Baleares,agente,mensual,0,160,True,634.05,False
AUTO303036,57,35,turismo,4,241.0,mixto,11309,Lleida,telefono,mensual,0,162,False,422.98,False
AUTO303667,49,29,turismo,16,82.0,particular,12237,Girona,agente,mensual,0,9,False,338.51,True
AUTO303144,68,49,turismo,17,70.0,particular,35428,Lleida,correduria,mensual,0,157,False,246.59,False
AUTO303129,37,13,turismo,2,166.0,particular,2869,Girona,online,anual,0,136,False,421.45,False
AUTO302016,22,3,turismo,11,260.0,mixto,13404,Alicante,correduria,anual,0,146,False,591.39,False
AUTO301717,41,22,turismo,18,135.0,particular,12131,Madrid,correduria,anual,0,102,False,447.24,False
AUTO303832,34,16,turismo,16,288.0,particular,20470,Barcelona,agente,mensual,1,93,False,673.37,False
AUTO301633,56,34,turismo,11,167.0,particular,28111,Girona,correduria,mensual,1,2,False,436.01,True
AUTO303917,79,58,turismo,6,270.0,particular,11423,Tarragona,correduria,anual,1,51,False,616.12,False
AUTO304477,47,24,turismo,7,245.0,particular,4825,A Coruna,telefono,mensual,0,78,False,512.78,False
AUTO304961,24,4,furgoneta,18,295.0,mixto,3234,Asturias,telefono,mensual,1,47,False,695.97,False
AUTO300517,65,43,turismo,6,245.0,particular,18455,Cantabria,agente,mensual,0,85,False,500.3,False
AUTO300318,18,0,furgoneta,1,196.0,particular,19520,Cantabria,correduria,anual,1,100,False,610.11,False
AUTO304773,50,28,todoterreno,4,223.0,mixto,21015,Lleida,online,mensual,0,16,False,491.94,False
AUTO302926,78,60,todoterreno,18,67.0,particular,33880,Valencia,agente,mensual,0,156,False,334.79,False
AUTO304760,39,21,turismo,10,183.0,particular,19156,A Coruna,correduria,mensual,0,3,False,405.24,False
AUTO303825,38,19,turismo,18,71.0,particular,23412,Cantabria,online,mensual,0,110,False,322.33,False
AUTO303123,52,28,turismo,19,215.0,particular,6690,A Coruna,online,mensual,0,59,True,478.32,False
AUTO302534,60,40,moto,1,122.0,particular,10817,Malaga,telefono,anual,1,48,False,420.5,False
AUTO300798,60,39,turismo,14,133.0,particular,8046,Valencia,agente,anual,0,2,False,371.55,False
AUTO304800,57,38,turismo,10,210.0,mixto,37001,Cantabria,correduria,anual,1,132,False,505.58,False
AUTO301598,22,1,turismo,9,150.0,particular,32230,Vizcaya,online,mensual,0,76,False,437.65,False
AUTO303874,37,17,turismo,15,104.0,particular,35963,Alicante,correduria,mensual,0,78,False,444.38,False
AUTO302284,56,34,turismo,14,141.0,particular,39796,Vizcaya,online,anual,0,77,False,463.8,False
AUTO303986,49,26,moto,17,196.0,particular,31417,Barcelona,online,mensual,1,168,False,534.76,False
AUTO304565,30,9,turismo,7,232.0,particular,34559,Lleida,telefono,mensual,1,9,False,640.9,False
AUTO302613,48,28,turismo,9,246.0,particular,17528,Zaragoza,telefono,mensual,0,22,False,473.51,False
AUTO303773,55,33,turismo,4,208.0,particular,33654,Cantabria,correduria,mensual,0,43,False,402.84,False
AUTO300951,43,23,turismo,18,167.0,particular,38500,Lleida,online,anual,0,179,False,397.32,False
AUTO300792,53,30,turismo,4,269.0,mixto,36138,Tarragona,online,mensual,0,156,False,455.41,True
AUTO304540,74,54,turismo,7,,particular,7508,Alicante,online,anual,0,120,False,368.6,False
AUTO302428,55,37,furgoneta,13,283.0,particular,13078,Barcelona,agente,anual,0,31,False,522.08,False
AUTO300979,68,46,moto,4,238.0,particular,31799,Valencia,agente,anual,0,130,True,504.24,False
AUTO302784,74,51,moto,12,294.0,mixto,21626,Cantabria,online,mensual,0,75,False,510.65,False
AUTO304817,41,23,turismo,2,188.0,particular,23480,Barcelona,online,mensual,0,3,False,484.54,True
AUTO304583,27,3,furgoneta,13,157.0,particular,23673,Sevilla,telefono,mensual,1,145,True,571.4,False
AUTO302713,43,22,turismo,2,212.0,particular,10320,Asturias,online,anual,0,152,True,449.44,False
AUTO303041,39,21,turismo,15,,particular,22645,Tarragona,agente,anual,1,99,False,524.2,True
AUTO302761,31,9,turismo,3,81.0,particular,25834,Vizcaya,correduria,mensual,0,35,False,312.6,False
AUTO303961,53,30,turismo,4,292.0,particular,12359,A Coruna,agente,mensual,0,144,True,467.77,False
AUTO301805,69,51,turismo,3,97.0,particular,20733,Cantabria,agente,mensual,0,140,False,212.38,True
AUTO301244,33,9,todoterreno,9,151.0,particular,4181,Sevilla,telefono,mensual,0,21,False,401.98,False
AUTO304304,53,34,turismo,14,189.0,particular,29926,Tarragona,correduria,mensual,0,132,False,467.05,False
AUTO304068,46,25,turismo,15,122.0,particular,15827,Valencia,telefono,mensual,0,35,False,347.48,False
AUTO302339,24,5,turismo,13,178.0,particular,20046,Zaragoza,correduria,anual,0,41,False,522.77,False
AUTO303201,75,54,turismo,5,278.0,particular,38106,Vizcaya,agente,mensual,0,162,False,411.73,False
AUTO302624,42,20,turismo,1,77.0,particular,35495,A Coruna,online,anual,0,50,False,299.68,False
AUTO300494,53,32,turismo,17,289.0,particular,28589,Girona,correduria,mensual,0,76,False,561.17,False
AUTO302579,33,9,turismo,16,169.0,particular,29240,Zaragoza,agente,anual,0,64,False,486.7,False
AUTO300337,41,17,turismo,18,237.0,particular,22543,Madrid,online,mensual,0,49,False,526.36,True
AUTO304287,52,30,turismo,4,175.0,particular,23211,A Coruna,telefono,mensual,0,172,False,466.3,False
AUTO302932,62,39,turismo,6,135.0,particular,25417,Girona,telefono,anual,0,22,False,393.32,False
AUTO301301,55,32,turismo,13,121.0,particular,35621,Sevilla,online,anual,0,62,False,324.26,False
AUTO301958,29,10,turismo,3,65.0,particular,37515,Sevilla,online,mensual,0,76,False,276.24,False
AUTO302394,71,53,todoterreno,2,66.0,mixto,8021,Tarragona,correduria,mensual,0,9,False,246.42,True
AUTO302514,54,36,todoterreno,19,164.0,mixto,28621,Barcelona,correduria,mensual,0,25,False,391.27,False
AUTO300812,24,6,turismo,5,277.0,mixto,36576,Sevilla,correduria,mensual,0,39,False,615.71,False
AUTO303949,18,0,moto,14,75.0,particular,22769,Madrid,online,anual,1,125,False,565.72,False
AUTO302061,49,28,furgoneta,4,100.0,particular,34835,Vizcaya,online,anual,0,66,False,359.58,False
AUTO303173,26,8,turismo,1,143.0,particular,19145,Madrid,correduria,mensual,0,25,False,387.13,False
AUTO304547,72,54,turismo,6,145.0,mixto,33962,Baleares,correduria,anual,2,175,False,501.32,False
AUTO302549,26,6,furgoneta,3,284.0,particular,26759,Barcelona,telefono,mensual,0,77,True,466.11,True
AUTO302491,65,42,turismo,12,299.0,mixto,4322,Barcelona,telefono,mensual,1,100,False,698.76,False
AUTO301251,25,5,todoterreno,14,163.0,particular,31856,Zaragoza,online,mensual,0,49,False,433.21,False
AUTO300518,79,61,turismo,5,137.0,particular,29890,Girona,telefono,anual,0,74,False,240.24,False
AUTO302174,32,10,turismo,17,155.0,particular,3042,Asturias,telefono,mensual,0,108,False,340.92,False
AUTO301540,47,24,turismo,6,135.0,particular,34688,Girona,agente,mensual,0,86,False,377.89,False
AUTO300682,75,51,turismo,10,71.0,particular,34689,Alicante,correduria,mensual,0,143,False,268.09,False
AUTO300225,34,14,turismo,6,187.0,particular,30101,Malaga,correduria,mensual,0,54,False,450.12,False
AUTO300727,55,32,moto,17,284.0,particular,27179,Alicante,correduria,mensual,0,118,False,478.54,False
AUTO301162,18,0,furgoneta,10,290.0,particular,29401,Lleida,agente,mensual,1,66,True,733.89,True
AUTO302566,52,30,turismo,8,180.0,particular,12425,Cantabria,correduria,mensual,1,137,False,599.74,True
AUTO303642,35,15,turismo,18,131.0,particular,16337,A Coruna,agente,mensual,0,111,False,450.62,False
AUTO302346,62,42,turismo,13,192.0,particular,15447,A Coruna,telefono,mensual,1,71,False,506.31,False
AUTO300010,65,46,turismo,19,130.0,particular,33314,Asturias,agente,mensual,0,116,False,379.92,True
AUTO303669,78,60,furgoneta,11,111.0,particular,20939,A Coruna,online,mensual,0,23,False,283.92,False
AUTO301865,29,10,todoterreno,14,206.0,particular,16681,Vizcaya,online,mensual,1,70,False,520.57,False
AUTO304582,76,53,todoterreno,1,84.0,particular,10344,Barcelona,agente,mensual,0,115,False,220.84,False
AUTO301452,61,42,moto,1,157.0,particular,17922,Alicante,online,mensual,0,82,True,321.39,False
AUTO303270,71,51,turismo,17,256.0,particular,10347,Vizcaya,telefono,anual,0,70,False,508.11,False
AUTO300890,49,28,turismo,13,128.0,particular,10539,Malaga,correduria,mensual,0,92,False,376.2,False
AUTO300929,19,1,turismo,13,201.0,particular,15741,Vizcaya,online,anual,0,81,False,531.27,False
AUTO300833,50,32,turismo,19,128.0,particular,35887,Asturias,telefono,mensual,1,97,False,496.9,False
AUTO301898,37,16,turismo,8,199.0,particular,32133,Tarragona,telefono,mensual,0,25,True,408.43,False
AUTO302172,74,54,furgoneta,7,173.0,particular,22690,Barcelona,online,mensual,0,13,False,390.27,False
AUTO300501,63,42,moto,14,297.0,particular,9613,Sevilla,agente,anual,0,98,True,536.25,False
AUTO303421,21,0,moto,7,96.0,mixto,34360,A Coruna,online,mensual,1,174,False,405.38,False
AUTO302173,72,52,todoterreno,7,223.0,particular,36350,Lleida,correduria,mensual,0,83,False,448.42,True
AUTO300055,68,45,turismo,19,166.0,particular,19735,Tarragona,correduria,mensual,2,170,False,515.06,False
AUTO301875,27,6,todoterreno,8,127.0,particular,31557,A Coruna,online,mensual,1,86,False,469.17,False
AUTO303821,36,13,turismo,10,151.0,mixto,19158,Madrid,correduria,mensual,0,93,False,398.52,False
AUTO300287,50,32,todoterreno,3,152.0,mixto,17507,Tarragona,online,mensual,0,32,False,401.22,True
AUTO302452,33,13,turismo,1,74.0,particular,21785,Valencia,correduria,mensual,0,81,False,343.2,False
AUTO304776,52,29,todoterreno,17,173.0,particular,13331,Lleida,agente,mensual,0,157,False,444.41,False
AUTO300607,66,47,turismo,4,257.0,mixto,38182,Malaga,telefono,mensual,1,70,True,636.65,False
AUTO301257,31,7,turismo,5,188.0,particular,18921,Lleida,online,mensual,0,143,False,445.32,False
AUTO302708,33,14,turismo,7,230.0,mixto,17439,A Coruna,telefono,mensual,0,21,False,445.88,False
AUTO302063,42,22,turismo,0,146.0,particular,33500,Baleares,correduria,anual,2,117,False,497.42,False
AUTO302880,74,52,turismo,4,247.0,particular,11954,Malaga,correduria,mensual,1,104,False,463.1,True
AUTO302783,51,29,turismo,1,183.0,mixto,24089,Cantabria,online,anual,0,1,False,400.04,False
AUTO304448,37,13,furgoneta,1,269.0,particular,19674,Lleida,online,anual,0,38,False,537.4,False
AUTO301914,20,0,turismo,18,250.0,particular,14236,Barcelona,agente,mensual,0,36,False,614.18,False
AUTO303110,57,35,moto,16,277.0,particular,37052,Lleida,online,anual,0,8,False,570.24,False
AUTO302048,63,45,turismo,7,266.0,particular,6844,Baleares,online,mensual,0,33,False,473.82,False
AUTO301695,55,34,moto,1,137.0,particular,31895,Tarragona,telefono,anual,0,73,False,334.71,False
AUTO302297,71,52,turismo,11,224.0,particular,33122,Madrid,telefono,anual,0,29,True,464.83,True
AUTO300005,69,47,todoterreno,4,136.0,particular,6840,Sevilla,agente,mensual,0,114,False,363.57,False
AUTO303808,65,47,todoterreno,0,68.0,particular,26351,A Coruna,telefono,mensual,0,82,True,207.38,True
AUTO304166,77,56,turismo,17,153.0,particular,23606,Tarragona,agente,anual,0,143,False,456.49,False
AUTO301876,67,44,turismo,5,63.0,particular,11657,Barcelona,telefono,mensual,0,109,False,281.25,False
AUTO303457,30,7,turismo,4,151.0,particular,26381,Alicante,agente,mensual,0,146,False,458.6,False
AUTO301187,73,49,furgoneta,8,206.0,particular,36666,Baleares,online,mensual,1,52,False,564.95,True
AUTO303885,63,39,turismo,13,277.0,particular,37022,Malaga,correduria,mensual,0,160,False,592.41,False
AUTO303470,61,43,turismo,18,230.0,particular,18879,Asturias,online,mensual,0,87,False,565.05,False
AUTO301996,27,9,furgoneta,5,153.0,particular,6630,Lleida,online,mensual,0,109,False,359.48,True
AUTO300633,25,7,turismo,15,156.0,particular,35167,Zaragoza,online,anual,0,41,False,353.43,False
AUTO302398,71,52,turismo,14,,particular,37656,Sevilla,telefono,mensual,1,115,False,467.51,False
AUTO301315,62,39,furgoneta,13,83.0,particular,7405,A Coruna,agente,anual,1,24,False,315.49,False
AUTO303948,49,25,todoterreno,16,60.0,particular,4634,Malaga,correduria,anual,0,64,False,316.02,False
AUTO302609,66,47,turismo,10,195.0,mixto,20035,Asturias,online,mensual,1,176,True,498.03,False
AUTO304211,33,12,todoterreno,0,240.0,mixto,13792,Barcelona,agente,mensual,0,24,False,538.22,False
AUTO303300,40,20,turismo,11,231.0,particular,16828,Zaragoza,online,anual,0,150,False,546.59,False
AUTO301542,33,14,turismo,2,275.0,particular,27270,A Coruna,correduria,mensual,1,38,False,625.44,False
AUTO304841,62,39,turismo,0,206.0,particular,5412,Sevilla,agente,anual,0,115,False,394.81,False
AUTO304343,43,19,furgoneta,11,102.0,particular,20341,Cantabria,correduria,mensual,2,82,False,547.44,True
AUTO302315,70,51,furgoneta,17,98.0,particular,26372,Alicante,online,anual,0,166,True,302.26,False
AUTO300052,18,0,furgoneta,15,200.0,particular,34989,Madrid,correduria,mensual,1,79,False,648.94,False
AUTO304446,61,41,turismo,10,180.0,particular,8806,Cantabria,online,mensual,1,163,False,494.55,False
AUTO300645,76,52,turismo,13,156.0,particular,29700,Zaragoza,online,mensual,0,169,False,375.7,False
AUTO303526,58,38,turismo,8,223.0,mixto,25526,Tarragona,correduria,anual,1,102,False,527.11,False
AUTO304480,54,33,turismo,6,170.0,particular,22979,Lleida,online,mensual,0,167,False,404.6,False
AUTO304074,64,43,moto,0,125.0,mixto,23478,Asturias,agente,anual,0,17,False,338.47,False
AUTO301498,36,16,turismo,8,280.0,particular,18107,Baleares,correduria,mensual,1,29,False,603.39,False
AUTO303895,25,7,furgoneta,8,120.0,particular,13686,Alicante,online,mensual,1,125,False,479.74,False
AUTO303122,24,1,moto,15,297.0,particular,25984,A Coruna,online,mensual,0,144,False,673.31,False
AUTO302768,70,52,moto,2,228.0,particular,11127,Lleida,agente,mensual,0,63,False,412.22,False
AUTO300471,37,16,todoterreno,14,115.0,particular,34810,Malaga,telefono,anual,0,117,False,402.47,False
AUTO304001,53,31,moto,0,78.0,particular,29981,Barcelona,correduria,mensual,0,155,False,209.94,False
AUTO302135,57,39,turismo,3,187.0,particular,29694,Girona,online,mensual,0,171,False,390.89,True
AUTO302967,77,57,turismo,4,243.0,particular,34954,Malaga,online,mensual,1,40,False,554.72,False
AUTO300519,75,56,furgoneta,13,287.0,particular,7726,Tarragona,correduria,mensual,0,7,False,560.14,False
AUTO304811,73,51,todoterreno,13,233.0,particular,23676,Sevilla,online,mensual,0,12,False,385.96,False
AUTO300155,67,44,turismo,16,125.0,particular,22190,Alicante,agente,mensual,0,178,False,324.45,False
AUTO301706,43,20,turismo,6,167.0,particular,34966,Tarragona,correduria,mensual,1,66,False,537.88,False
AUTO304830,34,16,turismo,0,176.0,particular,39212,Madrid,agente,mensual,0,31,False,461.45,False
AUTO304198,20,0,furgoneta,19,267.0,particular,28244,Valencia,correduria,anual,1,76,False,677.41,False
AUTO302402,78,59,todoterreno,8,200.0,particular,14188,Asturias,correduria,anual,0,57,False,376.37,False
AUTO304843,60,40,turismo,0,292.0,particular,22002,Sevilla,correduria,mensual,0,150,False,516.95,True
AUTO304641,31,13,todoterreno,19,125.0,particular,28568,Valencia,online,anual,0,83,False,365.85,False
AUTO302448,74,51,furgoneta,10,159.0,mixto,35021,Lleida,correduria,anual,0,17,False,328.97,False
AUTO300130,42,18,turismo,18,216.0,particular,4237,Barcelona,agente,mensual,1,23,False,591.85,False
AUTO301530,73,49,turismo,10,174.0,particular,38654,A Coruna,online,mensual,0,104,False,366.19,False
AUTO304449,63,43,turismo,0,80.0,particular,20525,Barcelona,correduria,mensual,1,41,False,273.94,False
AUTO302533,66,47,furgoneta,6,62.0,particular,19913,Vizcaya,telefono,mensual,0,76,False,231.45,False
AUTO302539,18,0,turismo,18,240.0,particular,37522,Valencia,correduria,mensual,0,146,False,563.91,False
AUTO300533,50,31,turismo,4,200.0,particular,20200,Sevilla,agente,mensual,0,104,False,343.42,False
AUTO302684,40,18,turismo,12,86.0,particular,18880,A Coruna,agente,mensual,1,154,False,445.87,False
AUTO302385,28,9,turismo,14,104.0,particular,24985,Valencia,online,mensual,0,91,True,427.06,False
AUTO300383,54,35,turismo,4,196.0,particular,20438,Madrid,telefono,anual,0,159,True,433.64,False
AUTO303722,55,34,turismo,17,231.0,particular,11740,Valencia,telefono,mensual,1,131,False,549.94,False
AUTO300811,66,43,turismo,6,78.0,particular,13877,Asturias,telefono,mensual,0,92,False,270.37,False
AUTO304132,47,24,turismo,10,207.0,particular,35050,Baleares,agente,mensual,0,15,False,390.69,False
AUTO303696,48,25,turismo,9,105.0,particular,10941,Vizcaya,agente,mensual,0,55,False,348.19,False
AUTO301897,21,0,furgoneta,19,116.0,particular,4530,Zaragoza,correduria,anual,0,83,False,504.55,False
AUTO303837,76,54,turismo,5,220.0,particular,26071,Tarragona,correduria,mensual,1,32,False,451.07,False
AUTO303406,70,50,turismo,12,229.0,particular,5674,Sevilla,online,mensual,0,13,False,462.06,False
AUTO303891,62,42,todoterreno,15,121.0,particular,5293,Sevilla,agente,mensual,0,152,False,362.94,False
AUTO301110,78,57,furgoneta,11,123.0,particular,29034,Madrid,correduria,mensual,0,31,True,275.59,True
AUTO302153,24,4,turismo,18,208.0,particular,28598,Girona,agente,mensual,0,145,False,562.55,False
AUTO300196,48,28,turismo,16,118.0,particular,32285,Baleares,agente,mensual,0,83,False,403.88,False
AUTO303269,27,7,moto,18,153.0,particular,15784,Alicante,telefono,mensual,0,132,False,451.15,False
AUTO301587,29,8,turismo,1,102.0,mixto,5211,Valencia,telefono,mensual,0,26,False,348.57,False
AUTO303680,46,25,todoterreno,7,,particular,22581,Zaragoza,telefono,mensual,0,154,False,376.9,False
AUTO301619,32,13,moto,8,204.0,particular,4634,Baleares,telefono,anual,0,60,False,446.43,False
AUTO302264,23,0,turismo,1,252.0,particular,15232,Barcelona,correduria,anual,0,172,False,488.81,False
AUTO302159,77,55,turismo,9,240.0,mixto,27688,Asturias,correduria,mensual,0,51,False,435.04,False
AUTO301952,33,15,turismo,2,200.0,particular,24185,Tarragona,telefono,mensual,0,25,False,471.69,False
AUTO300837,24,6,turismo,18,205.0,mixto,36736,Sevilla,telefono,mensual,1,69,False,590.44,False
AUTO301824,44,25,turismo,0,221.0,particular,32495,Zaragoza,online,mensual,1,152,False,509.22,False
AUTO304352,72,50,turismo,9,235.0,particular,4174,Barcelona,online,mensual,1,99,False,532.62,False
AUTO303150,74,52,turismo,14,110.0,mixto,30587,Valencia,online,anual,1,112,False,392.79,False
AUTO301645,49,26,turismo,5,258.0,particular,22087,Asturias,online,anual,0,106,False,527.15,False
AUTO303492,43,21,turismo,12,89.0,particular,33653,Malaga,online,anual,1,99,False,404.23,False
AUTO303189,69,48,todoterreno,12,205.0,particular,13375,Girona,agente,mensual,1,174,False,544.17,False
AUTO300414,75,56,todoterreno,14,122.0,particular,9215,Valencia,online,mensual,0,159,False,298.25,False
AUTO303863,38,20,turismo,15,251.0,particular,24787,Vizcaya,online,anual,0,103,False,519.8,False
AUTO302341,28,9,furgoneta,0,180.0,particular,20576,Barcelona,telefono,mensual,0,77,False,366.76,True
AUTO300352,65,46,turismo,14,153.0,particular,10235,Barcelona,correduria,mensual,0,151,False,466.62,True
AUTO301872,26,3,turismo,16,132.0,mixto,32258,Girona,telefono,mensual,0,5,False,440.88,False
AUTO303817,67,49,turismo,8,82.0,particular,27387,Alicante,agente,mensual,0,68,False,285.66,False
AUTO302711,73,54,turismo,3,84.0,particular,15398,Sevilla,agente,anual,0,20,True,216.95,False
AUTO302686,45,27,turismo,17,103.0,particular,8065,Asturias,telefono,anual,0,158,False,361.81,False
AUTO304705,22,0,furgoneta,6,268.0,particular,6708,Alicante,agente,mensual,1,71,False,681.11,False
AUTO301102,65,43,furgoneta,9,151.0,particular,8314,Valencia,online,mensual,0,146,False,412.23,False
AUTO303389,54,36,furgoneta,4,127.0,particular,34042,Malaga,telefono,anual,0,15,False,366.18,False
AUTO303236,63,45,turismo,18,66.0,mixto,29437,Cantabria,correduria,mensual,0,38,False,281.35,False
AUTO302489,55,37,turismo,4,298.0,particular,36678,Zaragoza,correduria,anual,0,146,False,540.45,False
AUTO300526,56,38,turismo,7,190.0,particular,4084,Lleida,telefono,anual,0,159,False,392.12,False
AUTO302531,20,0,turismo,16,105.0,particular,3601,Alicante,online,anual,1,20,False,548.95,True
AUTO301584,25,3,turismo,10,190.0,mixto,6570,Alicante,correduria,mensual,0,174,False,436.69,False
AUTO301961,46,26,turismo,0,117.0,particular,4520,Baleares,telefono,mensual,1,49,False,499.76,False
AUTO301128,71,53,todoterreno,0,295.0,mixto,6815,Barcelona,online,anual,0,178,False,476.44,True
AUTO301408,30,8,moto,17,63.0,particular,30707,Barcelona,agente,anual,0,166,False,327.84,True
AUTO303871,66,46,moto,0,224.0,mixto,21492,Madrid,agente,mensual,0,55,False,433.36,False
AUTO302691,21,2,moto,17,183.0,mixto,39276,Baleares,correduria,mensual,1,77,True,585.8,False
AUTO301896,48,26,turismo,12,298.0,particular,11994,Zaragoza,telefono,anual,0,82,False,614.67,False
AUTO304662,43,24,furgoneta,14,,particular,2048,Tarragona,agente,mensual,0,110,False,355.97,False
AUTO301329,23,2,furgoneta,10,138.0,particular,9483,Vizcaya,agente,anual,0,39,False,460.22,False
AUTO303431,38,14,turismo,2,249.0,particular,21637,Tarragona,telefono,mensual,0,47,True,577.95,True
AUTO302779,75,56,turismo,13,136.0,mixto,18388,Girona,correduria,mensual,0,151,False,271.7,False
AUTO303860,45,23,turismo,7,239.0,particular,4578,Tarragona,agente,mensual,0,138,True,552.1,False
AUTO301566,75,56,furgoneta,10,251.0,particular,39260,Cantabria,agente,mensual,0,31,False,466.25,False
AUTO300193,73,53,furgoneta,1,244.0,particular,25957,Cantabria,online,mensual,0,172,False,479.78,True
AUTO304254,59,37,moto,9,165.0,particular,9209,Barcelona,agente,anual,0,58,False,343.41,False
AUTO302831,22,4,turismo,14,61.0,mixto,38630,Lleida,online,anual,2,159,False,507.8,False
AUTO304971,18,0,turismo,8,222.0,particular,35506,Asturias,telefono,mensual,1,139,False,651.03,False
AUTO304723,58,35,turismo,15,114.0,mixto,9400,Malaga,telefono,anual,0,123,False,339.08,False
AUTO300100,62,38,turismo,8,104.0,particular,28620,Valencia,telefono,mensual,0,134,False,324.25,False
AUTO300076,63,44,todoterreno,6,167.0,particular,31328,A Coruna,agente,mensual,1,36,False,484.5,False
AUTO301143,64,41,turismo,10,190.0,particular,7986,Zaragoza,correduria,anual,0,31,False,431.0,False
AUTO302232,64,44,furgoneta,11,89.0,particular,22254,Valencia,agente,mensual,0,138,False,276.97,True
AUTO303194,59,40,todoterreno,11,189.0,particular,21704,Madrid,telefono,mensual,0,139,False,372.04,False
AUTO301308,73,54,turismo,2,182.0,particular,27353,Cantabria,correduria,mensual,0,135,False,382.64,False
AUTO300758,44,24,moto,17,113.0,particular,13039,Barcelona,correduria,mensual,1,8,False,512.38,False
AUTO304589,20,0,turismo,11,157.0,mixto,16612,Girona,agente,mensual,1,118,False,567.73,False
AUTO300366,59,38,turismo,10,207.0,particular,29114,Girona,correduria,mensual,0,10,False,478.9,False
AUTO301294,75,53,turismo,2,126.0,mixto,14395,Tarragona,online,mensual,0,41,False,281.09,False
AUTO301742,29,11,turismo,6,110.0,mixto,18152,Barcelona,online,anual,0,118,False,384.24,False
AUTO303677,18,0,turismo,13,119.0,mixto,30597,Alicante,telefono,anual,1,96,False,485.38,False
AUTO304024,69,47,moto,1,211.0,particular,19727,Barcelona,correduria,anual,0,157,False,427.63,False
AUTO300541,21,3,turismo,16,161.0,particular,14022,Valencia,correduria,mensual,1,46,False,556.8,True
AUTO303496,77,57,turismo,0,216.0,particular,3700,A Coruna,correduria,mensual,0,150,False,400.49,False
AUTO302892,48,24,turismo,1,117.0,particular,9576,Asturias,correduria,anual,0,87,False,352.25,False
AUTO304422,68,44,turismo,19,147.0,mixto,38642,Baleares,correduria,mensual,0,37,False,380.01,False
AUTO302758,22,2,turismo,3,242.0,mixto,14921,A Coruna,online,mensual,0,33,False,553.61,False
AUTO301791,32,8,moto,9,163.0,particular,26106,Sevilla,correduria,mensual,0,54,False,406.32,False
AUTO302013,29,10,todoterreno,6,,particular,39735,Malaga,online,anual,0,133,False,489.13,False
AUTO301323,79,60,turismo,5,227.0,particular,12130,Barcelona,telefono,anual,0,168,False,341.85,False
AUTO303315,74,51,turismo,17,287.0,particular,31694,Malaga,telefono,mensual,1,174,False,581.39,False
AUTO304220,75,53,moto,1,222.0,mixto,34085,Girona,telefono,mensual,1,135,False,542.09,False
AUTO300592,74,54,turismo,11,174.0,particular,23741,Lleida,correduria,anual,0,25,False,379.19,False
AUTO302955,69,45,turismo,0,63.0,mixto,3546,Zaragoza,online,mensual,1,17,False,340.99,False
AUTO303754,76,54,turismo,11,172.0,particular,26857,Zaragoza,correduria,anual,0,150,False,397.62,False
AUTO300175,50,28,turismo,12,217.0,particular,9190,Barcelona,online,anual,0,138,False,484.3,False
AUTO300721,35,14,turismo,5,274.0,particular,32380,Lleida,correduria,mensual,1,74,False,685.37,False
AUTO302289,55,37,turismo,12,135.0,particular,16199,Alicante,correduria,mensual,1,16,False,451.57,True
AUTO301365,65,47,todoterreno,15,151.0,particular,15123,Malaga,telefono,anual,0,61,False,438.77,False
AUTO303175,44,20,turismo,10,235.0,particular,8068,A Coruna,telefono,anual,1,2,True,629.28,False
AUTO300778,28,9,moto,18,94.0,particular,32156,Lleida,correduria,anual,0,88,True,395.29,False
AUTO304892,40,16,todoterreno,6,199.0,particular,36257,Barcelona,online,mensual,0,157,False,461.86,False
AUTO302148,56,33,turismo,19,213.0,particular,39407,Baleares,correduria,mensual,0,22,False,495.49,False
AUTO304678,23,4,todoterreno,9,180.0,particular,17435,Tarragona,online,mensual,0,72,False,455.36,False
AUTO300261,58,39,turismo,3,280.0,particular,35455,Sevilla,correduria,mensual,0,99,True,510.73,True
AUTO302852,22,0,todoterreno,10,233.0,mixto,13117,Vizcaya,correduria,mensual,0,153,False,539.21,False
AUTO304838,47,29,turismo,3,160.0,particular,32332,Girona,agente,mensual,0,84,False,369.94,False
AUTO302917,42,24,moto,15,211.0,particular,9664,Vizcaya,correduria,mensual,0,34,False,529.28,False
AUTO302559,79,61,furgoneta,9,221.0,particular,29490,Malaga,online,mensual,1,37,False,548.37,False
AUTO304052,39,21,turismo,12,182.0,particular,9750,Sevilla,online,anual,0,49,False,464.74,False
AUTO303941,34,12,turismo,12,207.0,particular,35502,Girona,online,mensual,0,94,False,509.61,False
AUTO301451,61,38,moto,6,202.0,particular,26315,Sevilla,telefono,mensual,1,52,False,497.88,False
AUTO301056,20,0,turismo,1,241.0,particular,11294,Barcelona,agente,anual,1,37,False,587.17,False
AUTO302672,24,6,turismo,14,280.0,particular,7013,Vizcaya,agente,mensual,1,127,False,674.8,False
AUTO303290,19,1,turismo,19,289.0,mixto,39772,Alicante,telefono,anual,0,68,False,606.38,False
AUTO303541,54,33,furgoneta,12,277.0,particular,39315,Sevilla,online,mensual,1,124,False,608.72,False
AUTO303010,31,11,todoterreno,6,153.0,particular,34958,Malaga,agente,mensual,0,98,True,391.48,False
AUTO303135,52,34,turismo,11,297.0,particular,26344,Zaragoza,telefono,mensual,2,31,False,766.26,False
AUTO301513,48,30,turismo,17,140.0,particular,14198,Sevilla,online,mensual,0,174,True,375.8,False
AUTO303332,79,59,turismo,8,162.0,particular,35077,Barcelona,agente,mensual,2,166,False,513.47,False
AUTO301601,68,47,turismo,13,190.0,particular,9873,Girona,agente,anual,0,163,False,397.98,False
AUTO304642,51,28,turismo,7,180.0,particular,5383,Valencia,correduria,mensual,0,92,False,392.22,False
AUTO300853,78,59,todoterreno,10,159.0,mixto,14174,Asturias,online,mensual,0,90,False,393.01,False
AUTO300452,58,38,turismo,16,252.0,mixto,4565,Madrid,agente,mensual,0,102,False,498.29,False
AUTO300896,70,50,turismo,16,166.0,particular,32667,Girona,correduria,mensual,0,75,False,360.58,False
AUTO303698,21,0,turismo,10,192.0,particular,29251,Sevilla,correduria,anual,1,64,False,504.87,False
AUTO300709,70,49,turismo,6,216.0,particular,10911,Sevilla,agente,anual,1,133,True,544.35,False
AUTO304757,57,35,turismo,10,270.0,particular,8641,Asturias,telefono,anual,0,61,False,449.72,False
AUTO300984,68,50,turismo,4,69.0,particular,35047,Cantabria,online,anual,0,175,False,211.47,False
AUTO300968,78,60,turismo,17,140.0,particular,4004,Baleares,correduria,mensual,0,146,False,294.88,False
AUTO303611,44,20,turismo,5,264.0,particular,27232,Alicante,agente,anual,0,18,False,473.32,False
AUTO302679,79,60,turismo,6,,particular,20754,Valencia,online,anual,0,131,False,391.59,False
AUTO300710,55,34,turismo,9,88.0,particular,13545,Alicante,agente,mensual,0,73,False,313.38,False
AUTO300424,21,0,turismo,8,202.0,particular,2913,Lleida,telefono,mensual,0,169,False,522.52,False
AUTO301600,34,11,turismo,8,239.0,particular,23448,Valencia,online,mensual,0,25,True,457.31,True
AUTO303327,41,21,turismo,5,,particular,22929,Zaragoza,agente,anual,2,121,False,513.39,False
AUTO302925,59,37,turismo,15,182.0,particular,22940,A Coruna,telefono,mensual,0,6,False,422.57,False
AUTO301570,46,22,furgoneta,14,275.0,particular,38685,Sevilla,correduria,anual,1,76,False,682.65,False
AUTO304496,26,6,moto,3,249.0,particular,37770,Asturias,online,mensual,1,35,False,712.42,False
AUTO301751,37,17,moto,9,299.0,particular,35610,Baleares,online,mensual,1,124,False,597.82,True
AUTO304948,49,30,turismo,15,203.0,particular,6214,Valencia,correduria,mensual,0,126,False,516.2,False
AUTO302499,48,24,turismo,10,279.0,mixto,33406,Valencia,correduria,anual,0,27,False,542.87,False
AUTO304366,56,32,moto,8,270.0,mixto,15468,Barcelona,correduria,mensual,0,30,False,454.95,False
AUTO304332,61,38,turismo,10,251.0,mixto,4931,Alicante,correduria,anual,2,175,False,630.5,False
AUTO301788,45,26,furgoneta,3,170.0,particular,14806,Alicante,correduria,anual,0,78,False,381.81,False
AUTO301768,68,44,turismo,14,286.0,particular,9239,Malaga,correduria,mensual,0,28,False,529.11,False
AUTO301300,68,50,turismo,18,133.0,particular,24974,Girona,agente,anual,0,125,False,377.35,False
AUTO303370,68,50,turismo,19,121.0,mixto,28550,Malaga,correduria,anual,0,95,False,362.87,True
AUTO303279,63,44,turismo,16,280.0,particular,34435,Cantabria,telefono,mensual,0,104,False,484.56,False
AUTO300577,33,15,turismo,0,,particular,5338,Lleida,agente,mensual,0,41,False,489.28,False
AUTO301477,40,22,turismo,12,139.0,particular,39290,Alicante,telefono,mensual,0,107,False,435.49,False
AUTO302623,66,44,furgoneta,17,258.0,mixto,39933,A Coruna,correduria,mensual,0,136,False,536.38,False
AUTO304485,64,44,turismo,3,66.0,particular,34221,Baleares,telefono,mensual,0,99,False,220.4,False
AUTO300329,43,21,furgoneta,19,290.0,mixto,10329,Cantabria,correduria,mensual,1,90,False,662.92,False
AUTO301132,58,34,turismo,10,67.0,particular,31890,Girona,agente,mensual,0,25,False,368.48,False
AUTO304275,65,43,turismo,16,232.0,mixto,34379,Girona,correduria,anual,1,111,False,633.79,False
AUTO303827,44,23,furgoneta,7,61.0,particular,18251,Girona,correduria,mensual,2,99,False,501.37,False
AUTO301917,28,6,moto,18,,particular,39635,Valencia,correduria,mensual,0,80,False,605.95,False
AUTO300003,67,47,turismo,1,121.0,particular,15439,Madrid,online,mensual,1,172,False,437.11,False
AUTO303393,25,6,todoterreno,1,164.0,particular,21731,A Coruna,agente,mensual,0,18,False,432.17,False
AUTO301060,77,55,turismo,19,112.0,particular,21288,A Coruna,correduria,mensual,0,92,False,349.78,False
AUTO302625,55,36,turismo,10,131.0,mixto,37194,Malaga,online,mensual,1,97,False,525.4,False
AUTO304412,23,3,turismo,7,248.0,particular,10594,Baleares,agente,anual,0,72,False,595.74,False
AUTO303925,22,0,turismo,12,204.0,particular,16231,Vizcaya,correduria,anual,0,100,True,486.15,True
AUTO303425,53,29,todoterreno,19,267.0,particular,3827,Barcelona,telefono,mensual,0,128,False,553.48,False
AUTO302818,77,59,moto,17,144.0,particular,3667,Zaragoza,online,mensual,0,126,False,418.15,False
AUTO304217,29,10,moto,6,120.0,mixto,6364,Valencia,agente,anual,0,39,False,367.68,False
AUTO304459,59,36,turismo,6,161.0,mixto,38869,Asturias,agente,mensual,0,117,False,410.59,False
AUTO302308,53,31,furgoneta,14,251.0,particular,23307,Lleida,agente,anual,0,63,True,555.14,True
AUTO302287,72,49,moto,3,292.0,mixto,11415,Cantabria,online,mensual,0,6,False,508.36,False
AUTO300969,65,46,furgoneta,1,136.0,particular,19869,Valencia,correduria,mensual,0,105,False,309.98,True
AUTO300057,43,21,turismo,1,71.0,particular,17660,Madrid,agente,mensual,1,5,False,406.5,False
AUTO300314,56,34,turismo,2,183.0,particular,28602,Cantabria,telefono,mensual,0,156,False,383.79,False
AUTO302084,65,43,furgoneta,11,124.0,mixto,13460,Tarragona,agente,anual,1,13,False,500.93,False
AUTO304953,29,11,moto,7,299.0,particular,32324,Cantabria,correduria,mensual,0,80,False,552.16,False
AUTO304538,30,8,todoterreno,10,203.0,mixto,11848,Lleida,correduria,mensual,2,149,True,669.53,True
AUTO304224,79,60,furgoneta,10,210.0,particular,4013,Valencia,telefono,anual,1,141,False,479.76,False
AUTO300215,79,59,todoterreno,18,82.0,particular,37989,Madrid,telefono,mensual,0,139,False,251.97,False
AUTO304095,22,4,turismo,12,110.0,particular,7389,Girona,online,mensual,0,25,False,383.55,False
AUTO301437,58,35,turismo,15,205.0,particular,12148,Alicante,online,anual,0,101,False,438.98,False
AUTO302616,42,19,turismo,12,240.0,mixto,3758,Cantabria,agente,mensual,0,73,False,475.84,False
AUTO300643,55,37,turismo,11,142.0,particular,31836,A Coruna,telefono,mensual,0,23,False,376.15,False
AUTO301799,49,31,turismo,10,200.0,mixto,25430,Barcelona,telefono,mensual,0,73,False,447.35,False
AUTO300069,47,25,turismo,6,107.0,particular,15545,Lleida,agente,mensual,1,50,False,461.4,False
AUTO301347,20,0,turismo,4,236.0,particular,10992,A Coruna,correduria,mensual,1,73,False,665.27,False
AUTO300330,67,45,turismo,10,213.0,mixto,29720,Sevilla,online,mensual,0,2,False,403.95,False
AUTO300908,26,8,turismo,8,89.0,particular,31115,Malaga,telefono,anual,1,58,False,435.92,False
AUTO304722,77,54,todoterreno,0,274.0,particular,11148,Tarragona,correduria,mensual,0,71,False,482.86,False
AUTO303902,56,34,turismo,6,109.0,particular,22873,Malaga,correduria,anual,0,49,False,323.63,False
AUTO303428,29,5,moto,10,231.0,mixto,29599,Asturias,telefono,mensual,2,61,False,621.38,False
AUTO304047,78,57,moto,11,87.0,particular,14428,Vizcaya,telefono,mensual,2,151,False,514.06,False
AUTO304992,78,57,turismo,14,116.0,particular,26816,Valencia,online,mensual,0,162,True,347.21,False
AUTO300667,75,51,turismo,18,175.0,mixto,2747,Alicante,telefono,mensual,0,18,False,393.54,False
AUTO303405,66,48,turismo,8,121.0,particular,3434,Valencia,online,anual,0,3,False,328.67,False
AUTO303830,25,3,turismo,3,82.0,particular,11388,Tarragona,online,anual,0,109,False,298.91,True
AUTO300046,77,59,turismo,19,151.0,particular,16121,Valencia,correduria,mensual,0,23,False,405.04,False
AUTO301140,63,39,todoterreno,3,76.0,particular,3493,Barcelona,online,mensual,0,129,False,181.27,False
AUTO304793,59,41,moto,4,272.0,mixto,11785,Asturias,agente,mensual,0,95,False,503.02,False
AUTO304614,34,10,furgoneta,2,117.0,particular,22559,Madrid,telefono,anual,0,3,False,365.88,False
AUTO301627,44,26,turismo,18,193.0,mixto,34720,Vizcaya,online,anual,0,60,False,467.32,False
AUTO304326,46,24,turismo,15,145.0,particular,17243,Tarragona,correduria,anual,0,169,True,459.8,False
AUTO300967,29,9,moto,5,299.0,mixto,17918,Madrid,telefono,mensual,0,64,False,540.55,False
AUTO301691,75,56,moto,5,247.0,particular,18414,Barcelona,telefono,anual,1,38,False,583.32,False
AUTO301689,28,9,turismo,0,206.0,particular,7510,Sevilla,agente,mensual,0,110,False,412.86,False
AUTO302299,53,32,turismo,10,159.0,mixto,4725,Baleares,correduria,mensual,2,84,False,566.94,False
AUTO303615,39,19,turismo,3,291.0,particular,35103,Madrid,agente,mensual,1,164,False,685.66,False
AUTO303800,33,15,turismo,1,96.0,particular,8701,Asturias,agente,anual,0,3,False,364.18,False
AUTO300410,38,20,turismo,10,128.0,mixto,25542,Baleares,correduria,mensual,1,99,True,489.3,False
AUTO300799,43,23,turismo,15,125.0,particular,19915,A Coruna,online,mensual,1,19,False,449.11,True
AUTO301818,79,57,turismo,7,185.0,mixto,9242,Madrid,correduria,mensual,1,133,False,380.51,False
AUTO304234,33,12,turismo,2,81.0,mixto,8220,Zaragoza,telefono,anual,0,142,False,373.25,False
AUTO303380,44,24,moto,8,132.0,particular,38914,Girona,online,mensual,1,101,False,428.07,False
AUTO304286,67,44,turismo,14,60.0,particular,12448,Sevilla,agente,anual,0,87,True,232.0,True
AUTO300333,42,24,moto,0,,particular,10193,Baleares,correduria,mensual,0,135,False,415.75,False
AUTO303984,25,5,turismo,8,111.0,particular,35941,Barcelona,agente,anual,1,155,False,432.15,False
AUTO300854,19,1,turismo,3,161.0,particular,35493,Asturias,correduria,anual,0,90,False,393.65,False
AUTO304338,53,34,furgoneta,5,243.0,particular,7745,Cantabria,correduria,mensual,0,58,False,531.79,False
AUTO301261,42,23,furgoneta,17,144.0,particular,17240,Madrid,correduria,mensual,0,68,False,370.27,True
AUTO304256,74,51,turismo,0,240.0,particular,5914,Malaga,telefono,mensual,2,28,False,702.49,False
AUTO303697,43,19,turismo,13,198.0,mixto,22803,Barcelona,agente,anual,0,131,False,511.2,False
AUTO300049,22,4,turismo,19,97.0,particular,6928,Vizcaya,online,mensual,1,36,False,450.35,False
AUTO302870,29,7,turismo,8,173.0,particular,36323,Valencia,online,mensual,0,178,False,439.33,True
AUTO300480,32,13,turismo,14,88.0,particular,2395,Sevilla,online,mensual,0,177,False,356.1,True
AUTO304465,54,30,turismo,2,200.0,particular,15343,Zaragoza,correduria,mensual,0,103,False,497.83,False
AUTO304965,37,15,turismo,3,130.0,particular,28524,Baleares,telefono,anual,1,142,False,489.08,False
AUTO300374,71,47,turismo,12,136.0,particular,3414,Barcelona,online,anual,0,95,False,345.25,False
AUTO302342,49,28,turismo,15,215.0,particular,8443,Sevilla,online,anual,1,90,False,576.76,False
AUTO300741,55,35,moto,2,291.0,particular,36276,Barcelona,correduria,mensual,0,70,False,494.04,False
AUTO303975,45,21,turismo,3,260.0,particular,6444,A Coruna,online,mensual,0,67,False,503.27,False
AUTO302698,70,52,todoterreno,5,214.0,mixto,19718,Baleares,correduria,mensual,0,37,False,403.76,False
AUTO304586,51,28,moto,8,233.0,particular,34887,Cantabria,online,anual,1,14,False,572.66,False
AUTO302712,54,31,turismo,5,197.0,particular,30109,Vizcaya,online,anual,0,76,False,396.29,False
AUTO301605,41,22,furgoneta,16,147.0,particular,28864,Lleida,correduria,anual,1,30,False,576.97,False
AUTO302168,70,51,turismo,12,98.0,particular,25858,Tarragona,correduria,anual,0,46,False,260.74,False
AUTO302744,52,32,turismo,3,199.0,particular,13521,Valencia,online,mensual,0,155,True,404.01,False
AUTO302980,69,47,turismo,14,261.0,mixto,38437,Valencia,correduria,anual,0,55,False,411.25,False
AUTO302830,29,8,turismo,11,140.0,particular,11436,Alicante,correduria,mensual,0,160,False,401.82,False
AUTO301439,64,46,turismo,15,86.0,particular,28445,A Coruna,agente,mensual,0,7,False,269.78,False
AUTO303102,23,2,moto,17,,particular,34200,Cantabria,correduria,mensual,1,36,False,565.33,False
AUTO301483,40,17,turismo,2,224.0,particular,34724,Cantabria,correduria,mensual,1,110,False,538.25,False
AUTO302331,66,44,turismo,5,138.0,particular,9583,Malaga,online,anual,0,17,False,303.91,False
AUTO303245,73,53,furgoneta,1,215.0,particular,25738,Madrid,agente,anual,0,5,True,437.75,False
AUTO303636,78,54,todoterreno,3,110.0,particular,30033,Lleida,online,mensual,0,15,True,320.52,False
AUTO304432,46,24,turismo,0,151.0,particular,6148,Barcelona,agente,mensual,0,165,False,417.54,False
AUTO302186,26,4,turismo,9,151.0,particular,32395,A Coruna,telefono,anual,1,60,False,581.21,False
AUTO302692,66,42,moto,12,135.0,particular,29232,Alicante,correduria,anual,0,106,False,420.87,False
AUTO304502,66,46,moto,3,157.0,mixto,35246,Cantabria,correduria,mensual,1,27,False,395.95,False
AUTO300863,28,6,turismo,0,66.0,mixto,28470,A Coruna,correduria,mensual,0,172,True,333.36,False
AUTO302614,59,38,moto,17,121.0,particular,4049,Asturias,agente,anual,0,173,False,320.17,False
AUTO304393,41,23,furgoneta,4,189.0,particular,4218,Valencia,agente,mensual,0,147,False,517.4,False
AUTO301736,20,0,todoterreno,15,118.0,particular,38294,Asturias,agente,mensual,0,90,False,451.13,False
AUTO301374,26,7,todoterreno,13,73.0,particular,14300,Madrid,online,anual,1,91,False,450.37,False
AUTO303139,19,0,turismo,14,78.0,particular,39885,Sevilla,agente,mensual,1,88,False,535.92,False
AUTO300788,24,5,todoterreno,8,196.0,particular,24243,Asturias,agente,mensual,0,13,False,442.88,False
AUTO304978,37,15,turismo,9,90.0,particular,34361,Zaragoza,telefono,anual,0,13,False,324.05,False
AUTO303446,32,8,moto,1,274.0,particular,8261,Madrid,agente,anual,0,70,False,632.82,False
AUTO300256,42,21,turismo,16,200.0,particular,27360,Sevilla,agente,anual,0,115,False,512.99,False
AUTO302447,74,55,furgoneta,10,189.0,particular,13245,Asturias,telefono,mensual,0,4,False,405.21,False
AUTO301642,53,33,todoterreno,12,285.0,mixto,21025,Sevilla,online,anual,1,138,False,626.05,False
AUTO302738,34,14,todoterreno,18,238.0,particular,15060,Tarragona,agente,anual,0,153,False,556.41,False
AUTO303633,22,0,turismo,4,235.0,particular,24448,Vizcaya,telefono,anual,0,24,True,463.37,False
AUTO304315,28,5,turismo,18,209.0,mixto,27252,Lleida,agente,mensual,0,15,False,519.61,False
AUTO304077,77,57,turismo,19,287.0,particular,26230,Baleares,online,mensual,0,172,False,567.63,False
AUTO304089,40,21,turismo,4,172.0,mixto,35167,Malaga,agente,mensual,0,154,False,416.6,False
AUTO301121,47,26,turismo,3,81.0,particular,34545,Zaragoza,correduria,anual,0,125,False,237.04,False
AUTO300539,25,6,turismo,0,190.0,mixto,15508,Malaga,online,mensual,0,96,False,512.51,False
AUTO304038,62,39,furgoneta,19,94.0,particular,9289,Lleida,agente,mensual,0,64,False,320.79,False
AUTO304595,52,34,turismo,7,201.0,particular,26046,Valencia,telefono,anual,2,35,False,632.18,False
AUTO301544,29,8,turismo,2,105.0,mixto,38121,Valencia,telefono,anual,0,126,False,429.99,False
AUTO302221,38,19,moto,19,105.0,particular,10876,Vizcaya,correduria,mensual,0,9,True,384.1,False
AUTO303404,78,54,turismo,17,72.0,mixto,21116,Asturias,online,anual,1,104,False,444.05,False
AUTO301175,41,22,turismo,16,239.0,particular,32674,Sevilla,online,mensual,0,126,False,468.47,False
AUTO304384,63,44,furgoneta,18,174.0,particular,21082,Malaga,correduria,anual,0,24,False,439.24,False
AUTO303234,39,18,moto,13,132.0,particular,35221,Barcelona,correduria,mensual,1,166,False,446.6,True
AUTO300781,68,50,turismo,13,151.0,particular,32971,Alicante,online,mensual,0,43,False,381.77,True
AUTO302480,45,22,todoterreno,4,295.0,particular,3175,A Coruna,correduria,mensual,0,22,True,523.12,False
AUTO300646,53,32,turismo,15,86.0,particular,29068,Vizcaya,online,anual,1,95,False,440.11,False
AUTO304413,44,20,turismo,2,131.0,particular,10814,Lleida,agente,mensual,1,150,False,379.09,False
AUTO301985,65,46,turismo,9,217.0,particular,22461,Asturias,agente,mensual,1,142,False,495.59,False
AUTO302811,51,31,furgoneta,15,254.0,mixto,25574,Barcelona,correduria,mensual,0,8,False,484.78,False
AUTO300418,62,41,turismo,6,298.0,particular,13285,Girona,telefono,mensual,0,86,False,603.03,False
AUTO304882,58,40,turismo,7,184.0,mixto,13799,Sevilla,telefono,mensual,0,146,True,379.59,False
AUTO304296,32,12,todoterreno,4,139.0,particular,11701,Madrid,online,anual,0,103,True,439.68,False
AUTO300168,49,27,turismo,4,250.0,particular,37200,Barcelona,online,mensual,2,58,False,665.15,True
AUTO303529,44,20,turismo,19,178.0,particular,21825,Tarragona,telefono,anual,0,89,False,535.82,False
AUTO301581,28,4,turismo,6,275.0,particular,2534,Barcelona,correduria,anual,0,43,False,606.98,False
AUTO302544,66,44,furgoneta,14,146.0,particular,33175,Barcelona,agente,anual,0,170,False,284.17,False
AUTO301199,35,14,moto,2,239.0,particular,6218,Cantabria,correduria,mensual,0,104,True,495.76,False
AUTO304941,45,21,turismo,15,288.0,mixto,4065,Vizcaya,agente,mensual,0,1,False,569.91,True
AUTO301558,46,26,todoterreno,2,112.0,mixto,26842,A Coruna,agente,mensual,0,141,False,355.71,False
AUTO303674,33,15,moto,19,146.0,particular,14958,Vizcaya,agente,anual,0,121,False,463.03,False
AUTO300999,62,44,turismo,11,97.0,particular,18864,Girona,online,anual,1,49,False,378.5,True
AUTO302651,60,41,todoterreno,9,241.0,particular,2542,Tarragona,correduria,mensual,0,5,False,384.28,True
AUTO302774,62,40,turismo,14,,particular,39291,A Coruna,agente,anual,1,67,False,520.25,False
AUTO303732,67,49,turismo,0,113.0,particular,11616,Tarragona,correduria,anual,0,74,False,306.13,False
AUTO301449,79,56,turismo,14,155.0,particular,24805,A Coruna,telefono,mensual,0,156,False,328.81,True
AUTO303901,79,61,furgoneta,11,252.0,particular,22243,Vizcaya,online,anual,0,121,False,391.58,False
AUTO301757,67,49,turismo,7,,particular,34452,Tarragona,online,mensual,0,162,False,457.17,True
AUTO303786,40,18,turismo,7,139.0,particular,25104,Madrid,online,mensual,1,119,False,486.94,False
AUTO304952,21,0,turismo,8,241.0,particular,38180,Lleida,telefono,anual,1,92,False,607.21,False
AUTO302262,37,14,moto,11,127.0,particular,38172,Vizcaya,correduria,anual,0,103,False,373.02,False
AUTO300586,69,50,furgoneta,10,112.0,particular,12598,Alicante,telefono,mensual,0,20,True,292.86,False
AUTO300813,79,58,turismo,0,97.0,particular,22355,Alicante,telefono,mensual,0,34,False,239.18,False
AUTO301945,78,59,turismo,8,294.0,particular,37573,Lleida,telefono,mensual,0,35,False,433.8,False
AUTO304875,21,0,turismo,17,71.0,particular,4839,Barcelona,online,mensual,1,155,False,473.46,True
AUTO303186,22,0,turismo,18,93.0,particular,28906,Lleida,correduria,mensual,1,145,False,514.04,False
AUTO303244,23,0,turismo,3,218.0,particular,28015,Alicante,correduria,mensual,0,52,True,468.92,True
AUTO304726,34,10,furgoneta,12,196.0,particular,4751,Barcelona,telefono,mensual,0,155,True,494.61,False
AUTO301334,31,11,furgoneta,14,265.0,particular,20123,Malaga,agente,anual,0,115,False,603.73,False
AUTO301780,30,7,turismo,2,154.0,mixto,31632,Asturias,online,mensual,0,47,False,415.18,False
AUTO301749,73,55,todoterreno,8,135.0,mixto,16890,Valencia,telefono,mensual,0,25,False,341.37,False
AUTO302328,49,26,furgoneta,10,260.0,particular,9748,Malaga,telefono,mensual,0,39,False,510.03,False
AUTO301266,76,52,todoterreno,6,152.0,particular,28796,Vizcaya,correduria,anual,0,143,False,329.41,True
AUTO301100,74,56,turismo,5,114.0,particular,7952,A Coruna,correduria,mensual,2,124,False,444.69,True
AUTO302266,77,54,turismo,2,154.0,particular,4207,Asturias,telefono,anual,1,126,False,386.85,False
AUTO304644,75,51,furgoneta,3,110.0,particular,22500,Malaga,online,mensual,2,176,True,497.43,True
AUTO301011,74,55,turismo,7,118.0,mixto,10998,Valencia,telefono,mensual,0,96,False,335.03,False
AUTO300870,24,3,turismo,11,88.0,particular,10017,Alicante,agente,anual,0,88,False,389.98,False
AUTO304647,58,38,moto,19,84.0,particular,17231,Baleares,agente,mensual,0,89,False,336.53,False
AUTO304031,52,32,turismo,10,93.0,particular,39887,Cantabria,correduria,mensual,0,17,False,244.64,False
AUTO300363,48,26,turismo,13,,particular,4290,A Coruna,agente,anual,1,107,False,452.14,False
AUTO302376,27,9,moto,3,291.0,particular,14921,Madrid,agente,mensual,0,27,False,594.65,True
AUTO304470,59,39,turismo,2,255.0,particular,5931,Cantabria,agente,anual,0,69,False,483.93,False
AUTO304225,33,15,turismo,11,227.0,particular,24043,Zaragoza,online,anual,2,95,False,702.94,False
AUTO301994,30,7,turismo,17,250.0,mixto,29844,Madrid,online,anual,0,86,False,534.51,False
AUTO303339,77,56,turismo,13,202.0,particular,32184,Alicante,telefono,anual,0,16,False,396.69,False
AUTO301519,44,22,turismo,1,298.0,particular,12116,Girona,online,mensual,0,136,True,614.55,False
AUTO304371,63,42,turismo,5,146.0,particular,32920,Lleida,agente,anual,1,37,True,413.09,False
AUTO302498,67,46,turismo,18,226.0,particular,39899,Asturias,telefono,anual,0,61,True,474.72,False
AUTO303286,48,28,todoterreno,17,177.0,mixto,9544,A Coruna,agente,anual,2,86,False,600.03,False
AUTO301047,18,0,todoterreno,18,152.0,particular,10699,Baleares,correduria,anual,2,108,True,654.55,False
AUTO300128,66,43,turismo,4,182.0,particular,5772,Malaga,agente,anual,0,138,False,389.19,False
AUTO302268,46,27,turismo,2,175.0,mixto,33329,Alicante,agente,anual,0,54,True,434.65,False
AUTO302177,76,53,turismo,9,196.0,particular,11946,Sevilla,online,mensual,0,170,False,405.1,False
AUTO301553,20,0,furgoneta,4,249.0,particular,13930,Malaga,correduria,mensual,1,32,False,576.5,False
AUTO303500,47,24,turismo,17,148.0,particular,20363,Malaga,online,mensual,1,137,False,511.03,False
AUTO303939,41,19,turismo,18,81.0,particular,34134,A Coruna,telefono,mensual,0,175,False,321.9,False
AUTO304119,41,17,moto,0,290.0,particular,24077,Malaga,correduria,mensual,1,103,False,684.31,True
AUTO303483,36,13,turismo,5,169.0,mixto,14649,Alicante,agente,mensual,0,39,False,410.18,False
AUTO303417,49,30,turismo,12,265.0,particular,36018,Sevilla,online,mensual,0,164,False,634.42,False
AUTO301771,18,0,furgoneta,14,241.0,particular,2569,Baleares,correduria,mensual,0,74,False,537.22,False
AUTO300325,19,0,furgoneta,15,192.0,mixto,25953,Cantabria,telefono,mensual,0,46,False,537.34,False
AUTO302050,45,26,turismo,7,162.0,mixto,5705,Madrid,telefono,anual,0,6,False,297.39,False
AUTO300620,53,35,moto,4,277.0,mixto,30382,Alicante,online,mensual,1,176,True,526.61,False
AUTO302595,79,59,todoterreno,3,285.0,particular,37265,Vizcaya,correduria,mensual,1,143,False,621.98,False
AUTO303163,48,28,moto,9,294.0,particular,16064,Girona,online,anual,0,165,False,522.64,False
AUTO303851,28,5,todoterreno,19,256.0,particular,29227,Madrid,agente,mensual,0,124,False,618.06,False
AUTO300127,62,42,turismo,7,158.0,particular,23835,Barcelona,telefono,anual,0,160,True,408.89,True
AUTO301284,68,46,todoterreno,11,130.0,mixto,33751,Baleares,correduria,mensual,1,144,False,421.61,True
AUTO302571,66,43,turismo,7,219.0,mixto,2366,Lleida,agente,anual,0,92,False,506.77,False
AUTO300306,47,27,turismo,1,229.0,particular,15005,Girona,online,mensual,0,58,True,441.61,False
AUTO302890,36,16,turismo,1,105.0,particular,9998,Asturias,correduria,mensual,0,142,False,367.59,False
AUTO301218,48,24,furgoneta,4,243.0,particular,34823,Baleares,correduria,anual,0,131,False,445.12,False
AUTO304501,25,1,moto,16,133.0,particular,21006,A Coruna,agente,mensual,0,56,False,434.65,False
AUTO303711,20,0,turismo,17,134.0,particular,32252,A Coruna,telefono,mensual,1,35,False,600.79,False
AUTO301976,75,51,turismo,6,115.0,particular,36482,Sevilla,correduria,mensual,1,62,False,396.25,True
AUTO302464,62,44,turismo,3,174.0,particular,20117,Tarragona,telefono,mensual,1,42,False,521.63,False
AUTO301280,66,44,turismo,0,130.0,particular,33968,Asturias,telefono,anual,0,108,False,356.36,False
AUTO302040,38,16,turismo,8,261.0,particular,5044,Sevilla,agente,mensual,0,129,False,553.04,False
AUTO304687,28,9,turismo,7,247.0,particular,9201,Asturias,correduria,anual,0,39,True,578.22,False
AUTO302253,51,29,turismo,14,294.0,particular,38697,Alicante,correduria,anual,0,122,False,629.24,False
AUTO304102,25,4,furgoneta,12,189.0,particular,21477,Baleares,online,mensual,1,24,False,588.66,False
AUTO303626,23,4,turismo,15,288.0,particular,4879,Alicante,agente,mensual,0,102,False,722.51,False
AUTO301028,38,17,furgoneta,8,76.0,particular,18080,Zaragoza,telefono,mensual,0,75,False,358.64,False
AUTO302939,73,51,turismo,17,257.0,mixto,8842,Lleida,agente,anual,0,111,False,489.22,False
AUTO301539,39,19,turismo,16,196.0,mixto,24608,Zaragoza,telefono,mensual,0,36,False,498.72,False
AUTO304374,61,38,turismo,15,150.0,particular,28330,Valencia,online,mensual,0,172,False,337.64,True
AUTO304764,23,0,furgoneta,12,144.0,particular,3600,Baleares,agente,anual,1,81,False,482.46,False
AUTO303246,42,22,turismo,5,277.0,particular,28002,Cantabria,telefono,mensual,0,85,True,547.84,True
AUTO301003,63,44,furgoneta,9,222.0,particular,31700,Sevilla,online,anual,0,81,False,514.44,False
AUTO302375,33,13,moto,19,159.0,particular,22768,Lleida,correduria,mensual,0,53,False,513.8,False
AUTO301803,75,56,moto,10,281.0,particular,11054,Cantabria,telefono,anual,1,81,False,563.94,False
AUTO304673,47,26,turismo,0,280.0,particular,19924,Tarragona,correduria,mensual,0,14,False,556.59,True
AUTO300647,26,6,turismo,13,162.0,particular,11108,Vizcaya,correduria,anual,0,177,False,456.58,False
AUTO300639,22,0,turismo,4,273.0,particular,38065,Cantabria,telefono,mensual,0,49,True,580.98,False
AUTO301066,44,23,moto,12,276.0,mixto,31442,Asturias,correduria,mensual,1,126,True,625.27,False
AUTO302387,55,35,turismo,11,114.0,particular,7845,Tarragona,agente,anual,0,145,False,366.09,False
AUTO301522,70,48,turismo,5,227.0,particular,27927,Sevilla,correduria,mensual,1,74,False,533.8,False
AUTO302958,39,16,furgoneta,19,232.0,mixto,21505,Tarragona,online,mensual,0,30,False,509.55,False
AUTO303854,51,33,turismo,12,75.0,mixto,10361,Asturias,online,anual,0,65,False,357.57,False
AUTO300391,61,41,furgoneta,15,96.0,particular,28837,Baleares,telefono,anual,0,7,False,366.47,False
AUTO301036,38,20,todoterreno,18,202.0,particular,27419,Vizcaya,online,mensual,0,94,False,441.23,False
AUTO300872,61,38,turismo,10,269.0,particular,30741,Girona,online,mensual,2,82,False,718.86,True
AUTO302819,28,8,turismo,9,130.0,particular,32498,Baleares,telefono,anual,0,76,False,461.85,False
AUTO302972,53,31,todoterreno,14,111.0,particular,14261,Alicante,agente,mensual,0,120,True,338.58,False
AUTO302453,18,0,furgoneta,7,158.0,particular,38795,Asturias,telefono,mensual,1,177,False,502.38,True
AUTO304007,21,1,furgoneta,14,211.0,mixto,37283,Madrid,agente,mensual,0,70,True,477.89,False
AUTO302994,74,50,turismo,18,102.0,particular,4556,Madrid,telefono,anual,0,167,True,269.35,False
AUTO300913,50,30,todoterreno,19,223.0,mixto,38808,Cantabria,telefono,mensual,1,108,False,569.9,True
AUTO301364,28,7,turismo,10,166.0,particular,16091,Alicante,agente,anual,1,129,False,559.26,False
AUTO304997,57,37,turismo,0,239.0,mixto,22234,Barcelona,agente,mensual,0,119,False,469.35,False
AUTO300725,62,42,turismo,1,273.0,mixto,13799,Barcelona,correduria,mensual,0,18,False,500.69,False
AUTO302097,34,15,turismo,14,134.0,particular,30396,Zaragoza,agente,mensual,0,7,False,421.15,False
AUTO301198,19,0,turismo,16,193.0,mixto,38267,Madrid,correduria,mensual,1,113,False,620.77,False
AUTO301150,44,22,moto,11,227.0,particular,4922,Tarragona,agente,mensual,0,148,False,551.11,False
AUTO300279,70,50,turismo,13,238.0,particular,12560,Madrid,telefono,mensual,0,173,False,420.48,True
AUTO303117,79,56,moto,5,122.0,particular,25583,Baleares,agente,anual,0,45,False,313.28,False
AUTO300823,64,40,turismo,19,,mixto,17233,Barcelona,correduria,anual,1,124,False,350.77,False
AUTO301333,71,50,turismo,9,60.0,particular,30774,Zaragoza,telefono,mensual,0,55,False,282.99,False
AUTO302956,30,7,furgoneta,7,262.0,mixto,38375,Tarragona,telefono,anual,0,95,False,514.62,False
AUTO302485,24,2,turismo,2,264.0,mixto,25701,Zaragoza,correduria,mensual,0,100,False,550.4,False
AUTO300987,37,16,turismo,19,180.0,particular,12668,Tarragona,telefono,anual,0,83,False,466.94,False
AUTO302043,79,60,moto,12,116.0,particular,19375,Barcelona,online,mensual,0,113,False,286.68,False
AUTO300774,33,12,turismo,6,87.0,particular,29019,Valencia,correduria,mensual,0,159,False,414.82,True
AUTO304331,71,50,moto,6,,particular,11066,Lleida,correduria,anual,0,83,True,489.22,False
AUTO303985,27,6,turismo,17,242.0,particular,13956,Madrid,online,mensual,0,31,False,512.51,False
AUTO302587,35,15,furgoneta,14,282.0,particular,8989,Tarragona,agente,anual,0,2,False,512.48,False
AUTO300521,74,53,furgoneta,10,145.0,particular,23218,Vizcaya,correduria,mensual,0,139,False,366.5,False
AUTO302806,20,0,turismo,15,103.0,particular,34901,Lleida,telefono,anual,1,73,False,421.18,False
AUTO301142,65,42,turismo,7,228.0,particular,4381,Madrid,agente,mensual,1,98,True,613.68,False
AUTO304912,69,45,turismo,19,99.0,particular,10173,Tarragona,telefono,mensual,0,102,False,356.09,False
AUTO303179,46,26,turismo,16,247.0,particular,3022,Vizcaya,correduria,anual,0,86,False,534.44,False
AUTO303530,51,29,turismo,8,124.0,mixto,22320,Valencia,agente,mensual,1,149,False,334.68,False
AUTO300527,25,2,furgoneta,1,183.0,particular,24795,Alicante,agente,mensual,0,23,False,478.85,False
AUTO301046,76,56,turismo,4,281.0,particular,24615,Alicante,agente,anual,0,85,False,486.06,False
AUTO300584,43,22,turismo,7,242.0,particular,31993,Zaragoza,agente,mensual,0,55,False,474.14,True
AUTO301891,23,4,turismo,8,119.0,particular,37606,Tarragona,online,mensual,0,88,False,397.54,False
AUTO301504,49,29,turismo,4,188.0,particular,24706,Zaragoza,telefono,anual,0,7,False,445.01,False
AUTO302849,69,46,turismo,0,179.0,particular,10542,Malaga,online,anual,1,110,False,473.47,False
AUTO303587,21,0,turismo,13,284.0,mixto,18177,Barcelona,online,mensual,0,133,False,581.72,False
AUTO302226,38,14,moto,14,270.0,particular,17032,Tarragona,agente,anual,0,110,False,551.05,False
AUTO301904,52,30,turismo,1,182.0,particular,17477,Tarragona,telefono,anual,0,166,False,384.67,False
AUTO304035,22,4,turismo,17,189.0,mixto,30882,Sevilla,agente,anual,1,16,False,626.4,False
AUTO300499,66,45,turismo,10,118.0,mixto,31515,Alicante,telefono,anual,0,125,False,395.99,False
AUTO300956,28,7,moto,3,110.0,particular,11636,Zaragoza,agente,anual,0,160,False,332.36,False
AUTO303577,19,0,turismo,16,244.0,particular,24374,Girona,telefono,anual,0,99,False,554.42,False
AUTO303565,41,23,turismo,18,273.0,particular,26847,Asturias,telefono,mensual,0,99,False,519.31,False
AUTO300000,21,0,furgoneta,2,268.0,mixto,7644,Vizcaya,telefono,anual,1,158,False,626.4,False
AUTO302072,46,26,turismo,13,126.0,particular,29845,Baleares,agente,anual,0,150,False,394.04,False
AUTO303861,42,19,moto,1,140.0,mixto,13319,Tarragona,online,mensual,1,143,False,455.88,False
AUTO301470,71,50,moto,14,,particular,23894,Madrid,online,mensual,1,23,False,362.46,False
AUTO304203,44,21,moto,15,114.0,mixto,15770,Girona,online,anual,0,79,False,444.32,False
AUTO301085,54,31,turismo,10,217.0,particular,5639,Vizcaya,online,mensual,1,171,True,486.39,True
AUTO303725,32,10,furgoneta,9,279.0,particular,11471,Madrid,correduria,anual,0,65,False,625.95,False
AUTO304013,28,6,turismo,8,116.0,particular,35154,Valencia,telefono,mensual,0,10,False,378.07,False
AUTO304749,76,56,turismo,4,288.0,particular,14531,Madrid,online,anual,0,38,False,524.1,False
AUTO302798,71,51,turismo,10,110.0,particular,24179,Asturias,agente,mensual,0,109,False,269.2,False
AUTO304872,50,28,todoterreno,11,166.0,particular,8704,Cantabria,agente,mensual,0,94,False,477.71,False
AUTO303473,42,20,turismo,9,121.0,particular,20420,Cantabria,online,mensual,0,47,False,484.34,False
AUTO304481,68,45,turismo,14,200.0,particular,28182,Valencia,correduria,mensual,0,106,False,416.09,False
AUTO302212,27,9,turismo,2,224.0,particular,38295,Lleida,telefono,anual,0,146,False,485.99,False
AUTO300159,55,34,turismo,12,80.0,particular,34283,Zaragoza,agente,anual,0,48,False,272.92,False
AUTO304389,54,33,turismo,6,134.0,particular,22837,Malaga,correduria,anual,1,97,False,397.65,False
AUTO301098,70,50,turismo,14,299.0,mixto,19656,Girona,correduria,anual,2,121,False,684.92,False
AUTO301358,34,13,turismo,16,153.0,particular,22894,Malaga,telefono,anual,0,20,True,476.7,False
AUTO301549,43,19,moto,7,128.0,particular,31664,Barcelona,online,anual,0,11,False,360.01,False
AUTO304085,34,10,todoterreno,5,299.0,particular,37909,Madrid,correduria,anual,2,171,False,736.79,False
AUTO302538,59,40,moto,16,235.0,mixto,11957,Valencia,correduria,mensual,0,138,False,499.15,False
AUTO301076,60,36,todoterreno,10,216.0,particular,13143,Malaga,correduria,mensual,0,16,False,415.58,False
AUTO303046,53,33,moto,12,222.0,mixto,16884,Girona,online,mensual,1,64,False,605.42,True
AUTO300659,29,8,moto,12,252.0,particular,24116,Malaga,agente,anual,0,23,False,553.73,False
AUTO302164,35,11,turismo,15,168.0,particular,14480,Malaga,agente,mensual,0,31,False,341.87,False
AUTO300840,62,39,turismo,1,190.0,mixto,39334,Girona,agente,anual,1,63,True,443.96,False
AUTO301029,57,36,moto,13,284.0,particular,34826,Zaragoza,agente,anual,1,173,False,585.17,False
AUTO304562,19,0,turismo,19,165.0,particular,9231,Madrid,agente,anual,1,165,False,648.83,False
AUTO302228,44,25,todoterreno,0,,particular,10391,Sevilla,correduria,anual,0,32,False,426.75,False
AUTO301391,35,17,turismo,18,60.0,mixto,22964,Malaga,online,anual,0,27,False,351.13,False
AUTO304148,32,10,moto,8,105.0,mixto,23474,Girona,correduria,mensual,1,124,False,443.86,True
AUTO300530,75,51,turismo,16,238.0,particular,39210,Baleares,correduria,mensual,1,23,False,646.94,False
AUTO302751,70,46,todoterreno,13,288.0,mixto,26479,Sevilla,agente,mensual,0,161,False,522.07,True
AUTO300368,66,44,furgoneta,10,157.0,mixto,39692,Barcelona,correduria,anual,0,23,False,305.3,False
AUTO300810,71,50,turismo,12,130.0,particular,24902,Vizcaya,telefono,mensual,1,110,False,455.24,False
AUTO304147,75,51,todoterreno,15,108.0,particular,17006,Cantabria,online,anual,0,96,False,271.33,False
AUTO303303,64,44,turismo,1,192.0,mixto,34830,Baleares,agente,mensual,0,103,False,359.93,False
AUTO304741,68,45,turismo,13,183.0,particular,17101,Girona,agente,mensual,1,29,False,493.16,False
AUTO302563,62,39,turismo,18,167.0,particular,6555,Girona,online,mensual,0,2,False,423.17,False
AUTO304759,29,10,todoterreno,10,260.0,mixto,25384,Tarragona,correduria,anual,0,133,False,518.55,False
AUTO300371,41,17,turismo,5,77.0,particular,4247,Sevilla,correduria,anual,0,122,False,277.35,False
AUTO302368,38,20,turismo,7,203.0,particular,21075,Madrid,online,mensual,0,92,False,508.61,False
AUTO300867,77,57,turismo,13,142.0,particular,38173,Alicante,online,mensual,1,107,False,407.02,False
AUTO303317,22,4,turismo,6,292.0,mixto,33700,Malaga,agente,anual,1,130,False,610.21,False
AUTO303028,76,53,todoterreno,17,265.0,mixto,26639,Asturias,telefono,anual,0,27,False,534.44,False
AUTO302835,63,43,turismo,2,147.0,particular,28366,Zaragoza,online,anual,1,134,False,369.23,False
AUTO300551,31,8,moto,13,196.0,mixto,31734,Baleares,agente,anual,0,129,False,450.71,False
AUTO304950,53,31,turismo,17,286.0,mixto,13852,Malaga,correduria,mensual,2,117,False,702.88,False
AUTO300997,59,39,turismo,0,233.0,particular,16716,Baleares,agente,mensual,0,152,False,443.35,False
AUTO303738,21,0,todoterreno,12,275.0,particular,36636,Cantabria,telefono,mensual,1,172,False,663.92,False
AUTO300176,18,0,furgoneta,16,119.0,particular,36667,Malaga,telefono,mensual,1,129,False,524.65,False
AUTO302077,39,19,turismo,16,243.0,particular,16569,Vizcaya,agente,mensual,0,13,False,523.41,False
AUTO303758,21,2,todoterreno,2,61.0,particular,20617,Malaga,agente,mensual,0,77,False,357.36,False
AUTO303409,58,40,moto,13,104.0,particular,3987,Lleida,agente,mensual,1,141,False,463.04,False
AUTO302688,79,55,turismo,7,107.0,particular,12284,Lleida,telefono,mensual,0,136,False,341.55,False
AUTO303439,31,12,moto,9,265.0,particular,38778,Sevilla,telefono,anual,0,147,False,550.14,False
AUTO301651,41,18,turismo,5,188.0,particular,7824,Malaga,correduria,mensual,0,51,False,419.82,False
AUTO304767,78,55,turismo,17,218.0,particular,37686,Vizcaya,correduria,mensual,0,92,False,429.16,False
AUTO302277,62,39,turismo,6,230.0,particular,4790,Madrid,telefono,mensual,1,83,True,518.09,False
AUTO304051,34,11,moto,16,157.0,particular,38772,Vizcaya,agente,mensual,0,29,False,472.83,False
AUTO303507,77,54,furgoneta,13,73.0,particular,8717,Girona,correduria,anual,0,1,False,264.45,False
AUTO302390,61,43,moto,12,60.0,mixto,38947,A Coruna,telefono,mensual,0,48,False,245.9,False
AUTO302714,32,12,furgoneta,7,188.0,particular,9255,Alicante,telefono,anual,0,102,False,510.19,False
AUTO301913,55,32,todoterreno,6,153.0,particular,34548,Tarragona,correduria,mensual,0,21,False,424.11,False
AUTO300143,63,43,turismo,7,162.0,mixto,30949,Sevilla,correduria,mensual,0,136,False,346.48,False
AUTO302235,62,38,turismo,3,217.0,particular,15409,Lleida,online,mensual,0,46,False,429.36,False
AUTO301649,45,22,turismo,6,127.0,mixto,22412,Baleares,agente,anual,2,69,False,606.07,True
AUTO301877,51,27,turismo,3,214.0,mixto,34742,Cantabria,telefono,anual,1,32,False,567.98,False
AUTO304306,66,46,turismo,7,84.0,mixto,26688,Lleida,telefono,mensual,0,19,False,259.88,False
AUTO304124,60,39,turismo,5,110.0,particular,15234,Zaragoza,telefono,anual,0,39,False,278.22,False
AUTO300422,75,54,moto,1,136.0,particular,37697,Madrid,online,mensual,1,59,False,382.17,False
AUTO304683,31,13,moto,15,115.0,mixto,16356,Barcelona,correduria,anual,1,21,False,442.07,False
AUTO301854,44,26,turismo,12,185.0,particular,7182,Girona,agente,anual,0,60,False,485.05,False
AUTO301351,72,54,turismo,7,110.0,mixto,24627,Barcelona,telefono,mensual,0,30,False,302.07,False
AUTO302216,27,5,turismo,3,219.0,particular,14611,Asturias,agente,anual,1,145,False,549.51,False
AUTO300550,73,51,turismo,6,250.0,mixto,9733,Malaga,telefono,anual,0,49,False,422.03,False
AUTO304106,38,17,furgoneta,3,99.0,particular,3396,A Coruna,telefono,mensual,0,9,False,316.1,False
AUTO302238,39,21,turismo,9,167.0,mixto,9706,Malaga,agente,mensual,0,52,False,435.78,False
AUTO302638,23,2,turismo,14,163.0,particular,33280,Baleares,agente,mensual,0,119,False,446.03,False
AUTO303730,70,46,turismo,3,142.0,particular,12980,Asturias,telefono,mensual,0,144,False,287.48,False
AUTO303292,53,29,moto,18,270.0,particular,25135,Sevilla,telefono,mensual,1,41,True,638.39,False
AUTO302158,29,7,turismo,15,263.0,particular,25096,Zaragoza,agente,anual,1,40,False,736.39,False
AUTO303083,25,7,turismo,3,182.0,mixto,13419,Malaga,correduria,anual,0,111,False,444.27,False
AUTO301241,19,1,furgoneta,17,141.0,particular,38240,Cantabria,correduria,anual,0,84,False,516.61,False
AUTO303689,19,1,turismo,19,209.0,particular,21040,A Coruna,agente,anual,0,144,False,551.79,False
AUTO304395,48,29,turismo,12,189.0,particular,17554,Vizcaya,telefono,anual,0,76,True,465.96,False
AUTO302086,41,20,turismo,13,296.0,particular,31303,Valencia,agente,anual,1,64,False,627.65,False
AUTO301430,60,41,turismo,4,75.0,particular,33151,Girona,telefono,mensual,0,86,False,217.47,True
AUTO302843,31,8,turismo,0,297.0,particular,39374,Asturias,online,anual,1,5,False,592.89,False
AUTO301523,68,45,turismo,9,274.0,particular,18714,Zaragoza,telefono,mensual,0,26,False,514.5,False
AUTO304408,41,23,moto,16,78.0,particular,17834,Asturias,online,anual,0,140,False,396.3,False
AUTO300221,49,27,moto,5,85.0,particular,3685,Sevilla,telefono,anual,0,150,False,299.2,False
AUTO302912,50,26,moto,10,78.0,particular,17028,Zaragoza,agente,mensual,1,25,False,338.37,False
AUTO303968,19,0,moto,11,169.0,particular,20506,A Coruna,telefono,mensual,0,154,True,490.38,False
AUTO300730,22,3,furgoneta,4,,particular,33647,Asturias,correduria,mensual,0,9,False,527.79,False
AUTO304897,24,2,turismo,9,203.0,particular,10569,Lleida,agente,mensual,0,78,False,534.54,True
AUTO301969,78,59,turismo,3,66.0,particular,31723,Vizcaya,telefono,anual,1,28,True,323.9,True
AUTO303586,38,18,turismo,3,74.0,particular,12906,Madrid,agente,anual,0,176,False,350.0,False
AUTO304146,43,23,turismo,10,155.0,particular,3800,Lleida,correduria,mensual,0,67,False,355.77,True
AUTO303665,27,5,furgoneta,18,78.0,mixto,11253,Sevilla,online,mensual,0,161,False,450.16,True
AUTO300589,46,27,turismo,3,81.0,particular,35861,Zaragoza,correduria,anual,0,119,False,266.13,False
AUTO304280,20,0,moto,15,146.0,particular,14525,Tarragona,telefono,anual,0,133,False,505.03,False
AUTO300437,57,37,turismo,4,160.0,particular,32026,Zaragoza,online,mensual,0,26,False,312.96,False
AUTO300068,32,11,turismo,8,241.0,particular,4618,Zaragoza,online,anual,0,157,False,509.63,True
AUTO304261,60,38,todoterreno,2,98.0,particular,21612,Vizcaya,online,anual,0,107,False,276.22,False
AUTO303671,78,56,turismo,17,90.0,mixto,16058,Girona,online,mensual,0,65,False,245.67,False
AUTO301006,77,58,turismo,13,222.0,mixto,24862,Vizcaya,telefono,mensual,0,123,False,394.46,True
AUTO304444,40,20,turismo,17,236.0,mixto,38924,A Coruna,online,mensual,1,85,False,692.86,True
AUTO303762,39,16,todoterreno,1,256.0,particular,34509,Alicante,agente,anual,0,151,False,508.11,False
AUTO302229,53,33,turismo,16,261.0,particular,32173,Barcelona,correduria,mensual,0,147,False,517.09,False
AUTO301065,53,35,turismo,14,126.0,particular,36151,Lleida,agente,mensual,1,8,False,443.32,False
AUTO300545,40,16,turismo,14,225.0,particular,30063,Asturias,telefono,anual,0,78,False,546.16,False
AUTO304387,26,7,turismo,10,192.0,particular,20139,Zaragoza,correduria,mensual,0,32,False,511.19,False
AUTO300791,44,24,turismo,11,97.0,particular,18265,Madrid,agente,mensual,0,56,False,377.81,False
AUTO302827,23,2,turismo,2,168.0,particular,12856,Zaragoza,correduria,mensual,0,77,True,364.48,False
AUTO304320,38,19,turismo,7,269.0,particular,27151,Valencia,agente,mensual,1,92,True,602.12,True
AUTO300498,19,0,moto,16,247.0,particular,34457,A Coruna,agente,mensual,0,6,False,555.69,False
AUTO301311,50,28,turismo,16,193.0,mixto,5961,Valencia,telefono,mensual,3,9,False,720.63,False
AUTO302631,35,12,todoterreno,3,208.0,particular,25894,Alicante,online,anual,1,154,False,515.87,False
AUTO303415,48,28,todoterreno,5,94.0,particular,26831,Tarragona,telefono,anual,0,125,False,240.5,False
AUTO302278,57,34,turismo,2,145.0,particular,22271,Valencia,agente,mensual,0,67,False,345.19,False
AUTO304801,79,61,turismo,7,226.0,particular,15713,Alicante,telefono,anual,0,89,False,390.83,False
AUTO300206,20,0,furgoneta,12,184.0,mixto,16013,Madrid,telefono,mensual,0,4,False,524.82,True
AUTO302674,75,57,turismo,4,261.0,mixto,30006,Tarragona,agente,anual,0,4,False,468.7,False
AUTO302124,50,32,turismo,17,129.0,particular,17146,Alicante,agente,anual,1,179,False,476.49,False
AUTO303155,34,12,todoterreno,17,280.0,particular,32553,Sevilla,online,anual,1,168,False,715.89,True
AUTO300555,61,39,turismo,16,78.0,particular,28197,Barcelona,online,mensual,0,114,False,273.75,False
AUTO302948,70,48,furgoneta,18,271.0,particular,22524,Asturias,correduria,mensual,0,114,False,491.71,False
AUTO303739,27,8,turismo,0,295.0,particular,12030,Alicante,telefono,mensual,0,13,False,569.27,False
AUTO304766,67,46,turismo,0,159.0,particular,16697,Tarragona,telefono,mensual,1,118,True,396.86,False
AUTO302746,43,23,todoterreno,15,106.0,particular,3126,Cantabria,telefono,mensual,0,103,False,431.78,False
AUTO300263,25,3,turismo,3,246.0,particular,16099,Barcelona,online,mensual,0,128,False,549.57,True
AUTO303395,46,22,todoterreno,19,232.0,particular,32004,Madrid,agente,anual,0,108,False,542.78,False
AUTO302777,36,17,turismo,1,275.0,particular,11372,Zaragoza,correduria,anual,0,140,False,573.56,False
AUTO304518,25,2,moto,19,128.0,mixto,37794,Cantabria,online,mensual,0,35,False,401.48,False
AUTO301905,34,10,todoterreno,7,126.0,particular,18900,Valencia,telefono,mensual,0,2,False,427.43,False
AUTO304046,52,33,turismo,13,124.0,particular,19539,Asturias,correduria,mensual,0,39,True,385.43,True
AUTO303064,43,21,turismo,19,235.0,mixto,32931,Vizcaya,correduria,mensual,0,123,False,504.86,False
AUTO303699,30,12,turismo,10,209.0,particular,8017,Lleida,agente,anual,0,58,False,493.39,True
AUTO303002,32,13,moto,2,281.0,mixto,19915,Asturias,agente,anual,0,176,False,547.03,False
AUTO300420,18,0,turismo,7,298.0,particular,19375,Baleares,telefono,anual,0,102,False,582.41,False
AUTO302782,19,0,turismo,9,242.0,particular,13752,Vizcaya,telefono,mensual,0,166,False,526.06,False
AUTO302325,49,25,turismo,16,228.0,particular,19660,Asturias,online,mensual,1,124,False,557.14,False
AUTO300933,78,58,todoterreno,14,224.0,particular,14638,Vizcaya,telefono,mensual,2,106,False,565.92,True
AUTO301516,49,26,turismo,6,226.0,particular,17591,Baleares,correduria,mensual,0,100,False,515.2,False
AUTO304613,46,27,turismo,0,161.0,particular,24752,Madrid,correduria,mensual,0,127,False,417.16,False
AUTO300898,25,7,furgoneta,5,184.0,particular,25517,Malaga,correduria,anual,0,162,False,439.45,False
AUTO303792,75,55,todoterreno,10,101.0,particular,11742,Vizcaya,online,mensual,0,126,True,290.81,True
AUTO301146,73,50,turismo,9,221.0,particular,19331,Baleares,telefono,anual,1,167,True,608.0,True
AUTO300200,45,24,furgoneta,14,130.0,particular,3106,Alicante,agente,mensual,0,148,True,337.72,False
AUTO304799,68,46,turismo,9,138.0,mixto,35824,Asturias,correduria,anual,0,98,False,414.25,False
AUTO301563,52,31,turismo,19,111.0,particular,10684,Sevilla,online,mensual,1,9,False,467.88,False
AUTO302526,79,59,turismo,9,74.0,particular,21101,Vizcaya,correduria,mensual,2,18,False,411.75,False
AUTO302242,73,50,turismo,19,84.0,mixto,33968,Cantabria,agente,anual,0,150,False,333.85,False
AUTO303228,34,11,moto,17,87.0,particular,10980,Vizcaya,online,anual,0,10,False,425.07,False
AUTO302787,69,51,turismo,9,284.0,particular,12070,Baleares,agente,anual,1,12,False,578.87,False
AUTO303977,51,32,turismo,15,156.0,particular,25832,Valencia,online,anual,0,1,False,412.38,False
AUTO301318,45,25,turismo,12,94.0,mixto,20179,A Coruna,correduria,mensual,0,24,False,272.54,False
AUTO302068,62,41,turismo,3,83.0,particular,4232,Cantabria,agente,mensual,0,150,False,279.27,False
AUTO301467,43,23,turismo,7,116.0,particular,3871,Alicante,telefono,anual,0,175,False,374.45,False
AUTO302083,21,0,turismo,1,259.0,mixto,18265,Alicante,telefono,anual,0,138,False,523.12,False
AUTO302333,52,33,turismo,2,92.0,particular,12528,Malaga,correduria,mensual,1,110,False,397.6,False
AUTO301728,51,27,turismo,19,267.0,mixto,5069,Zaragoza,agente,mensual,1,124,True,603.39,True
AUTO304469,50,31,furgoneta,7,144.0,particular,18527,Sevilla,telefono,anual,0,138,False,437.0,False
AUTO304689,54,34,turismo,0,202.0,particular,3665,Baleares,online,mensual,1,8,False,534.27,False
AUTO300417,68,49,turismo,15,226.0,particular,36796,Alicante,correduria,mensual,0,109,True,515.8,False
AUTO300309,33,15,turismo,9,204.0,mixto,2767,Cantabria,telefono,mensual,0,93,False,477.72,False
AUTO302633,69,45,turismo,9,193.0,particular,10414,A Coruna,telefono,mensual,0,152,False,436.19,False
AUTO303138,28,4,turismo,7,64.0,mixto,21488,Alicante,telefono,mensual,0,18,True,442.12,False
AUTO301061,69,47,turismo,5,251.0,particular,35778,Asturias,agente,mensual,0,70,False,498.58,False
AUTO300321,54,30,turismo,13,277.0,particular,3226,Vizcaya,online,anual,0,52,False,529.74,False
AUTO303926,44,21,turismo,5,222.0,particular,16725,Girona,correduria,mensual,0,161,True,516.75,True
AUTO302903,69,48,todoterreno,3,71.0,particular,22372,Sevilla,telefono,anual,0,6,False,287.36,False
AUTO304378,33,13,todoterreno,6,180.0,particular,8713,Baleares,agente,mensual,0,59,False,508.48,False
AUTO301038,70,48,turismo,14,290.0,particular,30705,Vizcaya,agente,mensual,1,119,False,588.22,False
AUTO302908,58,35,turismo,14,219.0,particular,18972,Vizcaya,online,mensual,1,150,False,559.26,False
AUTO302548,41,20,moto,7,211.0,mixto,8095,Valencia,agente,mensual,1,82,False,532.89,False
AUTO303390,50,28,moto,9,277.0,particular,15345,Lleida,correduria,anual,1,176,False,616.49,False
AUTO303744,79,60,todoterreno,17,261.0,mixto,22536,Malaga,agente,mensual,0,35,False,442.88,False
AUTO301338,64,40,turismo,7,181.0,particular,31939,Alicante,correduria,anual,1,104,False,538.26,False
AUTO302985,43,20,moto,1,250.0,mixto,37091,Zaragoza,online,anual,1,130,False,610.9,False
AUTO300070,48,30,turismo,17,254.0,particular,14328,Cantabria,online,anual,1,83,False,612.63,False
AUTO301488,72,53,furgoneta,14,87.0,particular,26247,Malaga,agente,mensual,0,20,False,222.23,False
AUTO304686,26,3,turismo,6,215.0,particular,21656,Malaga,correduria,mensual,0,90,False,488.17,False
AUTO302056,45,25,turismo,19,81.0,particular,36142,Asturias,agente,anual,0,32,False,332.05,False
AUTO302408,30,11,turismo,5,99.0,particular,11011,Sevilla,telefono,anual,0,11,False,402.09,False
AUTO303935,46,23,moto,15,83.0,particular,35234,Zaragoza,correduria,mensual,0,94,True,351.65,False
AUTO300222,45,25,furgoneta,7,215.0,particular,6739,Valencia,online,anual,0,15,False,468.53,False
AUTO302488,23,3,turismo,14,148.0,particular,30686,Madrid,online,anual,0,143,False,494.54,False
AUTO304779,72,51,furgoneta,4,267.0,particular,25218,Girona,correduria,mensual,0,56,False,489.92,False
AUTO301404,36,15,moto,5,203.0,particular,11829,Tarragona,agente,anual,0,68,False,492.32,False
AUTO300230,38,18,turismo,10,121.0,particular,7950,Girona,correduria,mensual,0,123,True,400.94,False
AUTO304935,75,53,todoterreno,8,295.0,particular,19136,Girona,correduria,mensual,0,39,False,568.11,False
AUTO304930,27,3,turismo,19,99.0,particular,24971,A Coruna,telefono,anual,0,79,False,440.8,False
AUTO301959,59,37,turismo,12,234.0,particular,23439,Tarragona,agente,anual,1,71,False,553.29,False
AUTO301240,57,33,turismo,1,235.0,mixto,3227,Alicante,telefono,mensual,1,57,False,527.9,False
AUTO302201,29,9,moto,8,76.0,particular,22484,Cantabria,telefono,anual,0,5,False,408.99,False
AUTO303559,45,22,turismo,17,228.0,particular,20197,Barcelona,online,anual,1,166,False,556.82,False
AUTO302267,36,16,moto,5,187.0,particular,33299,Lleida,online,mensual,1,45,False,489.54,False
AUTO303752,68,45,moto,18,234.0,particular,26622,Zaragoza,telefono,mensual,0,41,False,471.63,True
AUTO304191,53,34,furgoneta,12,234.0,particular,8546,Madrid,agente,mensual,1,108,False,588.48,True
AUTO302866,40,21,turismo,16,82.0,particular,11547,Vizcaya,agente,anual,0,131,False,314.46,False
AUTO301916,55,36,furgoneta,17,277.0,particular,22705,Cantabria,correduria,anual,0,173,True,503.43,False
AUTO300917,67,44,turismo,11,225.0,particular,37760,Baleares,telefono,mensual,0,136,False,440.78,False
AUTO304591,46,24,turismo,16,238.0,particular,32348,Zaragoza,online,mensual,0,61,False,426.85,False
AUTO301702,25,7,moto,5,297.0,particular,19773,Madrid,correduria,anual,0,59,False,587.09,False
AUTO301168,55,34,furgoneta,18,162.0,particular,2107,Lleida,agente,anual,0,47,False,459.31,False
AUTO301694,22,1,furgoneta,2,147.0,particular,20897,Alicante,online,anual,0,166,False,355.43,False
AUTO304427,52,32,turismo,9,130.0,particular,13989,Cantabria,online,anual,1,138,False,439.4,False
AUTO304238,39,18,turismo,9,60.0,mixto,25466,Vizcaya,telefono,mensual,1,61,False,341.28,False
AUTO304906,54,36,moto,18,129.0,particular,26795,Lleida,agente,mensual,1,107,False,500.79,False
AUTO304940,34,15,todoterreno,7,185.0,particular,21887,Vizcaya,agente,mensual,2,174,False,611.15,False
AUTO303506,67,46,turismo,4,193.0,mixto,39990,Zaragoza,online,anual,0,156,False,326.65,False
AUTO303840,51,33,furgoneta,13,221.0,particular,7801,Tarragona,correduria,anual,0,124,False,463.71,True
AUTO301446,29,8,turismo,13,150.0,particular,5248,Asturias,telefono,mensual,1,174,False,558.98,False
AUTO303637,68,48,turismo,3,110.0,particular,3618,Baleares,agente,anual,1,168,False,388.46,False
AUTO302938,23,5,todoterreno,15,226.0,particular,21711,Girona,agente,anual,0,73,True,495.85,False
AUTO304291,40,20,todoterreno,6,274.0,mixto,17263,Asturias,online,mensual,1,171,False,679.84,False
AUTO304972,41,21,turismo,15,262.0,particular,12442,Girona,agente,mensual,1,147,False,655.99,False
AUTO301424,37,17,turismo,11,106.0,particular,32668,Lleida,online,mensual,1,52,False,421.47,False
AUTO300178,66,47,turismo,2,287.0,particular,13251,Valencia,telefono,anual,0,168,False,482.56,False
AUTO303845,67,45,turismo,13,103.0,particular,35575,Malaga,telefono,anual,0,36,True,252.03,False
AUTO300210,61,43,turismo,4,257.0,particular,23856,Baleares,agente,anual,1,130,False,563.3,False
AUTO301766,35,15,turismo,11,83.0,particular,28979,Vizcaya,online,mensual,0,76,False,390.75,False
AUTO302190,75,54,turismo,3,237.0,particular,37221,Lleida,telefono,anual,0,112,False,327.97,False
AUTO303407,23,4,turismo,17,257.0,particular,36470,A Coruna,correduria,mensual,0,145,False,646.91,False
AUTO304063,23,3,turismo,11,222.0,particular,29255,Girona,correduria,anual,0,60,False,535.55,False
AUTO303906,40,19,furgoneta,11,116.0,mixto,11885,Madrid,online,anual,0,171,False,442.31,False
AUTO301746,28,7,turismo,6,242.0,mixto,7400,Tarragona,agente,mensual,0,29,False,528.54,False
AUTO303277,79,55,turismo,19,172.0,particular,16191,Sevilla,online,anual,2,123,True,558.45,True
AUTO302615,62,40,turismo,16,236.0,mixto,38241,Barcelona,agente,mensual,0,130,False,465.65,False
AUTO304720,69,49,furgoneta,12,287.0,mixto,19354,Sevilla,correduria,anual,0,111,False,514.27,False
AUTO301228,60,36,turismo,7,83.0,mixto,27936,Lleida,correduria,mensual,0,27,False,366.07,False
AUTO303904,21,3,turismo,19,141.0,mixto,18761,Tarragona,telefono,mensual,0,95,False,398.33,False
AUTO304963,42,22,furgoneta,14,197.0,particular,10450,Girona,telefono,mensual,1,139,False,547.86,False
AUTO300097,18,0,turismo,6,114.0,particular,18586,Cantabria,telefono,anual,0,23,False,395.24,False
AUTO303536,47,24,moto,18,196.0,particular,28373,Sevilla,correduria,mensual,0,15,False,456.22,False
AUTO304636,79,60,todoterreno,5,91.0,particular,29147,Cantabria,online,anual,0,106,False,219.08,True
AUTO304516,52,28,turismo,10,161.0,particular,18979,Zaragoza,telefono,mensual,0,179,False,420.07,False
AUTO303564,75,55,todoterreno,17,191.0,particular,13062,Zaragoza,correduria,anual,1,4,False,580.88,False
AUTO301665,54,31,turismo,7,156.0,particular,15310,Cantabria,agente,anual,0,141,False,377.94,False
AUTO302569,53,34,turismo,6,202.0,mixto,24722,Vizcaya,online,mensual,1,115,False,583.46,False
AUTO304983,77,55,furgoneta,7,249.0,particular,34992,Girona,correduria,mensual,0,177,False,433.09,True
AUTO301433,46,28,turismo,13,298.0,particular,15935,Cantabria,agente,anual,0,130,False,604.17,False
AUTO304633,42,22,turismo,7,284.0,particular,26585,Asturias,correduria,mensual,0,56,False,540.85,True
AUTO300075,32,9,furgoneta,2,235.0,particular,8496,Malaga,agente,anual,0,56,False,549.48,True
AUTO302700,66,44,turismo,17,178.0,particular,31283,Lleida,online,anual,1,73,False,543.86,False
AUTO302941,79,58,turismo,11,192.0,mixto,2464,Zaragoza,telefono,anual,0,33,False,370.59,False
AUTO300937,29,8,turismo,7,291.0,particular,8021,Zaragoza,correduria,mensual,1,138,False,736.72,False
AUTO300816,67,48,todoterreno,10,159.0,particular,29278,Valencia,telefono,mensual,1,141,True,498.07,False
AUTO300722,56,35,turismo,15,171.0,particular,8687,Barcelona,online,anual,0,63,False,389.36,False
AUTO304536,73,55,turismo,12,89.0,particular,26946,Lleida,telefono,mensual,0,78,False,279.0,True
AUTO300154,47,24,turismo,9,187.0,particular,10881,Baleares,agente,mensual,0,56,False,448.7,False
AUTO303878,53,34,turismo,17,284.0,particular,38918,Madrid,agente,anual,0,134,False,540.74,False
AUTO304285,57,38,turismo,11,164.0,particular,12446,A Coruna,online,anual,0,89,False,399.91,False
AUTO304517,70,47,turismo,12,97.0,particular,6109,Sevilla,telefono,anual,0,95,False,270.54,True
AUTO300266,43,22,turismo,7,176.0,particular,14028,Baleares,online,mensual,0,23,True,445.74,False
AUTO301907,56,34,turismo,5,238.0,mixto,25868,Barcelona,online,anual,1,141,False,544.89,False
AUTO303202,34,13,turismo,18,268.0,particular,22787,Lleida,correduria,mensual,0,126,True,606.61,True
AUTO304807,70,47,turismo,10,192.0,mixto,8479,Sevilla,agente,mensual,1,139,True,520.96,False
AUTO300036,18,0,todoterreno,14,250.0,mixto,12484,Alicante,telefono,mensual,0,99,False,568.83,False
AUTO301004,66,48,moto,19,159.0,particular,29167,Malaga,agente,anual,0,25,False,353.84,False
AUTO301714,71,50,turismo,17,158.0,particular,23215,Valencia,telefono,mensual,0,169,False,432.85,False
AUTO302203,72,51,turismo,19,137.0,particular,21786,Tarragona,telefono,mensual,1,41,False,506.41,False
AUTO300900,64,46,turismo,7,210.0,mixto,37002,Girona,correduria,mensual,0,125,False,455.94,True
AUTO300078,79,57,turismo,6,180.0,mixto,39488,Barcelona,telefono,anual,0,9,True,323.36,False
AUTO301239,35,13,furgoneta,8,92.0,particular,13843,Malaga,online,anual,0,28,True,295.99,False
AUTO301880,27,7,turismo,13,283.0,mixto,6286,Cantabria,online,mensual,0,172,True,591.09,False
AUTO302422,43,23,turismo,19,285.0,particular,36988,Vizcaya,online,anual,1,24,False,645.58,False
AUTO300402,30,12,moto,18,178.0,particular,17198,Asturias,telefono,anual,1,71,False,616.64,False
AUTO302244,35,12,furgoneta,5,268.0,particular,14419,Alicante,telefono,mensual,0,121,False,466.02,False
AUTO304484,61,37,moto,19,181.0,particular,5077,Lleida,telefono,anual,0,102,False,461.47,True
AUTO300177,42,24,furgoneta,16,289.0,mixto,18107,Lleida,agente,mensual,1,46,False,680.9,False
AUTO301401,66,45,moto,5,197.0,particular,9105,Tarragona,telefono,mensual,0,9,False,439.38,False
AUTO302188,51,33,furgoneta,19,128.0,particular,34936,A Coruna,telefono,anual,0,128,False,431.32,False
AUTO302591,39,18,turismo,2,87.0,particular,19488,Girona,agente,mensual,0,117,False,302.13,False
AUTO304048,34,13,turismo,10,88.0,particular,31912,Barcelona,online,mensual,0,106,False,349.56,False
AUTO300412,34,11,furgoneta,1,208.0,particular,28688,Cantabria,agente,mensual,0,26,False,421.55,False
AUTO301185,41,22,turismo,4,77.0,particular,38229,Asturias,agente,anual,0,52,False,273.35,False
AUTO301249,61,43,todoterreno,7,65.0,mixto,24655,Vizcaya,agente,anual,0,126,False,284.26,False
AUTO304648,20,0,turismo,5,120.0,particular,19893,Malaga,telefono,mensual,0,123,False,344.04,False
AUTO300959,43,22,furgoneta,3,161.0,particular,18467,A Coruna,online,mensual,0,150,False,369.3,False
AUTO304194,47,26,moto,7,124.0,particular,38571,Barcelona,telefono,mensual,2,32,False,589.44,True
AUTO304236,23,4,turismo,4,182.0,particular,8896,Baleares,agente,mensual,2,165,False,615.88,False
AUTO304612,43,20,moto,2,230.0,particular,19781,Sevilla,telefono,anual,0,94,False,395.79,False
AUTO304618,20,0,todoterreno,7,123.0,mixto,6729,A Coruna,online,mensual,2,36,False,626.27,False
AUTO302986,25,6,todoterreno,4,82.0,particular,31643,A Coruna,online,anual,0,49,False,350.77,False
AUTO303886,56,35,todoterreno,9,189.0,particular,5259,A Coruna,telefono,mensual,3,67,False,766.35,False
AUTO302923,50,28,todoterreno,18,66.0,particular,3953,Girona,telefono,mensual,0,166,True,226.47,False
AUTO300053,52,29,turismo,12,190.0,particular,22723,Alicante,correduria,mensual,2,44,False,611.37,False
AUTO300066,46,28,moto,18,,particular,33497,Cantabria,correduria,anual,1,130,True,451.14,False
AUTO304596,75,57,furgoneta,9,69.0,particular,11899,Madrid,online,mensual,1,169,False,329.39,False
AUTO303125,59,39,turismo,1,263.0,particular,5126,Girona,agente,mensual,1,68,False,574.43,False
AUTO300965,58,39,todoterreno,1,183.0,mixto,14169,Lleida,correduria,anual,0,35,False,363.51,False
AUTO303910,53,32,moto,15,93.0,particular,7964,Barcelona,online,anual,0,77,False,360.43,False
AUTO301290,72,53,turismo,14,156.0,particular,25350,Malaga,agente,mensual,0,63,False,359.9,False
AUTO304635,68,45,turismo,0,247.0,mixto,23429,Alicante,telefono,mensual,0,50,True,440.27,False
AUTO304802,40,20,turismo,1,123.0,particular,28662,Alicante,telefono,mensual,0,70,False,347.92,False
AUTO301279,70,51,todoterreno,15,64.0,particular,10608,Malaga,online,anual,1,115,False,375.8,False
AUTO300038,39,16,turismo,10,229.0,mixto,24840,Alicante,online,mensual,1,69,False,666.37,False
AUTO304059,73,49,todoterreno,7,94.0,particular,4751,Girona,agente,mensual,0,149,False,235.18,True
AUTO301019,34,15,turismo,6,,mixto,30033,Asturias,telefono,anual,0,155,False,444.41,False
AUTO302370,30,9,turismo,15,142.0,particular,17365,Tarragona,agente,mensual,0,92,False,447.46,False
AUTO303848,75,53,moto,15,299.0,mixto,25357,Zaragoza,telefono,anual,0,14,True,546.31,False
AUTO303257,32,13,furgoneta,10,261.0,particular,10148,Vizcaya,correduria,mensual,0,74,True,536.71,False
AUTO300086,51,28,furgoneta,4,132.0,particular,23594,Malaga,correduria,anual,0,99,False,380.26,False
AUTO303634,67,45,turismo,2,162.0,particular,29534,Girona,correduria,mensual,1,90,False,430.77,False
AUTO301869,37,14,turismo,7,86.0,particular,27038,Lleida,online,mensual,0,49,False,400.56,False
AUTO304229,32,14,turismo,17,155.0,particular,8401,Malaga,online,anual,1,106,False,503.14,True
AUTO303009,69,46,turismo,9,147.0,particular,25447,Sevilla,telefono,mensual,1,121,True,439.36,False
AUTO304645,40,21,turismo,4,210.0,particular,9276,Lleida,online,anual,0,26,False,405.36,False
AUTO300766,69,46,moto,9,251.0,particular,30545,Lleida,online,anual,1,24,True,530.72,True
AUTO303082,42,18,furgoneta,0,105.0,particular,6414,Girona,correduria,anual,0,6,False,371.45,False
AUTO304895,50,26,turismo,4,269.0,particular,39084,Sevilla,online,mensual,0,12,False,534.13,False
AUTO304585,77,56,moto,11,192.0,particular,27725,Asturias,agente,mensual,0,123,True,415.58,False
AUTO303558,70,52,turismo,0,74.0,particular,5597,Lleida,correduria,anual,0,77,False,304.34,False
AUTO301578,19,1,turismo,19,,mixto,14224,Tarragona,telefono,mensual,0,156,False,697.62,False
AUTO304482,35,11,turismo,19,137.0,particular,6594,Sevilla,online,anual,0,143,False,376.04,False
AUTO300608,66,43,turismo,19,144.0,mixto,4067,Vizcaya,online,mensual,1,25,False,499.83,False
AUTO301722,38,16,turismo,14,238.0,mixto,26258,Baleares,agente,mensual,0,105,False,529.33,False
AUTO303673,51,29,turismo,18,179.0,mixto,17950,Lleida,online,mensual,0,53,False,414.17,False
AUTO303534,28,5,todoterreno,15,224.0,particular,3990,Baleares,correduria,mensual,1,114,False,618.62,True
AUTO300104,48,28,furgoneta,19,199.0,particular,18560,Vizcaya,online,anual,2,80,True,642.58,False
AUTO304168,57,33,turismo,11,277.0,particular,33009,Barcelona,agente,mensual,0,169,False,481.86,False
AUTO301234,47,28,moto,11,115.0,mixto,6710,Vizcaya,telefono,mensual,0,54,False,363.63,False
AUTO300457,43,19,moto,10,64.0,mixto,25770,Cantabria,correduria,mensual,0,127,False,293.91,False
AUTO303823,19,0,furgoneta,6,195.0,particular,13585,Baleares,correduria,mensual,0,172,False,576.11,False
AUTO301887,57,38,furgoneta,17,65.0,particular,36159,Vizcaya,online,mensual,0,22,False,303.13,False
AUTO302735,65,41,turismo,11,118.0,particular,16056,Malaga,agente,mensual,0,36,True,369.98,False
AUTO301481,78,56,moto,7,286.0,particular,18419,Asturias,agente,anual,3,165,False,830.26,False
AUTO301078,63,45,todoterreno,3,122.0,mixto,8849,Sevilla,telefono,mensual,1,126,False,412.96,False
AUTO300703,63,44,todoterreno,6,236.0,particular,19841,Madrid,telefono,anual,0,110,False,411.24,False
AUTO302647,66,42,furgoneta,11,122.0,mixto,3900,Sevilla,online,anual,0,115,False,341.43,False
AUTO300628,25,7,turismo,14,289.0,mixto,14777,A Coruna,agente,anual,0,138,False,660.04,False
AUTO302405,41,18,todoterreno,9,188.0,particular,9800,Zaragoza,online,mensual,1,135,False,550.83,False
AUTO304099,31,13,todoterreno,15,253.0,particular,35940,Zaragoza,online,mensual,0,106,True,532.0,False
AUTO301591,56,38,turismo,7,83.0,particular,11845,Sevilla,correduria,anual,0,129,False,277.87,False
AUTO300782,68,45,turismo,16,223.0,particular,5463,Lleida,online,mensual,0,154,False,464.02,False
AUTO302575,30,6,turismo,6,143.0,particular,15313,Tarragona,telefono,mensual,1,162,False,503.36,False
AUTO303700,38,17,furgoneta,17,291.0,particular,16952,Lleida,online,anual,0,72,False,560.48,False
AUTO301248,30,11,moto,1,168.0,particular,30812,Tarragona,telefono,mensual,0,48,False,381.88,False
AUTO302237,26,6,furgoneta,10,97.0,particular,11739,Vizcaya,agente,anual,0,118,False,386.64,False
AUTO300445,44,23,turismo,13,106.0,mixto,18840,Girona,telefono,mensual,1,71,False,408.8,True
AUTO301243,23,5,furgoneta,8,197.0,particular,36800,Tarragona,online,mensual,0,159,False,482.31,False
AUTO304385,71,51,turismo,16,160.0,particular,4255,Alicante,online,mensual,0,58,False,413.13,False
AUTO304558,78,54,turismo,6,108.0,particular,13064,Baleares,telefono,anual,0,160,False,291.84,False
AUTO302597,56,34,todoterreno,4,95.0,particular,35655,Tarragona,correduria,mensual,0,124,False,344.22,False
AUTO303358,51,31,moto,9,93.0,mixto,6410,Madrid,agente,mensual,0,118,False,290.91,False
AUTO301911,40,20,turismo,13,231.0,particular,16504,Girona,correduria,anual,0,161,False,542.79,False
AUTO302745,42,20,turismo,15,129.0,particular,16000,Vizcaya,agente,mensual,0,69,False,362.29,False
AUTO304663,20,0,turismo,3,282.0,particular,22068,Vizcaya,telefono,mensual,0,98,False,593.42,False
AUTO304576,66,47,furgoneta,13,115.0,particular,39527,Malaga,agente,mensual,1,34,False,430.91,True
AUTO304822,36,18,turismo,12,270.0,particular,20459,Malaga,correduria,mensual,0,5,False,581.83,False
AUTO303312,37,16,furgoneta,17,132.0,particular,9185,Asturias,correduria,mensual,2,135,False,619.39,True
AUTO300885,30,12,turismo,7,202.0,particular,29373,Valencia,online,mensual,0,152,False,438.19,False
AUTO303316,33,15,turismo,19,176.0,particular,30743,Tarragona,agente,anual,0,19,False,508.78,False
AUTO301381,27,6,turismo,19,200.0,mixto,35886,Lleida,telefono,anual,1,159,False,541.75,False
AUTO303113,57,39,turismo,2,217.0,particular,5969,Barcelona,telefono,mensual,0,158,False,435.35,False
AUTO301058,68,46,turismo,8,278.0,particular,37875,Cantabria,telefono,mensual,0,145,False,447.52,False
AUTO302283,50,30,turismo,9,199.0,mixto,18834,Baleares,telefono,mensual,0,103,False,407.97,True
AUTO303181,65,44,turismo,17,95.0,particular,25229,Baleares,telefono,anual,0,31,False,319.98,False
AUTO300347,48,27,turismo,1,61.0,particular,5600,Valencia,online,mensual,1,170,False,306.39,False
AUTO303419,55,36,turismo,18,70.0,mixto,18749,Valencia,agente,mensual,0,44,False,382.51,True
AUTO301886,49,25,moto,18,168.0,mixto,26913,Vizcaya,online,mensual,0,112,False,510.79,False
AUTO302743,65,46,turismo,10,291.0,particular,26553,Zaragoza,agente,mensual,1,75,False,629.97,True
AUTO304989,69,50,turismo,11,253.0,particular,17480,Barcelona,online,anual,0,134,False,468.43,False
AUTO301417,19,0,turismo,2,71.0,particular,34668,Lleida,agente,mensual,1,77,False,319.87,False
AUTO301278,74,50,moto,9,252.0,particular,11058,A Coruna,correduria,anual,0,107,False,380.02,False
AUTO300271,35,11,furgoneta,13,292.0,mixto,25086,Vizcaya,correduria,anual,1,82,False,701.43,False
AUTO302687,46,25,turismo,12,146.0,particular,36355,A Coruna,correduria,mensual,1,23,False,471.54,False
AUTO304744,78,56,turismo,6,177.0,particular,7103,Barcelona,correduria,mensual,0,132,True,409.87,True
AUTO300657,46,27,turismo,0,224.0,particular,21610,Vizcaya,online,mensual,0,33,False,459.73,True
AUTO303373,61,42,turismo,0,175.0,particular,15015,Asturias,agente,mensual,0,148,False,377.3,False
AUTO303930,45,25,turismo,9,155.0,particular,7575,Girona,telefono,anual,1,157,False,604.28,False
AUTO301409,46,23,turismo,7,222.0,particular,5010,Asturias,online,anual,0,124,False,469.97,False
AUTO303055,79,57,moto,0,180.0,particular,27766,Asturias,correduria,mensual,0,154,False,420.13,False
AUTO303301,23,0,turismo,19,69.0,particular,28697,A Coruna,agente,anual,1,50,False,503.71,False
AUTO301524,25,7,turismo,12,77.0,particular,9302,Baleares,agente,anual,0,130,False,355.46,False
AUTO302411,27,4,turismo,1,95.0,particular,27362,Zaragoza,agente,mensual,0,31,False,343.59,False
AUTO302080,36,16,moto,5,255.0,mixto,22719,Girona,telefono,mensual,0,87,True,565.97,False
AUTO304732,56,34,turismo,5,266.0,particular,2765,Baleares,telefono,anual,0,167,False,479.83,False
AUTO301923,54,35,furgoneta,16,135.0,particular,36713,Sevilla,telefono,anual,0,24,False,379.1,False
AUTO303765,60,41,moto,13,139.0,particular,19049,Sevilla,online,mensual,0,155,False,411.29,False
AUTO302954,59,35,turismo,13,146.0,particular,34542,Madrid,correduria,mensual,0,11,False,371.17,False
AUTO302770,70,47,turismo,3,161.0,particular,24240,Asturias,agente,mensual,0,92,False,373.03,False
AUTO304599,20,1,furgoneta,13,150.0,particular,29153,Zaragoza,correduria,mensual,0,2,False,528.11,True
AUTO300762,18,0,moto,9,124.0,mixto,36458,Malaga,correduria,mensual,1,124,True,487.11,True
AUTO300516,60,40,turismo,3,77.0,particular,17221,Baleares,agente,anual,1,22,False,383.19,False
AUTO304497,58,37,turismo,11,246.0,particular,17124,Vizcaya,telefono,mensual,0,118,False,484.88,False
AUTO302060,69,46,turismo,1,257.0,mixto,37328,Cantabria,agente,mensual,0,9,False,480.74,False
AUTO303892,38,15,turismo,11,89.0,particular,39636,Girona,correduria,mensual,1,125,False,484.03,True
AUTO300835,57,39,turismo,3,245.0,particular,17201,Vizcaya,telefono,mensual,0,138,False,443.2,True
AUTO301164,19,1,turismo,9,134.0,particular,15793,Baleares,online,mensual,1,14,False,569.19,False
AUTO302039,39,20,turismo,1,235.0,particular,13276,Madrid,online,mensual,0,51,False,481.95,False
AUTO304980,77,57,todoterreno,12,191.0,particular,13872,Madrid,online,mensual,0,23,False,388.92,False
AUTO304160,32,14,furgoneta,14,126.0,particular,7657,Alicante,agente,mensual,0,137,False,423.54,False
AUTO303797,22,0,furgoneta,18,78.0,particular,8373,Sevilla,agente,anual,0,5,False,420.18,False
AUTO301812,71,47,todoterreno,3,231.0,particular,27944,Madrid,online,mensual,0,148,False,479.53,True
AUTO303618,31,7,turismo,19,121.0,particular,4998,A Coruna,telefono,anual,0,65,False,376.66,False
AUTO301841,76,57,turismo,16,146.0,particular,5481,Malaga,agente,anual,0,139,False,390.86,False
AUTO301732,66,44,todoterreno,7,88.0,particular,15701,Alicante,online,mensual,0,86,False,232.41,False
AUTO301762,65,41,furgoneta,15,286.0,particular,25099,Vizcaya,correduria,anual,0,48,False,481.37,False
AUTO302496,74,54,turismo,19,226.0,particular,21839,Girona,online,anual,0,29,False,526.45,False
AUTO302842,71,52,furgoneta,4,219.0,particular,10562,Valencia,agente,mensual,0,88,False,467.88,False
AUTO304763,59,41,furgoneta,11,294.0,particular,30204,Alicante,telefono,anual,0,106,False,518.31,False
AUTO300382,28,6,moto,15,162.0,particular,12378,Lleida,telefono,mensual,0,42,False,444.55,False
AUTO304041,23,0,turismo,12,157.0,particular,2907,Barcelona,correduria,mensual,0,54,False,491.3,False
AUTO300158,31,13,turismo,0,118.0,particular,12529,Vizcaya,correduria,mensual,0,124,False,304.92,False
AUTO304312,32,10,turismo,19,218.0,particular,3506,Malaga,correduria,mensual,1,67,False,670.1,False
AUTO302607,58,34,turismo,8,76.0,particular,8191,A Coruna,agente,anual,0,100,False,278.28,False
AUTO300399,44,20,todoterreno,2,144.0,particular,10266,A Coruna,online,mensual,0,63,False,344.9,False
AUTO301930,62,43,todoterreno,4,250.0,particular,22045,Vizcaya,online,mensual,0,73,False,436.94,False
AUTO304108,61,40,moto,4,132.0,particular,29684,Sevilla,correduria,mensual,0,106,False,254.19,False
AUTO301069,69,46,furgoneta,17,148.0,mixto,10053,A Coruna,agente,anual,1,85,False,505.15,False
AUTO300470,51,29,turismo,2,169.0,particular,14547,Vizcaya,agente,mensual,0,159,False,396.6,False
AUTO302403,63,43,turismo,8,79.0,mixto,25536,Barcelona,correduria,mensual,0,40,False,284.91,False
AUTO301624,53,34,turismo,15,108.0,particular,15290,Valencia,correduria,mensual,0,36,True,326.38,False
AUTO304070,41,17,turismo,19,132.0,mixto,17280,Girona,online,anual,0,36,False,365.38,False
AUTO302685,64,45,turismo,18,146.0,particular,22249,Alicante,telefono,anual,0,55,True,408.67,False
AUTO300355,28,5,turismo,16,241.0,particular,24176,A Coruna,agente,anual,0,15,False,557.13,False
AUTO300786,53,30,todoterreno,3,210.0,particular,11062,Valencia,telefono,mensual,0,146,False,419.2,False
AUTO303782,67,48,turismo,11,89.0,particular,15676,Malaga,telefono,anual,0,157,False,327.28,False
AUTO302572,43,19,moto,13,272.0,particular,19139,Malaga,online,mensual,1,49,False,665.25,False
AUTO301663,61,41,furgoneta,16,299.0,particular,15515,Girona,telefono,anual,0,21,False,514.28,False
AUTO302916,21,1,moto,4,250.0,particular,15352,Asturias,telefono,mensual,0,127,False,561.65,False
AUTO300701,55,32,turismo,13,183.0,particular,24995,Barcelona,telefono,anual,0,21,False,422.41,False
AUTO301368,44,22,moto,15,116.0,mixto,21224,A Coruna,telefono,mensual,0,169,False,433.94,False
AUTO304528,64,45,turismo,13,238.0,particular,35485,Lleida,agente,anual,1,107,False,593.11,False
AUTO302335,65,41,turismo,0,148.0,mixto,10432,Sevilla,telefono,mensual,1,148,False,443.93,False
AUTO304330,27,5,turismo,13,213.0,particular,38137,Zaragoza,telefono,mensual,0,71,False,576.85,False
AUTO301727,35,15,turismo,1,193.0,mixto,34015,Zaragoza,correduria,anual,0,163,False,413.16,False
AUTO301397,32,11,turismo,9,298.0,particular,23354,Valencia,correduria,mensual,0,113,False,590.29,False
AUTO300825,25,4,turismo,11,114.0,particular,21493,Vizcaya,online,mensual,1,145,False,479.23,False
AUTO301367,31,7,turismo,19,197.0,particular,13384,Madrid,agente,mensual,1,42,False,589.34,False
AUTO302808,26,6,turismo,16,103.0,particular,17109,Valencia,correduria,anual,2,152,False,590.27,False
AUTO301777,63,42,turismo,8,290.0,particular,37106,Zaragoza,agente,mensual,0,12,False,493.18,True
AUTO304584,58,39,furgoneta,13,281.0,particular,5286,Vizcaya,agente,mensual,1,4,False,577.28,False
AUTO304173,27,3,turismo,18,118.0,particular,25474,Barcelona,online,mensual,0,81,False,432.89,False
AUTO302788,48,28,turismo,19,156.0,particular,35880,Malaga,correduria,anual,0,166,True,487.49,False
AUTO301862,63,39,turismo,14,246.0,particular,21951,Tarragona,correduria,anual,0,60,False,545.55,False
AUTO303203,41,23,turismo,1,111.0,particular,38122,A Coruna,correduria,anual,0,108,False,294.03,False
AUTO303756,43,19,turismo,5,74.0,particular,14454,Baleares,correduria,anual,0,163,False,351.85,False
AUTO300844,38,15,turismo,2,87.0,particular,38147,Malaga,online,mensual,0,136,False,239.58,False
AUTO304298,30,6,turismo,17,293.0,particular,30904,Cantabria,agente,mensual,0,31,True,621.22,False
AUTO304472,27,5,furgoneta,2,74.0,mixto,2886,Malaga,agente,anual,0,115,False,343.11,False
AUTO304416,76,53,turismo,10,162.0,particular,33298,Vizcaya,agente,anual,0,70,True,413.63,False
AUTO300894,29,9,turismo,1,132.0,particular,9230,Zaragoza,online,mensual,0,176,False,372.15,False
AUTO300213,18,0,turismo,10,250.0,mixto,35385,A Coruna,online,mensual,0,114,False,559.8,False
AUTO300785,30,12,turismo,2,259.0,mixto,12834,Girona,online,anual,0,174,True,510.53,False
AUTO304372,28,9,turismo,18,250.0,mixto,5984,Zaragoza,correduria,mensual,0,15,False,514.32,False
AUTO303147,38,18,turismo,18,158.0,particular,2378,Valencia,online,mensual,0,111,False,437.9,False
AUTO303170,49,28,turismo,8,289.0,mixto,13044,Madrid,online,anual,0,103,False,557.08,False
AUTO302528,55,34,turismo,11,127.0,particular,27725,Girona,agente,mensual,0,97,False,376.74,False
AUTO303763,31,7,turismo,2,93.0,mixto,25892,A Coruna,correduria,mensual,0,130,False,359.27,False
AUTO300107,59,41,turismo,12,159.0,particular,24847,Barcelona,agente,mensual,0,68,False,436.21,False
AUTO304748,47,27,furgoneta,14,166.0,mixto,33012,Madrid,correduria,anual,1,7,False,457.85,False
AUTO301955,66,44,turismo,15,136.0,mixto,11702,Lleida,telefono,anual,0,142,False,324.52,False
AUTO303386,24,5,turismo,17,279.0,particular,17663,Madrid,agente,anual,0,28,False,575.11,False
AUTO300229,40,22,todoterreno,12,122.0,mixto,10177,Tarragona,telefono,mensual,0,34,False,385.65,False
AUTO301802,48,27,turismo,14,206.0,particular,22772,Tarragona,correduria,anual,0,147,False,514.27,False
AUTO301253,77,59,moto,2,108.0,mixto,17185,Zaragoza,agente,anual,1,103,True,382.7,False
AUTO300248,76,53,turismo,19,65.0,mixto,2758,Vizcaya,agente,mensual,0,97,False,248.05,False
AUTO304023,76,57,turismo,15,290.0,particular,35776,Girona,agente,mensual,0,45,True,513.79,False
AUTO303166,26,4,furgoneta,9,63.0,particular,29690,Alicante,online,mensual,0,71,False,318.36,False
AUTO304791,60,38,moto,6,202.0,mixto,30274,Sevilla,correduria,anual,0,129,False,451.02,False
AUTO304736,79,55,todoterreno,3,102.0,mixto,4221,Madrid,online,mensual,0,64,False,277.79,False
AUTO300475,72,53,turismo,17,246.0,particular,17595,Cantabria,telefono,anual,0,94,False,516.67,False
AUTO304189,34,15,turismo,5,145.0,particular,17044,Lleida,online,mensual,0,45,False,385.62,False
AUTO304632,36,17,todoterreno,19,123.0,particular,38922,Baleares,correduria,anual,0,136,False,426.74,False
AUTO303706,43,24,turismo,2,184.0,particular,26866,Lleida,agente,anual,0,119,True,419.99,False
AUTO304061,44,22,turismo,6,108.0,particular,10672,Lleida,agente,mensual,1,102,False,461.42,False
AUTO300705,29,10,turismo,7,99.0,particular,22871,Alicante,correduria,mensual,0,118,True,373.13,False
AUTO300618,21,2,moto,17,67.0,mixto,16280,Baleares,telefono,anual,0,107,False,324.01,False
AUTO300602,58,37,turismo,1,258.0,particular,10418,Alicante,online,mensual,0,76,False,458.5,False
AUTO302451,25,4,furgoneta,0,202.0,particular,8734,Cantabria,telefono,anual,0,13,False,411.51,False
AUTO300238,56,36,turismo,19,179.0,particular,37907,Lleida,correduria,mensual,0,149,False,410.7,False
AUTO301902,75,53,turismo,5,95.0,particular,3955,Girona,correduria,mensual,0,49,False,317.78,True
AUTO301087,50,30,turismo,12,116.0,particular,15050,Asturias,correduria,anual,0,122,False,319.29,False
AUTO304414,39,16,moto,9,200.0,particular,24017,Baleares,online,mensual,0,54,False,512.7,False
AUTO303450,47,27,turismo,9,241.0,particular,21335,Asturias,agente,anual,1,31,False,613.39,False
AUTO301641,61,38,turismo,6,205.0,particular,25553,Girona,telefono,anual,1,77,False,504.74,False
AUTO300923,50,31,moto,14,251.0,particular,36150,Sevilla,telefono,mensual,0,49,False,532.09,False
AUTO304672,36,12,turismo,15,137.0,particular,2579,Zaragoza,agente,mensual,1,55,False,524.97,False
AUTO303922,33,9,moto,11,153.0,particular,5341,Baleares,agente,anual,0,95,False,385.53,False
AUTO302421,37,18,turismo,5,150.0,particular,27408,Girona,agente,anual,1,31,False,506.18,False
AUTO301441,57,35,turismo,1,73.0,particular,17722,Valencia,telefono,mensual,0,92,False,214.63,False
AUTO301821,18,0,moto,5,244.0,particular,12580,Vizcaya,online,mensual,1,28,False,611.8,False
AUTO303320,50,29,turismo,10,68.0,particular,34238,Valencia,correduria,mensual,1,88,False,356.74,False
AUTO300962,47,25,turismo,15,79.0,particular,28347,Alicante,telefono,anual,0,102,False,349.95,False
AUTO303374,34,12,turismo,9,291.0,mixto,23628,Valencia,online,mensual,0,2,False,522.34,False
AUTO300888,20,0,moto,7,62.0,mixto,6138,Asturias,correduria,anual,0,92,False,318.5,False
AUTO302971,53,33,todoterreno,7,212.0,particular,26748,Baleares,correduria,mensual,0,35,True,487.38,False
AUTO304100,59,38,turismo,3,216.0,particular,18054,Girona,correduria,anual,1,32,False,547.81,False
AUTO301698,24,1,moto,2,225.0,particular,33603,Baleares,telefono,anual,0,120,False,492.32,False
AUTO304660,64,44,furgoneta,17,153.0,particular,8740,Tarragona,online,anual,0,87,False,386.67,False
AUTO300488,48,25,turismo,8,223.0,particular,36000,Valencia,correduria,mensual,1,127,False,507.41,False
AUTO303583,73,52,moto,9,270.0,particular,31626,Lleida,correduria,mensual,1,171,False,593.35,False
AUTO304804,55,37,turismo,15,213.0,mixto,31785,Vizcaya,agente,mensual,0,164,False,450.49,False
AUTO304640,68,45,turismo,7,193.0,particular,32094,Alicante,agente,mensual,0,23,False,350.21,False
AUTO304718,22,0,todoterreno,8,216.0,particular,19942,Lleida,agente,anual,0,34,False,476.7,False
AUTO304995,48,24,turismo,8,214.0,particular,14714,Girona,telefono,anual,1,122,False,505.37,False
AUTO304165,55,31,furgoneta,10,98.0,mixto,9846,A Coruna,correduria,mensual,0,98,False,342.69,False
AUTO303118,42,18,todoterreno,3,296.0,particular,29681,Zaragoza,telefono,anual,0,137,False,594.84,False
AUTO302545,51,30,turismo,2,75.0,mixto,6028,Zaragoza,correduria,mensual,1,92,False,393.85,True
AUTO303422,64,45,furgoneta,8,139.0,mixto,35571,Cantabria,telefono,anual,0,177,False,321.18,False
AUTO303627,59,35,turismo,2,278.0,particular,32695,Tarragona,telefono,anual,0,39,False,480.42,False
AUTO302503,71,52,turismo,0,145.0,particular,23995,Malaga,agente,anual,0,10,False,361.82,False
AUTO302981,24,1,moto,12,177.0,mixto,7948,Alicante,telefono,mensual,0,29,True,482.57,False
AUTO301204,79,57,turismo,5,85.0,particular,37262,Zaragoza,agente,mensual,1,154,False,351.38,False
AUTO302026,45,26,turismo,15,192.0,particular,10226,Asturias,correduria,mensual,1,44,False,580.73,False
AUTO302564,23,4,turismo,2,150.0,particular,18647,Cantabria,correduria,mensual,0,85,False,400.32,False
AUTO301022,53,31,moto,4,186.0,particular,6496,Baleares,agente,mensual,1,71,True,523.16,False
AUTO300454,76,56,turismo,8,144.0,mixto,4295,A Coruna,agente,mensual,0,130,True,268.81,False
AUTO300326,64,41,todoterreno,17,288.0,particular,36047,Asturias,telefono,mensual,0,72,True,471.23,False
AUTO302871,41,21,turismo,12,70.0,mixto,6056,Asturias,agente,mensual,0,80,False,319.66,False
AUTO301193,70,50,furgoneta,15,230.0,mixto,37111,Vizcaya,correduria,mensual,0,15,False,520.15,False
AUTO302838,45,27,turismo,15,93.0,mixto,15329,Malaga,correduria,anual,0,120,False,402.85,False
AUTO303081,43,24,furgoneta,6,253.0,particular,39324,Valencia,agente,anual,0,119,False,605.96,False
AUTO303250,29,8,turismo,12,,particular,22175,Alicante,telefono,mensual,0,173,False,581.63,False
AUTO301837,53,31,turismo,12,112.0,particular,20386,Malaga,agente,mensual,0,44,False,384.78,False
AUTO303661,51,30,turismo,7,117.0,particular,29000,Asturias,online,anual,0,58,False,343.62,False
AUTO303603,67,49,turismo,17,296.0,particular,32045,Madrid,online,anual,1,75,False,660.2,False
AUTO303289,43,19,turismo,19,289.0,mixto,26534,Madrid,agente,mensual,0,76,False,622.13,False
AUTO304272,62,40,furgoneta,13,228.0,particular,7256,Vizcaya,telefono,anual,1,106,False,556.29,False
AUTO303663,24,6,turismo,1,288.0,mixto,2292,Zaragoza,agente,mensual,0,137,False,536.63,False
AUTO302935,46,23,turismo,9,291.0,particular,29474,Vizcaya,correduria,mensual,1,141,False,660.12,False
AUTO300264,39,20,turismo,12,127.0,particular,37114,Madrid,correduria,anual,0,162,False,409.03,False
AUTO300209,77,55,turismo,12,69.0,particular,10389,Sevilla,agente,mensual,0,100,False,187.04,False
AUTO301117,67,48,moto,5,190.0,particular,24719,Tarragona,online,anual,4,102,False,757.13,False
AUTO303020,63,45,turismo,12,148.0,particular,19440,Cantabria,agente,anual,0,131,False,415.37,False
AUTO302356,33,13,turismo,6,110.0,particular,34782,Valencia,online,mensual,2,105,False,623.37,True
AUTO303097,24,4,todoterreno,2,255.0,mixto,32898,Madrid,agente,mensual,0,33,False,539.76,False
AUTO301846,59,40,furgoneta,16,174.0,particular,21569,Girona,telefono,mensual,0,6,False,383.61,False
AUTO302594,77,55,turismo,2,97.0,mixto,39164,Valencia,telefono,anual,1,119,False,467.05,False
AUTO300990,64,43,turismo,19,251.0,particular,19260,Zaragoza,online,mensual,0,94,False,497.34,False
AUTO303811,23,4,furgoneta,12,157.0,particular,8311,Sevilla,telefono,anual,1,128,False,531.98,False
AUTO301545,68,50,turismo,3,106.0,particular,30203,Baleares,agente,mensual,1,177,True,427.48,False
AUTO300085,68,45,turismo,14,291.0,mixto,32946,Barcelona,agente,mensual,0,38,False,478.65,False
AUTO303192,66,47,moto,7,288.0,particular,28210,Barcelona,correduria,mensual,0,132,False,530.85,False
AUTO301686,74,53,turismo,6,71.0,mixto,32052,Barcelona,telefono,mensual,0,104,False,191.63,False
AUTO304491,54,33,turismo,10,223.0,particular,6219,Alicante,telefono,anual,0,128,False,522.58,False
AUTO301319,51,31,turismo,17,126.0,particular,35866,Cantabria,telefono,mensual,0,179,False,385.24,False
AUTO300871,33,13,turismo,14,253.0,particular,28583,Valencia,correduria,mensual,1,172,False,660.59,False
AUTO301940,48,26,turismo,16,114.0,particular,12910,A Coruna,online,anual,0,12,True,325.55,True
AUTO301767,44,22,furgoneta,11,140.0,particular,30283,A Coruna,agente,mensual,0,84,False,408.28,False
AUTO302863,71,47,turismo,9,71.0,particular,39822,Asturias,agente,anual,1,156,False,300.06,False
AUTO300686,64,43,furgoneta,2,186.0,particular,4294,Barcelona,online,mensual,1,148,False,531.66,True
AUTO304936,72,49,todoterreno,7,278.0,particular,5724,Baleares,agente,anual,0,95,False,480.44,False
AUTO303248,21,2,turismo,3,75.0,mixto,19882,Lleida,online,anual,1,32,False,426.09,False
AUTO300231,52,32,furgoneta,15,277.0,particular,10497,Girona,correduria,mensual,0,91,False,535.78,False
AUTO302349,32,9,turismo,7,258.0,particular,7734,Malaga,online,mensual,0,148,False,452.32,False
AUTO302800,32,11,turismo,9,272.0,particular,3614,Baleares,online,mensual,0,109,False,604.21,False
AUTO302715,21,1,furgoneta,4,174.0,particular,25047,A Coruna,agente,mensual,1,63,False,572.46,False
AUTO300450,64,44,turismo,16,161.0,particular,33616,Madrid,correduria,mensual,0,81,False,377.21,True
AUTO301823,70,50,turismo,11,296.0,mixto,4784,Girona,online,anual,2,15,False,688.56,True
AUTO302649,70,52,moto,9,132.0,particular,5433,Vizcaya,online,anual,0,171,False,401.77,False
AUTO300185,59,38,turismo,14,224.0,particular,29505,Malaga,agente,anual,0,114,False,487.99,False
AUTO301682,25,4,turismo,3,183.0,mixto,36509,Cantabria,correduria,anual,2,136,False,679.97,False
AUTO302963,59,37,turismo,6,277.0,particular,23777,Baleares,telefono,anual,0,120,False,513.96,False
AUTO304045,23,2,turismo,0,276.0,particular,11701,Baleares,online,anual,1,95,False,673.83,False
AUTO303412,73,52,turismo,7,104.0,particular,16787,Vizcaya,online,mensual,0,91,False,332.82,False
AUTO302116,65,47,turismo,8,241.0,particular,39220,Cantabria,telefono,anual,0,31,True,473.35,False
AUTO303414,20,1,turismo,13,166.0,mixto,39318,Girona,telefono,mensual,0,137,True,410.63,False
AUTO304493,27,3,todoterreno,3,60.0,particular,35986,Sevilla,correduria,anual,1,97,False,484.84,False
AUTO303176,39,18,turismo,18,66.0,particular,37979,A Coruna,agente,mensual,0,160,True,300.96,True
AUTO301946,19,1,turismo,6,252.0,particular,23851,Alicante,telefono,anual,0,50,False,507.84,False
AUTO303254,22,0,turismo,11,178.0,particular,22519,Lleida,online,mensual,0,31,False,456.92,False
AUTO302214,34,15,moto,1,217.0,mixto,33762,Cantabria,agente,anual,0,125,True,534.45,False
AUTO300013,32,13,turismo,5,118.0,particular,25682,Tarragona,telefono,mensual,0,149,False,408.06,False
AUTO302011,47,26,turismo,15,298.0,particular,3743,Cantabria,agente,mensual,0,165,False,486.79,False
AUTO302271,59,37,turismo,12,123.0,particular,26324,Vizcaya,agente,mensual,0,17,False,232.67,False
AUTO304728,47,23,turismo,3,134.0,particular,35889,Cantabria,correduria,mensual,0,46,False,398.14,False
AUTO301822,61,42,todoterreno,17,168.0,particular,33842,Madrid,agente,mensual,0,9,False,343.61,True
AUTO301262,78,58,moto,5,279.0,mixto,22849,Alicante,telefono,mensual,0,68,False,473.19,False
AUTO300228,44,23,turismo,6,67.0,particular,4870,Tarragona,correduria,anual,1,30,False,420.01,False
AUTO300744,58,34,turismo,17,286.0,particular,19772,Alicante,online,anual,0,31,False,565.94,False
AUTO304363,48,26,turismo,11,144.0,particular,3828,Cantabria,correduria,mensual,0,54,False,382.64,False
AUTO302893,40,22,turismo,15,82.0,particular,31248,Cantabria,online,mensual,0,34,False,406.88,False
AUTO303702,39,15,turismo,14,272.0,mixto,14219,Cantabria,agente,mensual,0,149,False,596.03,False
AUTO301618,28,6,turismo,3,271.0,particular,23925,Zaragoza,agente,mensual,0,159,False,526.69,False
AUTO302020,22,0,furgoneta,7,259.0,mixto,8969,Alicante,telefono,mensual,0,78,False,571.17,True
AUTO304787,65,42,turismo,1,67.0,particular,28888,Baleares,correduria,mensual,0,170,True,261.08,False
AUTO304021,56,33,turismo,13,256.0,particular,37604,Sevilla,correduria,anual,0,142,True,429.55,True
AUTO301421,61,42,furgoneta,10,173.0,particular,10538,Madrid,correduria,anual,0,71,False,385.19,False
AUTO300116,64,46,furgoneta,5,182.0,particular,39619,Alicante,online,anual,0,99,False,324.77,False
AUTO301486,37,18,moto,16,,particular,30333,Vizcaya,agente,mensual,1,88,False,585.28,True
AUTO302605,22,0,turismo,8,100.0,particular,24006,Tarragona,agente,mensual,0,161,False,380.21,True
AUTO303281,47,29,turismo,9,79.0,particular,3063,Cantabria,online,mensual,1,59,True,388.73,False
AUTO300297,70,50,turismo,3,153.0,mixto,39412,A Coruna,online,mensual,0,55,False,281.28,False
AUTO303313,31,7,turismo,13,268.0,particular,20081,Valencia,agente,mensual,0,112,False,590.61,False
AUTO300047,41,23,turismo,10,274.0,particular,33500,Girona,telefono,mensual,1,69,False,689.53,False
AUTO304006,23,0,turismo,9,285.0,particular,25940,Malaga,agente,mensual,0,62,False,574.78,False
AUTO301760,78,59,turismo,9,89.0,particular,34508,A Coruna,correduria,mensual,0,160,False,186.39,False
AUTO303548,50,32,furgoneta,16,121.0,particular,21009,Baleares,online,mensual,1,47,False,464.34,False
AUTO304360,22,4,turismo,12,226.0,particular,26544,Vizcaya,correduria,anual,0,35,True,531.56,False
AUTO303771,25,6,turismo,14,109.0,mixto,8671,Malaga,correduria,anual,0,25,True,361.41,False
AUTO304550,57,33,turismo,17,81.0,particular,17287,Madrid,correduria,anual,0,113,False,310.1,False
AUTO304530,40,21,moto,19,141.0,particular,23039,Lleida,telefono,anual,0,166,False,399.62,False
AUTO304701,64,40,furgoneta,9,67.0,particular,26034,Vizcaya,online,mensual,1,26,False,404.56,False
AUTO302683,66,47,turismo,9,136.0,particular,34230,Alicante,online,mensual,0,60,False,368.55,False
AUTO304058,57,35,turismo,12,217.0,mixto,21015,Tarragona,telefono,mensual,1,134,False,595.28,False
AUTO303120,48,24,todoterreno,6,179.0,particular,21627,Madrid,correduria,anual,0,27,False,410.71,False
AUTO301928,21,0,turismo,4,256.0,particular,17179,Girona,correduria,anual,0,59,False,572.75,False
AUTO300743,71,51,turismo,11,259.0,mixto,38502,Sevilla,correduria,anual,0,41,False,349.77,False
AUTO300416,73,55,turismo,9,261.0,particular,7519,Girona,agente,anual,0,9,False,403.2,False
AUTO303465,27,5,todoterreno,11,91.0,mixto,25622,A Coruna,agente,mensual,0,140,False,433.36,False
AUTO300202,21,0,moto,12,189.0,particular,22127,Asturias,correduria,mensual,0,29,False,514.15,False
AUTO303518,55,32,furgoneta,0,277.0,particular,38607,Valencia,correduria,mensual,0,70,False,459.68,False
AUTO300316,62,40,furgoneta,17,177.0,mixto,4135,Girona,correduria,anual,0,64,False,398.44,True
AUTO302367,24,2,turismo,10,172.0,mixto,6036,Alicante,telefono,mensual,0,71,False,389.35,False
AUTO300378,46,23,furgoneta,4,96.0,particular,11044,Alicante,agente,mensual,0,67,False,266.59,False
AUTO302517,40,16,turismo,14,214.0,particular,27605,Alicante,telefono,anual,1,32,False,539.12,False
AUTO304305,55,33,turismo,4,107.0,particular,13664,Sevilla,correduria,mensual,0,18,False,310.44,False
AUTO303338,28,9,turismo,1,243.0,particular,5276,Vizcaya,agente,mensual,1,117,False,665.96,False
AUTO300575,65,43,turismo,16,172.0,particular,17224,Cantabria,agente,anual,1,102,False,523.05,False
AUTO303908,73,53,moto,19,94.0,particular,29529,Asturias,telefono,mensual,0,90,False,344.69,False
AUTO302137,79,61,turismo,18,169.0,particular,15029,Madrid,correduria,mensual,1,151,False,448.93,False
AUTO303542,62,42,todoterreno,17,79.0,particular,6296,Barcelona,agente,mensual,0,152,False,241.91,False
AUTO301497,57,37,furgoneta,5,146.0,particular,18254,Asturias,online,mensual,0,19,False,389.04,False
AUTO302320,27,3,furgoneta,7,226.0,particular,28292,Asturias,agente,mensual,1,89,False,635.84,False
AUTO301352,53,35,turismo,5,135.0,mixto,29628,Valencia,agente,anual,0,63,False,362.24,False
AUTO303967,30,9,todoterreno,15,216.0,particular,20366,Vizcaya,correduria,mensual,1,34,False,691.42,False
AUTO302668,73,54,turismo,18,203.0,particular,36160,Zaragoza,telefono,anual,1,90,False,569.74,False
AUTO303708,47,25,turismo,9,227.0,particular,15171,A Coruna,online,anual,0,105,False,501.67,True
AUTO301526,18,0,turismo,1,83.0,mixto,18101,Madrid,correduria,anual,0,80,False,340.12,False
AUTO300182,39,21,turismo,2,267.0,particular,32627,A Coruna,telefono,mensual,1,55,True,583.56,False
AUTO300768,43,25,turismo,0,266.0,particular,15349,Asturias,correduria,anual,0,147,False,490.8,False
AUTO301122,44,26,todoterreno,6,196.0,mixto,29310,Madrid,online,anual,1,51,False,492.16,False
AUTO304604,68,45,turismo,9,298.0,particular,19141,Vizcaya,telefono,mensual,1,116,False,638.29,False
AUTO304118,60,38,turismo,7,299.0,particular,21957,Alicante,agente,anual,1,13,False,626.71,False
AUTO301119,24,1,moto,10,294.0,particular,11715,Tarragona,agente,mensual,0,10,False,620.43,False
AUTO302401,44,22,turismo,17,141.0,mixto,11723,A Coruna,agente,mensual,0,35,False,356.43,False
AUTO304643,47,27,moto,10,81.0,particular,10886,Valencia,online,mensual,0,130,False,322.47,False
AUTO301288,44,22,furgoneta,19,261.0,particular,24287,Baleares,correduria,mensual,0,170,False,551.54,True
AUTO301363,40,22,turismo,18,208.0,mixto,39967,Zaragoza,online,anual,1,127,False,592.63,False
AUTO304515,58,37,turismo,18,206.0,particular,13463,Sevilla,online,mensual,0,11,False,500.6,False
AUTO304181,75,54,todoterreno,3,102.0,mixto,38758,Vizcaya,telefono,anual,1,87,False,369.1,False
AUTO300369,56,33,turismo,1,153.0,particular,17411,Madrid,agente,mensual,1,160,False,471.58,False
AUTO301293,77,53,furgoneta,19,220.0,particular,36045,Valencia,agente,anual,0,54,False,432.34,False
AUTO302466,35,15,todoterreno,12,200.0,particular,6464,Madrid,correduria,anual,0,52,False,477.43,False
AUTO302449,26,6,turismo,1,226.0,mixto,35490,Alicante,online,mensual,0,124,False,483.74,False
AUTO304829,27,6,todoterreno,4,113.0,particular,38676,Girona,online,anual,0,178,False,392.79,False
AUTO303067,60,37,turismo,11,237.0,particular,13431,Tarragona,telefono,anual,2,166,False,742.66,False
AUTO304325,31,9,turismo,6,172.0,particular,7182,Sevilla,correduria,anual,0,179,False,448.01,False
AUTO300789,60,41,turismo,15,143.0,mixto,37050,Cantabria,correduria,anual,0,172,False,391.25,False
AUTO300249,59,38,turismo,15,287.0,particular,17490,Tarragona,telefono,mensual,0,139,False,579.43,False
AUTO300364,75,57,turismo,0,235.0,particular,30773,Girona,telefono,mensual,0,97,False,400.24,False
AUTO304005,40,17,moto,18,170.0,particular,14762,Lleida,correduria,mensual,0,70,False,498.45,False
AUTO303141,19,0,furgoneta,4,92.0,particular,7590,Madrid,correduria,mensual,2,97,False,551.76,False
AUTO302562,49,28,furgoneta,16,114.0,particular,28544,Tarragona,agente,anual,0,96,False,410.08,False
AUTO301043,19,0,turismo,2,203.0,particular,22548,Zaragoza,online,mensual,0,124,True,463.96,True
AUTO304284,69,49,turismo,14,186.0,mixto,18911,A Coruna,correduria,anual,1,36,False,518.49,False
AUTO301136,18,0,turismo,13,298.0,particular,31582,Baleares,correduria,anual,0,88,False,671.9,False
AUTO303379,39,20,furgoneta,6,282.0,particular,2492,Zaragoza,correduria,mensual,0,27,False,563.97,False
AUTO300478,20,2,furgoneta,11,259.0,particular,37286,Lleida,agente,anual,0,163,False,557.67,False
AUTO302300,60,36,turismo,14,212.0,mixto,10423,Madrid,correduria,mensual,0,147,False,425.39,False
AUTO304430,62,44,turismo,6,90.0,particular,34382,Alicante,correduria,anual,0,90,False,289.78,False
AUTO303489,74,55,turismo,18,65.0,particular,23759,Barcelona,agente,mensual,0,175,False,238.66,True
AUTO303115,47,27,turismo,13,169.0,particular,18542,Lleida,correduria,anual,0,73,False,411.96,False
AUTO300910,51,28,turismo,17,97.0,particular,16699,Baleares,telefono,anual,2,128,False,575.98,False
AUTO301487,66,48,turismo,11,161.0,particular,39201,Girona,agente,anual,0,62,False,382.74,False
AUTO300724,37,14,furgoneta,18,200.0,mixto,11633,Cantabria,agente,mensual,1,115,False,587.14,False
AUTO302336,76,52,turismo,0,207.0,particular,33617,Girona,agente,mensual,0,154,False,325.21,False
AUTO303778,61,40,moto,11,146.0,particular,14466,Madrid,online,anual,0,87,False,353.51,False
AUTO303872,21,0,turismo,10,166.0,particular,27863,A Coruna,agente,anual,0,143,False,501.79,False
AUTO303463,41,19,turismo,7,212.0,particular,13454,Madrid,agente,anual,0,50,True,493.99,True
AUTO301550,49,31,moto,2,293.0,particular,37542,Tarragona,online,mensual,0,20,False,546.93,False
AUTO303980,26,7,todoterreno,10,77.0,particular,19553,Madrid,online,mensual,1,80,True,432.13,False
AUTO300139,50,29,moto,15,233.0,particular,34398,Vizcaya,telefono,anual,0,74,True,494.32,False
AUTO304171,71,47,moto,5,279.0,particular,33085,Barcelona,online,mensual,1,5,True,559.13,False
AUTO301103,72,49,turismo,13,179.0,particular,17438,Alicante,telefono,anual,2,66,False,559.32,False
AUTO300534,71,52,turismo,13,256.0,particular,23102,Madrid,correduria,mensual,0,100,False,426.71,False
AUTO301082,40,17,turismo,15,299.0,particular,30612,Sevilla,agente,mensual,0,120,False,609.89,False
AUTO300365,24,0,todoterreno,9,242.0,particular,19652,Cantabria,agente,mensual,0,88,False,586.68,False
AUTO301312,19,1,moto,19,258.0,particular,32470,Cantabria,agente,mensual,0,39,False,629.71,False
AUTO303366,37,14,moto,6,75.0,particular,4707,Valencia,online,anual,1,151,False,371.7,False
AUTO300073,28,6,moto,14,295.0,particular,35847,Asturias,telefono,anual,0,14,False,636.13,False
AUTO300259,44,26,turismo,3,271.0,particular,28465,Malaga,online,mensual,0,166,False,508.84,False
AUTO301335,40,16,turismo,9,135.0,particular,7726,Madrid,online,anual,1,107,False,443.28,False
AUTO303288,50,31,turismo,15,62.0,particular,13974,Cantabria,agente,mensual,0,179,False,431.91,False
AUTO300291,26,8,turismo,15,176.0,mixto,17734,Zaragoza,telefono,mensual,0,145,True,472.56,True
AUTO302274,18,0,turismo,6,175.0,mixto,28834,Madrid,online,mensual,1,3,False,477.38,False
AUTO301491,31,12,turismo,8,196.0,particular,3812,Girona,correduria,mensual,1,35,False,583.45,False
AUTO303721,31,11,moto,11,269.0,particular,15971,Girona,telefono,mensual,0,63,False,555.1,False
AUTO301957,75,53,turismo,1,143.0,particular,13994,A Coruna,correduria,mensual,2,65,False,483.72,False
AUTO302529,70,49,furgoneta,7,142.0,particular,15775,A Coruna,correduria,mensual,1,38,False,408.8,False
AUTO304388,37,17,todoterreno,3,286.0,particular,13637,Valencia,online,mensual,0,67,False,637.19,False
AUTO300975,43,24,turismo,8,75.0,particular,19477,Baleares,online,anual,0,42,True,324.92,True
AUTO301984,49,29,turismo,14,246.0,particular,38111,Barcelona,online,mensual,1,140,False,544.8,False
AUTO301269,69,51,turismo,9,93.0,particular,34119,Malaga,telefono,mensual,0,46,False,298.95,False
AUTO304392,67,47,turismo,4,241.0,mixto,11610,Zaragoza,online,anual,0,62,False,387.06,False
AUTO301273,45,21,turismo,0,235.0,particular,28764,Sevilla,online,anual,2,164,False,621.14,False
AUTO304022,23,2,turismo,3,106.0,particular,25403,Cantabria,agente,anual,1,147,False,484.92,False
AUTO303423,77,53,moto,15,243.0,particular,38591,Lleida,telefono,anual,2,158,False,568.22,False
AUTO302409,27,6,todoterreno,6,243.0,particular,28665,Vizcaya,telefono,mensual,0,58,False,552.88,False
AUTO304756,71,49,furgoneta,0,81.0,particular,23418,Valencia,agente,anual,0,118,False,282.76,False
AUTO303119,39,18,turismo,1,253.0,particular,23186,Baleares,online,mensual,1,102,True,606.88,False
AUTO303188,27,4,turismo,2,249.0,particular,10300,Alicante,agente,mensual,2,130,False,712.51,False
AUTO300201,30,12,moto,17,291.0,particular,27116,Tarragona,online,mensual,1,142,False,686.56,False
AUTO301786,72,49,turismo,5,209.0,mixto,31235,Tarragona,online,anual,0,20,False,438.65,False
AUTO301852,69,46,todoterreno,2,293.0,particular,36849,Malaga,online,mensual,0,179,False,525.23,False
AUTO303396,76,55,turismo,3,60.0,particular,20398,Valencia,online,anual,0,35,False,180.0,False
AUTO304513,47,29,moto,18,72.0,particular,11266,Alicante,telefono,mensual,0,9,False,336.21,False
AUTO300916,67,45,turismo,10,286.0,mixto,29207,Lleida,online,mensual,0,74,False,579.13,False
AUTO304719,62,42,turismo,19,111.0,particular,33604,Vizcaya,correduria,mensual,0,69,False,397.98,False
AUTO301159,65,45,turismo,6,117.0,particular,8161,Alicante,agente,mensual,0,11,False,322.53,False
AUTO302656,78,59,turismo,10,216.0,particular,39007,Lleida,agente,anual,2,166,False,640.77,False
AUTO304857,58,34,moto,17,274.0,particular,10252,Lleida,online,mensual,0,171,False,505.22,True
AUTO301051,71,53,turismo,0,158.0,particular,23341,A Coruna,online,anual,0,85,False,260.26,False
AUTO304534,70,47,turismo,1,151.0,particular,29065,Barcelona,agente,anual,0,33,True,334.56,False
AUTO302690,52,33,turismo,19,63.0,particular,34715,Asturias,correduria,mensual,0,35,False,299.66,False
AUTO300028,57,38,turismo,9,258.0,mixto,6557,Sevilla,online,anual,0,66,False,452.7,False
AUTO301989,36,13,turismo,13,259.0,particular,35315,Girona,telefono,anual,0,53,False,549.01,False
AUTO301459,32,11,turismo,16,119.0,mixto,14633,Cantabria,online,mensual,1,41,False,456.25,True
AUTO302125,70,51,turismo,16,60.0,particular,13300,Lleida,correduria,mensual,0,53,False,259.45,False
AUTO300794,79,60,moto,11,227.0,particular,7730,Asturias,telefono,mensual,0,17,False,379.0,False
AUTO302305,25,3,moto,17,137.0,particular,7544,Lleida,online,mensual,0,117,False,428.82,False
